attribute_index,attribute_id,raw_attribute_name,attribute_phrase,attribute_prompt,clip_readable_subset,condition,visible,positive,negative,positive_prevalence,pair_count,ranking_accuracy,precision_at_1,precision_at_5,precision_at_10
0,1,has_bill_shape::curved_(up_or_down),curved up or down bill,a photo of a bird with curved up or down bill.,False,native_source,5670,119,5551,0.020987654320987655,660569,0.446699739164266,0.0,0.0,0.0
1,2,has_bill_shape::dagger,dagger bill,a photo of a bird with dagger bill.,True,native_source,5670,786,4884,0.13862433862433862,3838824,0.5708115297809955,0.0,0.0,0.2
2,3,has_bill_shape::hooked,hooked bill,a photo of a bird with hooked bill.,True,native_source,5670,95,5575,0.01675485008818342,529625,0.526142081661553,0.0,0.0,0.0
3,4,has_bill_shape::needle,needle bill,a photo of a bird with needle bill.,True,native_source,5670,149,5521,0.026278659611992945,822629,0.41011926396954157,0.0,0.0,0.0
4,5,has_bill_shape::hooked_seabird,hooked seabird bill,a photo of a bird with hooked seabird bill.,False,native_source,5670,373,5297,0.06578483245149912,1975781,0.8901153518532672,0.0,0.2,0.5
5,6,has_bill_shape::spatulate,spatulate bill,a photo of a bird with spatulate bill.,False,native_source,5670,224,5446,0.03950617283950617,1219904,0.39270877052620534,0.0,0.0,0.0
6,7,has_bill_shape::all-purpose,all purpose bill,a photo of a bird with all purpose bill.,False,native_source,5670,2337,3333,0.4121693121693122,7789221,0.4477958065382918,1.0,0.4,0.2
7,8,has_bill_shape::cone,cone bill,a photo of a bird with cone bill.,True,native_source,5670,1468,4202,0.2589065255731922,6168536,0.5414289549416588,0.0,0.4,0.4
8,9,has_bill_shape::specialized,specialized bill,a photo of a bird with specialized bill.,False,native_source,5670,119,5551,0.020987654320987655,660569,0.4495911857807436,0.0,0.2,0.1
9,10,has_wing_color::blue,blue wing,a photo of a bird with blue wing.,True,native_source,5349,296,5053,0.05533744625163582,1495688,0.8919079380191591,1.0,0.8,0.8
10,11,has_wing_color::brown,brown wing,a photo of a bird with brown wing.,True,native_source,5349,1557,3792,0.29108244531688166,5904144,0.6797912618662417,1.0,0.6,0.6
11,12,has_wing_color::iridescent,iridescent wing,a photo of a bird with iridescent wing.,False,native_source,5349,112,5237,0.020938493176294634,586544,0.6905594465206362,0.0,0.0,0.1
12,13,has_wing_color::purple,purple wing,a photo of a bird with purple wing.,False,native_source,5349,26,5323,0.004860721630211255,138398,0.6863610745820027,0.0,0.0,0.0
13,14,has_wing_color::rufous,rufous wing,a photo of a bird with rufous wing.,False,native_source,5349,69,5280,0.012899607403252944,364320,0.6076114404918753,0.0,0.0,0.0
14,15,has_wing_color::grey,grey wing,a photo of a bird with grey wing.,True,native_source,5349,1768,3581,0.3305290708543653,6331208,0.5716935851736351,1.0,0.4,0.6
15,16,has_wing_color::yellow,yellow wing,a photo of a bird with yellow wing.,True,native_source,5349,546,4803,0.10207515423443635,2622438,0.8349905698437866,0.0,0.4,0.3
16,17,has_wing_color::olive,olive wing,a photo of a bird with olive wing.,False,native_source,5349,210,5139,0.03925967470555244,1079190,0.7661384927584577,1.0,0.4,0.3
17,18,has_wing_color::green,green wing,a photo of a bird with green wing.,False,native_source,5349,95,5254,0.0177603290334642,499130,0.705890249033318,0.0,0.2,0.1
18,19,has_wing_color::pink,pink wing,a photo of a bird with pink wing.,False,native_source,5349,25,5324,0.004673770798280052,133100,0.495732531930879,0.0,0.0,0.0
19,20,has_wing_color::orange,orange wing,a photo of a bird with orange wing.,False,native_source,5349,144,5205,0.0269209197980931,749520,0.7282821005443484,0.0,0.2,0.1
20,21,has_wing_color::black,black wing,a photo of a bird with black wing.,True,native_source,5349,2461,2888,0.46008599738268835,7107368,0.5676660474032018,1.0,1.0,0.9
21,22,has_wing_color::white,white wing,a photo of a bird with white wing.,True,native_source,5349,1510,3839,0.28229575621611513,5796890,0.5903308498177471,1.0,0.4,0.6
22,23,has_wing_color::red,red wing,a photo of a bird with red wing.,True,native_source,5349,122,5227,0.022808001495606654,637694,0.8035013658588602,0.0,0.2,0.1
23,24,has_wing_color::buff,buff wing,a photo of a bird with buff wing.,False,native_source,5349,1058,4291,0.19779398018321181,4539878,0.5254751339132901,0.0,0.0,0.1
24,25,has_upperparts_color::blue,blue upperparts,a photo of a bird with blue upperparts.,False,native_source,5050,301,4749,0.0596039603960396,1429449,0.9040644332186738,1.0,1.0,1.0
25,26,has_upperparts_color::brown,brown upperparts,a photo of a bird with brown upperparts.,False,native_source,5050,1383,3667,0.2738613861386139,5071461,0.7140515326845657,0.0,0.6,0.4
26,27,has_upperparts_color::iridescent,iridescent upperparts,a photo of a bird with iridescent upperparts.,False,native_source,5050,149,4901,0.029504950495049503,730249,0.6441405602746461,0.0,0.4,0.3
27,28,has_upperparts_color::purple,purple upperparts,a photo of a bird with purple upperparts.,False,native_source,5050,31,5019,0.006138613861386139,155589,0.6774450635970409,0.0,0.0,0.0
28,29,has_upperparts_color::rufous,rufous upperparts,a photo of a bird with rufous upperparts.,False,native_source,5050,70,4980,0.013861386138613862,348600,0.6298709122203098,0.0,0.0,0.0
29,30,has_upperparts_color::grey,grey upperparts,a photo of a bird with grey upperparts.,False,native_source,5050,1711,3339,0.33881188118811884,5713029,0.6366518531588059,1.0,1.0,0.7
30,31,has_upperparts_color::yellow,yellow upperparts,a photo of a bird with yellow upperparts.,False,native_source,5050,543,4507,0.10752475247524752,2447301,0.8747309791480492,1.0,0.6,0.6
31,32,has_upperparts_color::olive,olive upperparts,a photo of a bird with olive upperparts.,False,native_source,5050,223,4827,0.044158415841584156,1076421,0.644753307488427,1.0,0.4,0.3
32,33,has_upperparts_color::green,green upperparts,a photo of a bird with green upperparts.,False,native_source,5050,108,4942,0.021386138613861388,533736,0.8200008993210126,0.0,0.4,0.5
33,34,has_upperparts_color::pink,pink upperparts,a photo of a bird with pink upperparts.,False,native_source,5050,28,5022,0.005544554455445544,140616,0.5676594413153553,0.0,0.2,0.3
34,35,has_upperparts_color::orange,orange upperparts,a photo of a bird with orange upperparts.,False,native_source,5050,149,4901,0.029504950495049503,730249,0.7496716873285687,0.0,0.0,0.3
35,36,has_upperparts_color::black,black upperparts,a photo of a bird with black upperparts.,False,native_source,5050,2273,2777,0.4500990099009901,6312121,0.6022779031010337,1.0,1.0,1.0
36,37,has_upperparts_color::white,white upperparts,a photo of a bird with white upperparts.,False,native_source,5050,1349,3701,0.26712871287128714,4992649,0.6040091141996964,0.0,0.4,0.5
37,38,has_upperparts_color::red,red upperparts,a photo of a bird with red upperparts.,False,native_source,5050,126,4924,0.024950495049504952,620424,0.8550120562711951,1.0,0.4,0.3
38,39,has_upperparts_color::buff,buff upperparts,a photo of a bird with buff upperparts.,False,native_source,5050,997,4053,0.19742574257425743,4040841,0.582376168723293,1.0,0.4,0.3
39,40,has_underparts_color::blue,blue underparts,a photo of a bird with blue underparts.,False,native_source,5234,174,5060,0.03324417271685136,880440,0.862555086093317,0.0,0.4,0.4
40,41,has_underparts_color::brown,brown underparts,a photo of a bird with brown underparts.,False,native_source,5234,593,4641,0.11329766908674055,2752113,0.6495976000985425,0.0,0.2,0.1
41,42,has_underparts_color::iridescent,iridescent underparts,a photo of a bird with iridescent underparts.,False,native_source,5234,92,5142,0.01757737867787543,473064,0.6969648926995079,0.0,0.0,0.1
42,43,has_underparts_color::purple,purple underparts,a photo of a bird with purple underparts.,False,native_source,5234,24,5210,0.0045854031333588076,125040,0.6743362124120281,0.0,0.2,0.1
43,44,has_underparts_color::rufous,rufous underparts,a photo of a bird with rufous underparts.,False,native_source,5234,88,5146,0.016813144822315627,452848,0.6250596226548423,0.0,0.0,0.0
44,45,has_underparts_color::grey,grey underparts,a photo of a bird with grey underparts.,False,native_source,5234,1081,4153,0.2065341994650363,4489393,0.6586516261775256,1.0,0.6,0.5
45,46,has_underparts_color::yellow,yellow underparts,a photo of a bird with yellow underparts.,False,native_source,5234,866,4368,0.16545662972869699,3782688,0.8994677858707881,1.0,0.6,0.7
46,47,has_underparts_color::olive,olive underparts,a photo of a bird with olive underparts.,False,native_source,5234,132,5102,0.025219717233473445,673464,0.693071938514902,0.0,0.2,0.3
47,48,has_underparts_color::green,green underparts,a photo of a bird with green underparts.,False,native_source,5234,81,5153,0.015475735575085976,417393,0.8571034971837094,0.0,0.2,0.3
48,49,has_underparts_color::pink,pink underparts,a photo of a bird with pink underparts.,False,native_source,5234,24,5210,0.0045854031333588076,125040,0.6538867562380039,0.0,0.2,0.2
49,50,has_underparts_color::orange,orange underparts,a photo of a bird with orange underparts.,False,native_source,5234,189,5045,0.03611004967520061,953505,0.8257869649346359,1.0,0.8,0.6
50,51,has_underparts_color::black,black underparts,a photo of a bird with black underparts.,False,native_source,5234,1024,4210,0.19564386702330913,4311040,0.6538938400014845,1.0,1.0,0.9
51,52,has_underparts_color::white,white underparts,a photo of a bird with white underparts.,False,native_source,5234,2267,2967,0.43312953763851736,6726189,0.6787676498534311,1.0,0.8,0.7
52,53,has_underparts_color::red,red underparts,a photo of a bird with red underparts.,False,native_source,5234,211,5023,0.04031333588077952,1059853,0.8961525796501968,1.0,0.6,0.7
53,54,has_underparts_color::buff,buff underparts,a photo of a bird with buff underparts.,False,native_source,5234,1053,4181,0.20118456247611768,4402593,0.5599495569997045,0.0,0.4,0.6
54,55,has_breast_pattern::solid,solid breast,a photo of a bird with solid breast.,True,native_source,5265,3154,2111,0.5990503323836657,6658094,0.5037683457157559,0.0,0.6,0.7
55,56,has_breast_pattern::spotted,spotted breast,a photo of a bird with spotted breast.,True,native_source,5265,311,4954,0.059069325735992405,1540694,0.6529301081201069,1.0,0.4,0.2
56,57,has_breast_pattern::striped,striped breast,a photo of a bird with striped breast.,True,native_source,5265,682,4583,0.1295346628679962,3125606,0.6431946316970213,1.0,0.2,0.2
57,58,has_breast_pattern::multi-colored,multi colored breast,a photo of a bird with multi colored breast.,True,native_source,5265,1118,4147,0.2123456790123457,4636346,0.5789426630367966,0.0,0.4,0.4
58,59,has_back_color::blue,blue back,a photo of a bird with blue back.,False,native_source,4530,249,4281,0.05496688741721854,1065969,0.9163080727488323,1.0,1.0,0.9
59,60,has_back_color::brown,brown back,a photo of a bird with brown back.,True,native_source,4530,1105,3425,0.24392935982339956,3784625,0.6912596360273475,0.0,0.2,0.3
60,61,has_back_color::iridescent,iridescent back,a photo of a bird with iridescent back.,False,native_source,4530,102,4428,0.022516556291390728,451656,0.684932780700356,0.0,0.2,0.1
61,62,has_back_color::purple,purple back,a photo of a bird with purple back.,False,native_source,4530,17,4513,0.0037527593818984547,76721,0.6208730334588966,0.0,0.0,0.0
62,63,has_back_color::rufous,rufous back,a photo of a bird with rufous back.,False,native_source,4530,57,4473,0.012582781456953643,254961,0.5709088841038433,0.0,0.0,0.0
63,64,has_back_color::grey,grey back,a photo of a bird with grey back.,True,native_source,4530,1427,3103,0.3150110375275938,4427981,0.6610854924625919,1.0,0.8,0.8
64,65,has_back_color::yellow,yellow back,a photo of a bird with yellow back.,True,native_source,4530,422,4108,0.09315673289183223,1733576,0.8733764772931789,1.0,0.6,0.5
65,66,has_back_color::olive,olive back,a photo of a bird with olive back.,False,native_source,4530,196,4334,0.04326710816777042,849464,0.6138035278716932,1.0,0.6,0.3
66,67,has_back_color::green,green back,a photo of a bird with green back.,False,native_source,4530,87,4443,0.019205298013245033,386541,0.8389317045281096,0.0,0.2,0.3
67,68,has_back_color::pink,pink back,a photo of a bird with pink back.,False,native_source,4530,20,4510,0.004415011037527594,90200,0.5620620842572062,0.0,0.0,0.1
68,69,has_back_color::orange,orange back,a photo of a bird with orange back.,False,native_source,4530,94,4436,0.02075055187637969,416984,0.6960135161061336,1.0,0.4,0.3
69,70,has_back_color::black,black back,a photo of a bird with black back.,True,native_source,4530,1663,2867,0.36710816777041944,4767821,0.6265302325737481,1.0,0.8,0.9
70,71,has_back_color::white,white back,a photo of a bird with white back.,True,native_source,4530,893,3637,0.19713024282560707,3247841,0.6500047262165851,0.0,0.6,0.7
71,72,has_back_color::red,red back,a photo of a bird with red back.,False,native_source,4530,103,4427,0.022737306843267108,455981,0.8495989964494135,1.0,0.8,0.8
72,73,has_back_color::buff,buff back,a photo of a bird with buff back.,False,native_source,4530,841,3689,0.1856512141280353,3102449,0.4908417511456272,0.0,0.2,0.2
73,74,has_tail_shape::forked_tail,forked tail,a photo of a bird with forked tail.,True,native_source,4586,198,4388,0.043174880069777585,868824,0.5205358047199433,0.0,0.2,0.2
74,75,has_tail_shape::rounded_tail,rounded tail,a photo of a bird with rounded tail.,True,native_source,4586,652,3934,0.14217182730047973,2564968,0.49315839417879676,0.0,0.0,0.1
75,76,has_tail_shape::notched_tail,notched tail,a photo of a bird with notched tail.,True,native_source,4586,1715,2871,0.373964238988225,4923765,0.5208100914645601,0.0,0.2,0.2
76,77,has_tail_shape::fan-shaped_tail,fan shaped tail,a photo of a bird with fan shaped tail.,True,native_source,4586,436,4150,0.09507195813344962,1809400,0.4708676909472753,0.0,0.0,0.0
77,78,has_tail_shape::pointed_tail,pointed tail,a photo of a bird with pointed tail.,True,native_source,4586,1048,3538,0.2285215874400349,3707824,0.49959126970427936,0.0,0.2,0.2
78,79,has_tail_shape::squared_tail,squared tail,a photo of a bird with squared tail.,True,native_source,4586,537,4049,0.11709550806803315,2174313,0.5081515402796194,0.0,0.0,0.0
79,80,has_upper_tail_color::blue,blue upper tail,a photo of a bird with blue upper tail.,False,native_source,3855,214,3641,0.05551232166018158,779174,0.9149034747052648,1.0,0.8,0.8
80,81,has_upper_tail_color::brown,brown upper tail,a photo of a bird with brown upper tail.,False,native_source,3855,828,3027,0.21478599221789882,2506356,0.6805320154040367,0.0,0.2,0.5
81,82,has_upper_tail_color::iridescent,iridescent upper tail,a photo of a bird with iridescent upper tail.,False,native_source,3855,63,3792,0.01634241245136187,238896,0.656938584153774,0.0,0.0,0.1
82,83,has_upper_tail_color::purple,purple upper tail,a photo of a bird with purple upper tail.,False,native_source,3855,16,3839,0.004150453955901427,61424,0.505421333680646,0.0,0.0,0.0
83,84,has_upper_tail_color::rufous,rufous upper tail,a photo of a bird with rufous upper tail.,False,native_source,3855,40,3815,0.010376134889753566,152600,0.6003211009174312,0.0,0.0,0.0
84,85,has_upper_tail_color::grey,grey upper tail,a photo of a bird with grey upper tail.,False,native_source,3855,1070,2785,0.2775616083009079,2979950,0.609973825064179,1.0,0.8,0.5
85,86,has_upper_tail_color::yellow,yellow upper tail,a photo of a bird with yellow upper tail.,False,native_source,3855,258,3597,0.0669260700389105,928026,0.8417770622805827,0.0,0.4,0.5
86,87,has_upper_tail_color::olive,olive upper tail,a photo of a bird with olive upper tail.,False,native_source,3855,131,3724,0.03398184176394293,487844,0.6524052770967769,1.0,0.2,0.2
87,88,has_upper_tail_color::green,green upper tail,a photo of a bird with green upper tail.,False,native_source,3855,46,3809,0.011932555123216601,175214,0.7759026105219903,0.0,0.2,0.1
88,89,has_upper_tail_color::pink,pink upper tail,a photo of a bird with pink upper tail.,False,native_source,3855,29,3826,0.007522697795071336,110954,0.5137985110946879,0.0,0.0,0.1
89,90,has_upper_tail_color::orange,orange upper tail,a photo of a bird with orange upper tail.,False,native_source,3855,87,3768,0.022568093385214007,327816,0.681970983722576,0.0,0.0,0.1
90,91,has_upper_tail_color::black,black upper tail,a photo of a bird with black upper tail.,False,native_source,3855,1480,2375,0.383916990920882,3515000,0.5751190611664296,1.0,0.8,0.8
91,92,has_upper_tail_color::white,white upper tail,a photo of a bird with white upper tail.,False,native_source,3855,730,3125,0.1893644617380026,2281250,0.5639081643835616,0.0,0.4,0.3
92,93,has_upper_tail_color::red,red upper tail,a photo of a bird with red upper tail.,False,native_source,3855,83,3772,0.02153047989623865,313076,0.8402528459543369,0.0,0.2,0.2
93,94,has_upper_tail_color::buff,buff upper tail,a photo of a bird with buff upper tail.,False,native_source,3855,631,3224,0.16368352788586252,2034344,0.5478237702178196,0.0,0.2,0.1
94,95,has_head_pattern::spotted,spotted head,a photo of a bird with spotted head.,False,native_source,5592,159,5433,0.028433476394849784,863847,0.5673545199555013,0.0,0.0,0.1
95,96,has_head_pattern::malar,malar head,a photo of a bird with malar head.,False,native_source,5592,558,5034,0.09978540772532189,2808972,0.4785836241870691,0.0,0.0,0.0
96,97,has_head_pattern::crested,crested head,a photo of a bird with crested head.,True,native_source,5592,227,5365,0.040593705293276106,1217855,0.7297477942776439,0.0,0.4,0.4
97,98,has_head_pattern::masked,masked head,a photo of a bird with masked head.,True,native_source,5592,252,5340,0.045064377682403435,1345680,0.5620132572379763,0.0,0.0,0.0
98,99,has_head_pattern::unique_pattern,unique pattern head,a photo of a bird with unique pattern head.,False,native_source,5592,185,5407,0.0330829756795422,1000295,0.5124323324619238,0.0,0.0,0.0
99,100,has_head_pattern::eyebrow,eyebrow head,a photo of a bird with eyebrow head.,False,native_source,5592,708,4884,0.12660944206008584,3457872,0.4730331255754985,0.0,0.0,0.0
100,101,has_head_pattern::eyering,eyering head,a photo of a bird with eyering head.,True,native_source,5592,926,4666,0.1655937052932761,4320716,0.5357929102491347,0.0,0.2,0.4
101,102,has_head_pattern::plain,plain head,a photo of a bird with plain head.,True,native_source,5592,1537,4055,0.2748569384835479,6232535,0.5551584547860542,1.0,0.6,0.6
102,103,has_head_pattern::eyeline,eyeline head,a photo of a bird with eyeline head.,True,native_source,5592,670,4922,0.1198140200286123,3297740,0.5185096459999878,0.0,0.0,0.2
103,104,has_head_pattern::striped,striped head,a photo of a bird with striped head.,True,native_source,5592,392,5200,0.07010014306151645,2038400,0.6573339383830455,0.0,0.4,0.4
104,105,has_head_pattern::capped,capped head,a photo of a bird with capped head.,True,native_source,5592,668,4924,0.11945636623748211,3289232,0.5438286201763816,0.0,0.4,0.4
105,106,has_breast_color::blue,blue breast,a photo of a bird with blue breast.,False,native_source,5317,178,5139,0.033477524920067704,914742,0.8797650047773033,0.0,0.2,0.3
106,107,has_breast_color::brown,brown breast,a photo of a bird with brown breast.,True,native_source,5317,639,4678,0.12018055294338913,2989242,0.6393110694952098,0.0,0.2,0.3
107,108,has_breast_color::iridescent,iridescent breast,a photo of a bird with iridescent breast.,False,native_source,5317,90,5227,0.016926838442730862,470430,0.6860319282358693,0.0,0.6,0.4
108,109,has_breast_color::purple,purple breast,a photo of a bird with purple breast.,False,native_source,5317,17,5300,0.003197291705849163,90100,0.6522974472807991,0.0,0.0,0.0
109,110,has_breast_color::rufous,rufous breast,a photo of a bird with rufous breast.,False,native_source,5317,77,5240,0.014481850667669738,403480,0.6596336869237632,0.0,0.0,0.2
110,111,has_breast_color::grey,grey breast,a photo of a bird with grey breast.,True,native_source,5317,1084,4233,0.2038743652435584,4588572,0.6797600647870405,1.0,1.0,0.7
111,112,has_breast_color::yellow,yellow breast,a photo of a bird with yellow breast.,True,native_source,5317,794,4523,0.14933233026142562,3591262,0.889752961493759,1.0,0.6,0.7
112,113,has_breast_color::olive,olive breast,a photo of a bird with olive breast.,False,native_source,5317,104,5213,0.019559902200488997,542152,0.6876743053608582,0.0,0.2,0.1
113,114,has_breast_color::green,green breast,a photo of a bird with green breast.,False,native_source,5317,63,5254,0.011848786909911604,331002,0.8368771185672594,0.0,0.4,0.4
114,115,has_breast_color::pink,pink breast,a photo of a bird with pink breast.,False,native_source,5317,25,5292,0.0047018995674252394,132300,0.5742176870748299,0.0,0.0,0.1
115,116,has_breast_color::orange,orange breast,a photo of a bird with orange breast.,True,native_source,5317,170,5147,0.03197291705849163,874990,0.7982194082218083,0.0,0.4,0.5
116,117,has_breast_color::black,black breast,a photo of a bird with black breast.,True,native_source,5317,1176,4141,0.22117735565168328,4869816,0.6162887879131368,1.0,0.8,0.7
117,118,has_breast_color::white,white breast,a photo of a bird with white breast.,True,native_source,5317,2080,3237,0.39119804400978,6732960,0.6574903162947648,1.0,1.0,1.0
118,119,has_breast_color::red,red breast,a photo of a bird with red breast.,True,native_source,5317,233,5084,0.043821703968403236,1184572,0.8830050009623729,0.0,0.8,0.6
119,120,has_breast_color::buff,buff breast,a photo of a bird with buff breast.,False,native_source,5317,996,4321,0.18732367876622155,4303716,0.5168378907901916,0.0,0.0,0.1
120,121,has_throat_color::blue,blue throat,a photo of a bird with blue throat.,False,native_source,5522,182,5340,0.03295907279971025,971880,0.8758715067703832,1.0,0.6,0.6
121,122,has_throat_color::brown,brown throat,a photo of a bird with brown throat.,True,native_source,5522,476,5046,0.08620065193770374,2401896,0.6169750896791535,0.0,0.2,0.1
122,123,has_throat_color::iridescent,iridescent throat,a photo of a bird with iridescent throat.,False,native_source,5522,88,5434,0.01593625498007968,478192,0.6501321644862315,0.0,0.2,0.1
123,124,has_throat_color::purple,purple throat,a photo of a bird with purple throat.,False,native_source,5522,28,5494,0.0050706265845708075,153832,0.740418118466899,0.0,0.0,0.1
124,125,has_throat_color::rufous,rufous throat,a photo of a bird with rufous throat.,False,native_source,5522,74,5448,0.013400941687794278,403152,0.5936123348017621,0.0,0.2,0.1
125,126,has_throat_color::grey,grey throat,a photo of a bird with grey throat.,True,native_source,5522,992,4530,0.17964505613908005,4493760,0.6390162135939614,0.0,0.6,0.5
126,127,has_throat_color::yellow,yellow throat,a photo of a bird with yellow throat.,True,native_source,5522,653,4869,0.11825425570445491,3179457,0.8658682913466041,0.0,0.4,0.6
127,128,has_throat_color::olive,olive throat,a photo of a bird with olive throat.,False,native_source,5522,88,5434,0.01593625498007968,478192,0.6969752735302974,0.0,0.0,0.2
128,129,has_throat_color::green,green throat,a photo of a bird with green throat.,False,native_source,5522,60,5462,0.010865628395508874,327720,0.8269330526058831,0.0,0.0,0.0
129,130,has_throat_color::pink,pink throat,a photo of a bird with pink throat.,False,native_source,5522,26,5496,0.004708438971387179,142896,0.5950201545179711,0.0,0.0,0.1
130,131,has_throat_color::orange,orange throat,a photo of a bird with orange throat.,True,native_source,5522,136,5386,0.02462875769648678,732496,0.6955860509818483,0.0,0.0,0.0
131,132,has_throat_color::black,black throat,a photo of a bird with black throat.,True,native_source,5522,1259,4263,0.22799710249909452,5367117,0.5814552766410719,1.0,1.0,0.9
132,133,has_throat_color::white,white throat,a photo of a bird with white throat.,True,native_source,5522,2016,3506,0.36508511408909816,7068096,0.5693529063555447,1.0,0.6,0.6
133,134,has_throat_color::red,red throat,a photo of a bird with red throat.,True,native_source,5522,218,5304,0.039478449837015574,1156272,0.8214624240663096,0.0,0.0,0.2
134,135,has_throat_color::buff,buff throat,a photo of a bird with buff throat.,False,native_source,5522,796,4726,0.1441506700470844,3761896,0.5869516329000057,0.0,0.0,0.2
135,136,has_eye_color::blue,blue eye,a photo of a bird with blue eye.,False,native_source,5527,56,5471,0.010132078885471322,306376,0.6575808810089563,0.0,0.0,0.0
136,137,has_eye_color::brown,brown eye,a photo of a bird with brown eye.,False,native_source,5527,200,5327,0.03618599601954044,1065400,0.575640135160503,0.0,0.0,0.1
137,138,has_eye_color::purple,purple eye,a photo of a bird with purple eye.,False,native_source,5527,10,5517,0.0018092998009770218,55170,0.5339133587094436,0.0,0.0,0.0
138,139,has_eye_color::rufous,rufous eye,a photo of a bird with rufous eye.,False,native_source,5527,67,5460,0.012122308666546046,365820,0.525019135093762,0.0,0.0,0.0
139,140,has_eye_color::grey,grey eye,a photo of a bird with grey eye.,False,native_source,5527,101,5426,0.018273927989867923,548026,0.5510632707207322,0.0,0.0,0.0
140,141,has_eye_color::yellow,yellow eye,a photo of a bird with yellow eye.,False,native_source,5527,126,5401,0.022797177492310475,680526,0.5707673182214934,0.0,0.0,0.0
141,142,has_eye_color::olive,olive eye,a photo of a bird with olive eye.,False,native_source,5527,17,5510,0.003075809661660937,93670,0.49326358492580336,0.0,0.0,0.0
142,143,has_eye_color::green,green eye,a photo of a bird with green eye.,False,native_source,5527,3,5524,0.0005427899402931065,16572,0.40296886314265024,0.0,0.0,0.0
143,144,has_eye_color::pink,pink eye,a photo of a bird with pink eye.,False,native_source,5527,23,5504,0.0041613895422471505,126592,0.3090637639029323,0.0,0.0,0.0
144,145,has_eye_color::orange,orange eye,a photo of a bird with orange eye.,False,native_source,5527,69,5458,0.01248416862674145,376602,0.6453948731021077,0.0,0.0,0.1
145,146,has_eye_color::black,black eye,a photo of a bird with black eye.,False,native_source,5527,4877,650,0.8823955129364935,3170050,0.49511269538335356,1.0,0.8,0.8
146,147,has_eye_color::white,white eye,a photo of a bird with white eye.,False,native_source,5527,162,5365,0.029310656775827754,869130,0.554391748069909,0.0,0.0,0.1
147,148,has_eye_color::red,red eye,a photo of a bird with red eye.,False,native_source,5527,132,5395,0.02388275737289669,712140,0.6785856713567557,1.0,0.4,0.3
148,149,has_eye_color::buff,buff eye,a photo of a bird with buff eye.,False,native_source,5527,89,5438,0.016102768228695497,483982,0.4739907682517118,0.0,0.0,0.0
149,150,has_bill_length::about_the_same_as_head,bill about the same length as head,a photo of a bird with bill about the same length as head.,True,native_source,5667,2119,3548,0.37391918122463386,7518212,0.5047220668956928,0.0,0.2,0.3
150,151,has_bill_length::longer_than_head,bill longer than head,a photo of a bird with bill longer than head.,True,native_source,5667,348,5319,0.0614081524616199,1851012,0.5344716835979454,0.0,0.0,0.1
151,152,has_bill_length::shorter_than_head,bill shorter than head,a photo of a bird with bill shorter than head.,True,native_source,5667,3247,2420,0.5729662961002294,7857740,0.4623496068844222,1.0,0.6,0.4
152,153,has_forehead_color::blue,blue forehead,a photo of a bird with blue forehead.,False,native_source,5515,303,5212,0.05494106980961015,1579236,0.8921662120164434,0.0,0.6,0.8
153,154,has_forehead_color::brown,brown forehead,a photo of a bird with brown forehead.,False,native_source,5515,998,4517,0.18096101541251133,4507966,0.6503928822888194,1.0,0.2,0.2
154,155,has_forehead_color::iridescent,iridescent forehead,a photo of a bird with iridescent forehead.,False,native_source,5515,124,5391,0.022484134179510427,668484,0.6822691343397898,0.0,0.2,0.2
155,156,has_forehead_color::purple,purple forehead,a photo of a bird with purple forehead.,False,native_source,5515,32,5483,0.005802357207615594,175456,0.6483904796644173,0.0,0.0,0.1
156,157,has_forehead_color::rufous,rufous forehead,a photo of a bird with rufous forehead.,False,native_source,5515,88,5427,0.015956482320942884,477576,0.6043614000703553,0.0,0.0,0.0
157,158,has_forehead_color::grey,grey forehead,a photo of a bird with grey forehead.,False,native_source,5515,1181,4334,0.21414324569356302,5118454,0.6761007327603218,1.0,1.0,0.9
158,159,has_forehead_color::yellow,yellow forehead,a photo of a bird with yellow forehead.,False,native_source,5515,483,5032,0.08757932910244787,2430456,0.8824405790518323,1.0,0.6,0.5
159,160,has_forehead_color::olive,olive forehead,a photo of a bird with olive forehead.,False,native_source,5515,128,5387,0.023209428830462377,689536,0.5975068741878596,0.0,0.0,0.0
160,161,has_forehead_color::green,green forehead,a photo of a bird with green forehead.,False,native_source,5515,53,5462,0.009610154125113327,289486,0.7852400461507638,0.0,0.0,0.0
161,162,has_forehead_color::pink,pink forehead,a photo of a bird with pink forehead.,False,native_source,5515,24,5491,0.004351767905711695,131784,0.6440918472652218,0.0,0.0,0.1
162,163,has_forehead_color::orange,orange forehead,a photo of a bird with orange forehead.,False,native_source,5515,159,5356,0.028830462375339982,851604,0.7069130722730284,0.0,0.2,0.4
163,164,has_forehead_color::black,black forehead,a photo of a bird with black forehead.,False,native_source,5515,1864,3651,0.3379873073436083,6805464,0.5564501553457634,1.0,0.4,0.4
164,165,has_forehead_color::white,white forehead,a photo of a bird with white forehead.,False,native_source,5515,807,4708,0.14632819582955575,3799356,0.6629473521302032,1.0,0.6,0.4
165,166,has_forehead_color::red,red forehead,a photo of a bird with red forehead.,False,native_source,5515,254,5261,0.04605621033544877,1336294,0.7564517987808073,0.0,0.2,0.2
166,167,has_forehead_color::buff,buff forehead,a photo of a bird with buff forehead.,False,native_source,5515,708,4807,0.12837715321849502,3403356,0.48908283470785896,0.0,0.0,0.3
167,168,has_under_tail_color::blue,blue under tail,a photo of a bird with blue under tail.,False,native_source,4343,203,4140,0.04674188349067465,840420,0.91800052354775,1.0,0.6,0.6
168,169,has_under_tail_color::brown,brown under tail,a photo of a bird with brown under tail.,False,native_source,4343,891,3452,0.20515772507483307,3075732,0.68907401555142,0.0,0.2,0.2
169,170,has_under_tail_color::iridescent,iridescent under tail,a photo of a bird with iridescent under tail.,False,native_source,4343,65,4278,0.014966612940363803,278070,0.6180386233682167,0.0,0.0,0.0
170,171,has_under_tail_color::purple,purple under tail,a photo of a bird with purple under tail.,False,native_source,4343,18,4325,0.004144600506562284,77850,0.6159794476557482,0.0,0.0,0.0
171,172,has_under_tail_color::rufous,rufous under tail,a photo of a bird with rufous under tail.,False,native_source,4343,52,4291,0.011973290352291043,223132,0.5321110374128318,0.0,0.0,0.0
172,173,has_under_tail_color::grey,grey under tail,a photo of a bird with grey under tail.,False,native_source,4343,1213,3130,0.2793000230255584,3796690,0.6054318366787913,0.0,0.4,0.4
173,174,has_under_tail_color::yellow,yellow under tail,a photo of a bird with yellow under tail.,False,native_source,4343,383,3960,0.08818788855629749,1516680,0.8477239760529578,1.0,0.4,0.4
174,175,has_under_tail_color::olive,olive under tail,a photo of a bird with olive under tail.,False,native_source,4343,125,4218,0.028781947962238083,527250,0.6318615457562826,0.0,0.4,0.2
175,176,has_under_tail_color::green,green under tail,a photo of a bird with green under tail.,False,native_source,4343,56,4287,0.012894312687082661,240072,0.7966568362824485,0.0,0.2,0.1
176,177,has_under_tail_color::pink,pink under tail,a photo of a bird with pink under tail.,False,native_source,4343,23,4320,0.0052958784250518075,99360,0.4495068438003221,0.0,0.0,0.0
177,178,has_under_tail_color::orange,orange under tail,a photo of a bird with orange under tail.,False,native_source,4343,109,4234,0.02509785862307161,461506,0.6945933530658323,0.0,0.0,0.0
178,179,has_under_tail_color::black,black under tail,a photo of a bird with black under tail.,False,native_source,4343,1808,2535,0.41630209532581164,4583280,0.5946278647606081,1.0,1.0,1.0
179,180,has_under_tail_color::white,white under tail,a photo of a bird with white under tail.,False,native_source,4343,1034,3309,0.23808427354363343,3421506,0.6433348355957873,0.0,0.6,0.5
180,181,has_under_tail_color::red,red under tail,a photo of a bird with red under tail.,False,native_source,4343,83,4260,0.01911121344692609,353580,0.8051445217489677,0.0,0.0,0.1
181,182,has_under_tail_color::buff,buff under tail,a photo of a bird with buff under tail.,False,native_source,4343,694,3649,0.15979737508634584,2532406,0.544331556630335,0.0,0.0,0.0
182,183,has_nape_color::blue,blue nape,a photo of a bird with blue nape.,False,native_source,5367,289,5078,0.053847587106390905,1467542,0.8897155924668596,1.0,0.4,0.6
183,184,has_nape_color::brown,brown nape,a photo of a bird with brown nape.,False,native_source,5367,1012,4355,0.18855971678777717,4407260,0.6707051546766017,1.0,0.4,0.3
184,185,has_nape_color::iridescent,iridescent nape,a photo of a bird with iridescent nape.,False,native_source,5367,119,5248,0.02217253586733743,624512,0.6776475071736011,0.0,0.2,0.2
185,186,has_nape_color::purple,purple nape,a photo of a bird with purple nape.,False,native_source,5367,34,5333,0.006335010247810695,181322,0.7733479666008537,0.0,0.2,0.1
186,187,has_nape_color::rufous,rufous nape,a photo of a bird with rufous nape.,False,native_source,5367,80,5287,0.014905906465436929,422960,0.6447063552108947,0.0,0.0,0.0
187,188,has_nape_color::grey,grey nape,a photo of a bird with grey nape.,False,native_source,5367,1427,3940,0.2658841065772312,5622380,0.647532361740046,1.0,0.6,0.6
188,189,has_nape_color::yellow,yellow nape,a photo of a bird with yellow nape.,False,native_source,5367,464,4903,0.08645425749953418,2274992,0.873428126340664,0.0,0.6,0.4
189,190,has_nape_color::olive,olive nape,a photo of a bird with olive nape.,False,native_source,5367,183,5184,0.03409726103968697,948672,0.6343910223976253,0.0,0.0,0.3
190,191,has_nape_color::green,green nape,a photo of a bird with green nape.,False,native_source,5367,80,5287,0.014905906465436929,422960,0.8260426517874031,0.0,0.0,0.1
191,192,has_nape_color::pink,pink nape,a photo of a bird with pink nape.,False,native_source,5367,33,5334,0.006148686416992733,176022,0.6405562940996011,0.0,0.0,0.0
192,193,has_nape_color::orange,orange nape,a photo of a bird with orange nape.,False,native_source,5367,126,5241,0.023476802683063163,660366,0.7272807806579987,0.0,0.2,0.5
193,194,has_nape_color::black,black nape,a photo of a bird with black nape.,False,native_source,5367,1507,3860,0.28079001304266815,5817020,0.7272562239772254,0.0,0.6,0.8
194,195,has_nape_color::white,white nape,a photo of a bird with white nape.,False,native_source,5367,1274,4093,0.2373765604620831,5214482,0.682787475342709,1.0,1.0,0.9
195,196,has_nape_color::red,red nape,a photo of a bird with red nape.,False,native_source,5367,199,5168,0.03707844233277436,1028432,0.8802954400485399,0.0,0.4,0.2
196,197,has_nape_color::buff,buff nape,a photo of a bird with buff nape.,False,native_source,5367,889,4478,0.1656418855971679,3980942,0.4437108101549834,0.0,0.4,0.2
197,198,has_belly_color::blue,blue belly,a photo of a bird with blue belly.,False,native_source,5144,144,5000,0.027993779160186624,720000,0.8849958333333333,0.0,0.4,0.4
198,199,has_belly_color::brown,brown belly,a photo of a bird with brown belly.,True,native_source,5144,513,4631,0.09972783825816485,2375703,0.6047018503575573,0.0,0.2,0.2
199,200,has_belly_color::iridescent,iridescent belly,a photo of a bird with iridescent belly.,False,native_source,5144,81,5063,0.015746500777604977,410103,0.7085829657427525,0.0,0.2,0.1
200,201,has_belly_color::purple,purple belly,a photo of a bird with purple belly.,False,native_source,5144,19,5125,0.0036936236391912907,97375,0.6686623876765083,0.0,0.0,0.1
201,202,has_belly_color::rufous,rufous belly,a photo of a bird with rufous belly.,False,native_source,5144,79,5065,0.015357698289269051,400135,0.5997850725380184,0.0,0.0,0.0
202,203,has_belly_color::grey,grey belly,a photo of a bird with grey belly.,True,native_source,5144,996,4148,0.19362363919129083,4131408,0.6336186113789778,1.0,0.8,0.6
203,204,has_belly_color::yellow,yellow belly,a photo of a bird with yellow belly.,True,native_source,5144,844,4300,0.1640746500777605,3629200,0.8795263418935303,1.0,1.0,0.8
204,205,has_belly_color::olive,olive belly,a photo of a bird with olive belly.,False,native_source,5144,117,5027,0.022744945567651633,588159,0.7134040285024967,0.0,0.2,0.1
205,206,has_belly_color::green,green belly,a photo of a bird with green belly.,False,native_source,5144,68,5076,0.013219284603421462,345168,0.8465442914754554,0.0,0.2,0.2
206,207,has_belly_color::pink,pink belly,a photo of a bird with pink belly.,False,native_source,5144,31,5113,0.0060264385692068425,158503,0.5158577440174634,0.0,0.0,0.1
207,208,has_belly_color::orange,orange belly,a photo of a bird with orange belly.,True,native_source,5144,165,4979,0.03207620528771384,821535,0.776431314551419,1.0,0.8,0.7
208,209,has_belly_color::black,black belly,a photo of a bird with black belly.,True,native_source,5144,852,4292,0.1656298600311042,3656784,0.6196390052023855,1.0,1.0,0.8
209,210,has_belly_color::white,white belly,a photo of a bird with white belly.,True,native_source,5144,2167,2977,0.4212674961119751,6451159,0.6419707683534075,1.0,0.8,0.9
210,211,has_belly_color::red,red belly,a photo of a bird with red belly.,True,native_source,5144,200,4944,0.038880248833592534,988800,0.8410315533980582,0.0,0.4,0.3
211,212,has_belly_color::buff,buff belly,a photo of a bird with buff belly.,False,native_source,5144,948,4196,0.18429237947122862,3977808,0.5220498324705466,0.0,0.2,0.2
212,213,has_wing_shape::rounded-wings,rounded wings,a photo of a bird with rounded wings.,True,native_source,3830,1653,2177,0.4315926892950392,3598581,0.4960669219339512,1.0,0.6,0.3
213,214,has_wing_shape::pointed-wings,pointed wings,a photo of a bird with pointed wings.,True,native_source,3830,1163,2667,0.30365535248041775,3101721,0.4796197014496146,0.0,0.2,0.1
214,215,has_wing_shape::broad-wings,broad wings,a photo of a bird with broad wings.,True,native_source,3830,335,3495,0.08746736292428199,1170825,0.45472209766617555,0.0,0.0,0.1
215,216,has_wing_shape::tapered-wings,tapered wings,a photo of a bird with tapered wings.,True,native_source,3830,470,3360,0.1227154046997389,1579200,0.5449179964539007,1.0,0.2,0.2
216,217,has_wing_shape::long-wings,long wings,a photo of a bird with long wings.,True,native_source,3830,379,3451,0.0989556135770235,1307929,0.6028087151519692,1.0,0.2,0.1
217,218,has_size::large_(16_-_32_in),large bird,a photo of a bird with large bird.,True,native_source,5794,208,5586,0.03589920607525026,1161888,0.5509158369825663,0.0,0.0,0.0
218,219,has_size::small_(5_-_9_in),small bird,a photo of a bird with small bird.,True,native_source,5794,2958,2836,0.5105281325509148,8388888,0.6120984688316259,1.0,0.8,0.8
219,220,has_size::very_large_(32_-_72_in),very bird,a photo of a bird with very bird.,False,native_source,5794,96,5698,0.016568864342423197,547008,0.33812485374985374,0.0,0.0,0.0
220,221,has_size::medium_(9_-_16_in),medium bird,a photo of a bird with medium bird.,True,native_source,5794,1148,4646,0.1981360027614774,5333608,0.4959319282556948,0.0,0.4,0.5
221,222,has_size::very_small_(3_-_5_in),very bird,a photo of a bird with very bird.,False,native_source,5794,1384,4410,0.2388677942699344,6103440,0.4855299634304589,0.0,0.0,0.0
222,223,has_shape::upright-perching_water-like,upright perching water like body shape,a photo of a bird with upright perching water like body shape.,False,native_source,5794,125,5669,0.021574042112530202,708625,0.5626600811430588,0.0,0.0,0.0
223,224,has_shape::chicken-like-marsh,chicken like marsh body shape,a photo of a bird with chicken like marsh body shape.,False,native_source,5794,95,5699,0.016396272005522954,541405,0.5419279467311902,0.0,0.0,0.0
224,225,has_shape::long-legged-like,long legged like body shape,a photo of a bird with long legged like body shape.,False,native_source,5794,64,5730,0.011045909561615464,366720,0.6548047556719022,0.0,0.0,0.0
225,226,has_shape::duck-like,duck like body shape,a photo of a bird with duck like body shape.,False,native_source,5794,354,5440,0.06109768726268554,1925760,0.8228927799933533,1.0,0.6,0.5
226,227,has_shape::owl-like,owl like body shape,a photo of a bird with owl like body shape.,False,native_source,5794,26,5768,0.0044874007594062825,149968,0.5803171343219887,0.0,0.4,0.2
227,228,has_shape::gull-like,gull like body shape,a photo of a bird with gull like body shape.,False,native_source,5794,404,5390,0.06972730410769762,2177560,0.8339953893348518,0.0,0.2,0.4
228,229,has_shape::hummingbird-like,hummingbird like body shape,a photo of a bird with hummingbird like body shape.,False,native_source,5794,320,5474,0.055229547808077324,1751680,0.6997111344537815,1.0,1.0,0.9
229,230,has_shape::pigeon-like,pigeon like body shape,a photo of a bird with pigeon like body shape.,False,native_source,5794,370,5424,0.0638591646530894,2006880,0.5932706489675517,0.0,0.2,0.2
230,231,has_shape::tree-clinging-like,tree clinging like body shape,a photo of a bird with tree clinging like body shape.,False,native_source,5794,365,5429,0.0629962029685882,1981585,0.6010168627638987,0.0,0.0,0.0
231,232,has_shape::hawk-like,hawk like body shape,a photo of a bird with hawk like body shape.,False,native_source,5794,189,5605,0.03261995167414567,1059345,0.6484275660903671,0.0,0.2,0.2
232,233,has_shape::sandpiper-like,sandpiper like body shape,a photo of a bird with sandpiper like body shape.,False,native_source,5794,312,5482,0.05384880911287539,1710384,0.5887227663495449,0.0,0.2,0.2
233,234,has_shape::upland-ground-like,upland ground like body shape,a photo of a bird with upland ground like body shape.,False,native_source,5794,132,5662,0.022782188470831896,747384,0.5632927651648951,0.0,0.0,0.1
234,235,has_shape::swallow-like,swallow like body shape,a photo of a bird with swallow like body shape.,False,native_source,5794,211,5583,0.03641698308595098,1178013,0.6080471947253553,0.0,0.0,0.1
235,236,has_shape::perching-like,perching like body shape,a photo of a bird with perching like body shape.,False,native_source,5794,2827,2967,0.4879185364169831,8387709,0.5210969407736964,1.0,0.8,0.5
236,237,has_back_pattern::solid,solid back,a photo of a bird with solid back.,True,native_source,4520,2115,2405,0.46792035398230086,5086575,0.526190019807041,0.0,0.4,0.5
237,238,has_back_pattern::spotted,spotted back,a photo of a bird with spotted back.,True,native_source,4520,356,4164,0.07876106194690266,1482384,0.6850944154820883,1.0,0.2,0.2
238,239,has_back_pattern::striped,striped back,a photo of a bird with striped back.,True,native_source,4520,898,3622,0.1986725663716814,3252556,0.6519245172104646,0.0,0.4,0.3
239,240,has_back_pattern::multi-colored,multi colored back,a photo of a bird with multi colored back.,True,native_source,4520,1151,3369,0.25464601769911505,3877719,0.5538311311366295,0.0,0.4,0.3
240,241,has_tail_pattern::solid,solid tail,a photo of a bird with solid tail.,True,native_source,4405,2077,2328,0.47150964812712826,4835256,0.502669972386157,0.0,0.2,0.4
241,242,has_tail_pattern::spotted,spotted tail,a photo of a bird with spotted tail.,True,native_source,4405,263,4142,0.05970488081725312,1089346,0.5636143153782177,0.0,0.0,0.0
242,243,has_tail_pattern::striped,striped tail,a photo of a bird with striped tail.,True,native_source,4405,708,3697,0.16072644721906923,2617476,0.5732839575224377,0.0,0.0,0.0
243,244,has_tail_pattern::multi-colored,multi colored tail,a photo of a bird with multi colored tail.,True,native_source,4405,1357,3048,0.3080590238365494,4136136,0.5567384631453124,0.0,0.0,0.3
244,245,has_belly_pattern::solid,solid belly,a photo of a bird with solid belly.,True,native_source,5105,3321,1784,0.6505386875612145,5924664,0.524077652336065,1.0,0.8,0.8
245,246,has_belly_pattern::spotted,spotted belly,a photo of a bird with spotted belly.,True,native_source,5105,298,4807,0.0583741429970617,1432486,0.6251258302000857,0.0,0.0,0.2
246,247,has_belly_pattern::striped,striped belly,a photo of a bird with striped belly.,True,native_source,5105,566,4539,0.110871694417238,2569074,0.607134126926667,1.0,0.4,0.4
247,248,has_belly_pattern::multi-colored,multi colored belly,a photo of a bird with multi colored belly.,True,native_source,5105,920,4185,0.1802154750244858,3850200,0.5678297231312659,1.0,0.2,0.3
248,249,has_primary_color::blue,blue primary,a photo of a bird with blue primary.,False,native_source,5794,367,5427,0.06334138764238868,1991709,0.882321664460019,1.0,0.8,0.9
249,250,has_primary_color::brown,brown primary,a photo of a bird with brown primary.,False,native_source,5794,1437,4357,0.2480151881256472,6261009,0.703359314768594,1.0,0.6,0.6
250,251,has_primary_color::iridescent,iridescent primary,a photo of a bird with iridescent primary.,False,native_source,5794,110,5684,0.018985157059026578,625240,0.6667863540400486,0.0,0.2,0.2
251,252,has_primary_color::purple,purple primary,a photo of a bird with purple primary.,False,native_source,5794,44,5750,0.0075940628236106315,253000,0.6277114624505928,0.0,0.0,0.2
252,253,has_primary_color::rufous,rufous primary,a photo of a bird with rufous primary.,False,native_source,5794,107,5687,0.018467380048325856,608509,0.6279841382789737,0.0,0.0,0.0
253,254,has_primary_color::grey,grey primary,a photo of a bird with grey primary.,False,native_source,5794,1728,4066,0.2982395581636175,7026048,0.698254338712175,1.0,0.8,0.7
254,255,has_primary_color::yellow,yellow primary,a photo of a bird with yellow primary.,False,native_source,5794,901,4893,0.1555056955471177,4408593,0.9187457313478473,1.0,1.0,1.0
255,256,has_primary_color::olive,olive primary,a photo of a bird with olive primary.,False,native_source,5794,248,5546,0.042802899551259925,1375408,0.7116593767085839,1.0,0.6,0.3
256,257,has_primary_color::green,green primary,a photo of a bird with green primary.,False,native_source,5794,107,5687,0.018467380048325856,608509,0.835086251805643,0.0,0.4,0.3
257,258,has_primary_color::pink,pink primary,a photo of a bird with pink primary.,False,native_source,5794,45,5749,0.007766655160510874,258705,0.5821843412380897,0.0,0.0,0.1
258,259,has_primary_color::orange,orange primary,a photo of a bird with orange primary.,False,native_source,5794,228,5566,0.03935105281325509,1269048,0.7617816662569107,0.0,0.6,0.7
259,260,has_primary_color::black,black primary,a photo of a bird with black primary.,False,native_source,5794,2060,3734,0.35554021401449776,7692040,0.6596334652445905,1.0,1.0,1.0
260,261,has_primary_color::white,white primary,a photo of a bird with white primary.,False,native_source,5794,1680,4114,0.2899551259924059,6911520,0.7138175104752645,0.0,0.8,0.8
261,262,has_primary_color::red,red primary,a photo of a bird with red primary.,False,native_source,5794,232,5562,0.04004142216085606,1290384,0.8965036764250022,1.0,1.0,0.9
262,263,has_primary_color::buff,buff primary,a photo of a bird with buff primary.,False,native_source,5794,1109,4685,0.19140490162236798,5195665,0.5633943874364494,0.0,0.2,0.2
263,264,has_leg_color::blue,blue leg,a photo of a bird with blue leg.,False,native_source,4785,77,4708,0.016091954022988506,362516,0.703759282348917,0.0,0.2,0.2
264,265,has_leg_color::brown,brown leg,a photo of a bird with brown leg.,False,native_source,4785,446,4339,0.09320794148380356,1935194,0.5358486022589983,0.0,0.0,0.0
265,266,has_leg_color::iridescent,iridescent leg,a photo of a bird with iridescent leg.,False,native_source,4785,22,4763,0.004597701149425287,104786,0.6296451816082301,0.0,0.0,0.0
266,267,has_leg_color::purple,purple leg,a photo of a bird with purple leg.,False,native_source,4785,23,4762,0.004806687565308255,109526,0.47331227288497707,0.0,0.0,0.0
267,268,has_leg_color::rufous,rufous leg,a photo of a bird with rufous leg.,False,native_source,4785,66,4719,0.013793103448275862,311454,0.5060394151303242,0.0,0.2,0.1
268,269,has_leg_color::grey,grey leg,a photo of a bird with grey leg.,False,native_source,4785,1467,3318,0.3065830721003135,4867506,0.5006261933729511,1.0,0.4,0.3
269,270,has_leg_color::yellow,yellow leg,a photo of a bird with yellow leg.,False,native_source,4785,107,4678,0.022361546499477535,500546,0.6892173746269075,1.0,0.2,0.1
270,271,has_leg_color::olive,olive leg,a photo of a bird with olive leg.,False,native_source,4785,29,4756,0.006060606060606061,137924,0.42798932745570023,0.0,0.0,0.0
271,272,has_leg_color::green,green leg,a photo of a bird with green leg.,False,native_source,4785,7,4778,0.0014629049111807733,33446,0.5432936674041738,0.0,0.0,0.0
272,273,has_leg_color::pink,pink leg,a photo of a bird with pink leg.,False,native_source,4785,147,4638,0.030721003134796237,681786,0.5399282179452204,0.0,0.4,0.3
273,274,has_leg_color::orange,orange leg,a photo of a bird with orange leg.,False,native_source,4785,478,4307,0.09989550679205851,2058746,0.5205586313221738,0.0,0.0,0.0
274,275,has_leg_color::black,black leg,a photo of a bird with black leg.,False,native_source,4785,1423,3362,0.2973876698014629,4784126,0.580323239814336,1.0,0.6,0.4
275,276,has_leg_color::white,white leg,a photo of a bird with white leg.,False,native_source,4785,191,4594,0.039916405433646815,877454,0.5681163912866087,0.0,0.0,0.0
276,277,has_leg_color::red,red leg,a photo of a bird with red leg.,False,native_source,4785,167,4618,0.03490073145245559,771206,0.7049737683576113,0.0,0.2,0.2
277,278,has_leg_color::buff,buff leg,a photo of a bird with buff leg.,False,native_source,4785,957,3828,0.2,3663396,0.4859013330800165,0.0,0.0,0.0
278,279,has_bill_color::blue,blue bill,a photo of a bird with blue bill.,True,native_source,5672,151,5521,0.02662200282087447,833671,0.7725709542493382,0.0,0.4,0.3
279,280,has_bill_color::brown,brown bill,a photo of a bird with brown bill.,True,native_source,5672,488,5184,0.08603667136812412,2529792,0.6130290553531674,0.0,0.0,0.0
280,281,has_bill_color::iridescent,iridescent bill,a photo of a bird with iridescent bill.,False,native_source,5672,53,5619,0.009344146685472496,297807,0.5199474827656838,0.0,0.0,0.1
281,282,has_bill_color::purple,purple bill,a photo of a bird with purple bill.,False,native_source,5672,17,5655,0.002997179125528914,96135,0.506922556821137,0.0,0.0,0.0
282,283,has_bill_color::rufous,rufous bill,a photo of a bird with rufous bill.,False,native_source,5672,81,5591,0.014280677009873061,452871,0.4557037213687783,0.0,0.0,0.0
283,284,has_bill_color::grey,grey bill,a photo of a bird with grey bill.,True,native_source,5672,1583,4089,0.27909026798307474,6472887,0.5094684952788454,0.0,0.2,0.3
284,285,has_bill_color::yellow,yellow bill,a photo of a bird with yellow bill.,True,native_source,5672,336,5336,0.05923836389280677,1792896,0.6617957762190333,0.0,0.0,0.0
285,286,has_bill_color::olive,olive bill,a photo of a bird with olive bill.,False,native_source,5672,34,5638,0.005994358251057828,191692,0.5329591219247543,0.0,0.0,0.0
286,287,has_bill_color::green,green bill,a photo of a bird with green bill.,False,native_source,5672,14,5658,0.002468265162200282,79212,0.6547745291117507,0.0,0.0,0.1
287,288,has_bill_color::pink,pink bill,a photo of a bird with pink bill.,False,native_source,5672,53,5619,0.009344146685472496,297807,0.6407942056432522,0.0,0.2,0.1
288,289,has_bill_color::orange,orange bill,a photo of a bird with orange bill.,True,native_source,5672,392,5280,0.0691114245416079,2069760,0.639135455318491,0.0,0.0,0.1
289,290,has_bill_color::black,black bill,a photo of a bird with black bill.,True,native_source,5672,2575,3097,0.453984485190409,7974775,0.574397961071002,0.0,0.2,0.5
290,291,has_bill_color::white,white bill,a photo of a bird with white bill.,True,native_source,5672,319,5353,0.05624118476727786,1707607,0.5034949493648129,0.0,0.0,0.0
291,292,has_bill_color::red,red bill,a photo of a bird with red bill.,True,native_source,5672,202,5470,0.03561354019746121,1104940,0.7556464604412909,0.0,0.2,0.1
292,293,has_bill_color::buff,buff bill,a photo of a bird with buff bill.,False,native_source,5672,823,4849,0.145098730606488,3990727,0.4937522661910975,0.0,0.2,0.1
293,294,has_crown_color::blue,blue crown,a photo of a bird with blue crown.,False,native_source,5527,317,5210,0.057354803690971595,1651570,0.9013090574423125,0.0,0.8,0.8
294,295,has_crown_color::brown,brown crown,a photo of a bird with brown crown.,True,native_source,5527,1078,4449,0.19504251854532295,4796022,0.693738060417571,0.0,0.0,0.1
295,296,has_crown_color::iridescent,iridescent crown,a photo of a bird with iridescent crown.,False,native_source,5527,129,5398,0.02333996743260358,696342,0.6867358280844758,1.0,0.4,0.2
296,297,has_crown_color::purple,purple crown,a photo of a bird with purple crown.,False,native_source,5527,36,5491,0.006513479283517279,197676,0.714694753030211,1.0,0.2,0.1
297,298,has_crown_color::rufous,rufous crown,a photo of a bird with rufous crown.,False,native_source,5527,97,5430,0.017550208069477113,526710,0.6965085151221735,0.0,0.0,0.1
298,299,has_crown_color::grey,grey crown,a photo of a bird with grey crown.,True,native_source,5527,1246,4281,0.22543875520173692,5334126,0.6672585162030293,1.0,0.6,0.6
299,300,has_crown_color::yellow,yellow crown,a photo of a bird with yellow crown.,True,native_source,5527,407,5120,0.07363850189976479,2083840,0.8938464565417691,1.0,0.8,0.5
300,301,has_crown_color::olive,olive crown,a photo of a bird with olive crown.,False,native_source,5527,142,5385,0.02569205717387371,764670,0.6264924738776204,0.0,0.0,0.0
301,302,has_crown_color::green,green crown,a photo of a bird with green crown.,False,native_source,5527,66,5461,0.011941378686448345,360426,0.787778906072259,0.0,0.0,0.1
302,303,has_crown_color::pink,pink crown,a photo of a bird with pink crown.,False,native_source,5527,36,5491,0.006513479283517279,197676,0.6308757765231996,0.0,0.2,0.3
303,304,has_crown_color::orange,orange crown,a photo of a bird with orange crown.,False,native_source,5527,153,5374,0.027682286954948433,822222,0.7112762733179117,0.0,0.4,0.4
304,305,has_crown_color::black,black crown,a photo of a bird with black crown.,True,native_source,5527,1855,3672,0.33562511308123755,6811560,0.6774441537621337,1.0,1.0,0.9
305,306,has_crown_color::white,white crown,a photo of a bird with white crown.,True,native_source,5527,712,4815,0.12882214582956397,3428280,0.6716537155658231,0.0,0.2,0.4
306,307,has_crown_color::red,red crown,a photo of a bird with red crown.,True,native_source,5527,297,5230,0.05373620408901755,1553310,0.8884111993098609,1.0,0.2,0.3
307,308,has_crown_color::buff,buff crown,a photo of a bird with buff crown.,False,native_source,5527,718,4809,0.12990772571015016,3452862,0.47187072637134064,0.0,0.0,0.1
308,309,has_wing_pattern::solid,solid wing,a photo of a bird with solid wing.,True,native_source,5175,1650,3525,0.3188405797101449,5816250,0.5196144422952934,0.0,0.2,0.2
309,310,has_wing_pattern::spotted,spotted wing,a photo of a bird with spotted wing.,True,native_source,5175,430,4745,0.08309178743961353,2040350,0.631827137500919,0.0,0.2,0.2
310,311,has_wing_pattern::striped,striped wing,a photo of a bird with striped wing.,True,native_source,5175,1303,3872,0.25178743961352656,5045216,0.6304650782047786,0.0,0.4,0.5
311,312,has_wing_pattern::multi-colored,multi colored wing,a photo of a bird with multi colored wing.,True,native_source,5175,1792,3383,0.346280193236715,6062336,0.5807086575207973,0.0,0.4,0.4
0,1,has_bill_shape::curved_(up_or_down),curved up or down bill,a photo of a bird with curved up or down bill.,False,native_target,5670,119,5551,0.020987654320987655,660569,0.5605197942985517,0.0,0.0,0.0
1,2,has_bill_shape::dagger,dagger bill,a photo of a bird with dagger bill.,True,native_target,5670,786,4884,0.13862433862433862,3838824,0.5690333810562819,0.0,0.0,0.1
2,3,has_bill_shape::hooked,hooked bill,a photo of a bird with hooked bill.,True,native_target,5670,95,5575,0.01675485008818342,529625,0.5064621194241209,0.0,0.0,0.0
3,4,has_bill_shape::needle,needle bill,a photo of a bird with needle bill.,True,native_target,5670,149,5521,0.026278659611992945,822629,0.458084993356665,0.0,0.0,0.0
4,5,has_bill_shape::hooked_seabird,hooked seabird bill,a photo of a bird with hooked seabird bill.,False,native_target,5670,373,5297,0.06578483245149912,1975781,0.7923646396032759,0.0,0.2,0.3
5,6,has_bill_shape::spatulate,spatulate bill,a photo of a bird with spatulate bill.,False,native_target,5670,224,5446,0.03950617283950617,1219904,0.634496648916636,0.0,0.0,0.0
6,7,has_bill_shape::all-purpose,all purpose bill,a photo of a bird with all purpose bill.,False,native_target,5670,2337,3333,0.4121693121693122,7789221,0.4792493370004523,0.0,0.4,0.5
7,8,has_bill_shape::cone,cone bill,a photo of a bird with cone bill.,True,native_target,5670,1468,4202,0.2589065255731922,6168536,0.48836604017549706,1.0,0.6,0.5
8,9,has_bill_shape::specialized,specialized bill,a photo of a bird with specialized bill.,False,native_target,5670,119,5551,0.020987654320987655,660569,0.592414267093975,0.0,0.0,0.1
9,10,has_wing_color::blue,blue wing,a photo of a bird with blue wing.,True,native_target,5349,296,5053,0.05533744625163582,1495688,0.8649176833671194,1.0,1.0,0.9
10,11,has_wing_color::brown,brown wing,a photo of a bird with brown wing.,True,native_target,5349,1557,3792,0.29108244531688166,5904144,0.6212338316951619,0.0,0.4,0.4
11,12,has_wing_color::iridescent,iridescent wing,a photo of a bird with iridescent wing.,False,native_target,5349,112,5237,0.020938493176294634,586544,0.6727508933686135,0.0,0.2,0.3
12,13,has_wing_color::purple,purple wing,a photo of a bird with purple wing.,False,native_target,5349,26,5323,0.004860721630211255,138398,0.6379716469891183,0.0,0.2,0.1
13,14,has_wing_color::rufous,rufous wing,a photo of a bird with rufous wing.,False,native_target,5349,69,5280,0.012899607403252944,364320,0.6392855182257356,0.0,0.0,0.0
14,15,has_wing_color::grey,grey wing,a photo of a bird with grey wing.,True,native_target,5349,1768,3581,0.3305290708543653,6331208,0.584860898583651,0.0,0.4,0.5
15,16,has_wing_color::yellow,yellow wing,a photo of a bird with yellow wing.,True,native_target,5349,546,4803,0.10207515423443635,2622438,0.810442801698267,0.0,0.6,0.6
16,17,has_wing_color::olive,olive wing,a photo of a bird with olive wing.,False,native_target,5349,210,5139,0.03925967470555244,1079190,0.5849952279024083,0.0,0.0,0.0
17,18,has_wing_color::green,green wing,a photo of a bird with green wing.,False,native_target,5349,95,5254,0.0177603290334642,499130,0.769220443571815,0.0,0.4,0.3
18,19,has_wing_color::pink,pink wing,a photo of a bird with pink wing.,False,native_target,5349,25,5324,0.004673770798280052,133100,0.49421487603305786,0.0,0.0,0.0
19,20,has_wing_color::orange,orange wing,a photo of a bird with orange wing.,False,native_target,5349,144,5205,0.0269209197980931,749520,0.6770813320525136,0.0,0.2,0.1
20,21,has_wing_color::black,black wing,a photo of a bird with black wing.,True,native_target,5349,2461,2888,0.46008599738268835,7107368,0.5630605450569043,0.0,0.4,0.6
21,22,has_wing_color::white,white wing,a photo of a bird with white wing.,True,native_target,5349,1510,3839,0.28229575621611513,5796890,0.5882077286269016,1.0,0.6,0.5
22,23,has_wing_color::red,red wing,a photo of a bird with red wing.,True,native_target,5349,122,5227,0.022808001495606654,637694,0.7854942966375722,0.0,0.2,0.1
23,24,has_wing_color::buff,buff wing,a photo of a bird with buff wing.,False,native_target,5349,1058,4291,0.19779398018321181,4539878,0.49644329649387053,1.0,0.4,0.3
24,25,has_upperparts_color::blue,blue upperparts,a photo of a bird with blue upperparts.,False,native_target,5050,301,4749,0.0596039603960396,1429449,0.8539451215118553,1.0,0.8,0.8
25,26,has_upperparts_color::brown,brown upperparts,a photo of a bird with brown upperparts.,False,native_target,5050,1383,3667,0.2738613861386139,5071461,0.6273745376332382,1.0,0.8,0.6
26,27,has_upperparts_color::iridescent,iridescent upperparts,a photo of a bird with iridescent upperparts.,False,native_target,5050,149,4901,0.029504950495049503,730249,0.6649403148788975,0.0,0.4,0.3
27,28,has_upperparts_color::purple,purple upperparts,a photo of a bird with purple upperparts.,False,native_target,5050,31,5019,0.006138613861386139,155589,0.5684913457892268,0.0,0.0,0.0
28,29,has_upperparts_color::rufous,rufous upperparts,a photo of a bird with rufous upperparts.,False,native_target,5050,70,4980,0.013861386138613862,348600,0.6331497418244406,0.0,0.0,0.0
29,30,has_upperparts_color::grey,grey upperparts,a photo of a bird with grey upperparts.,False,native_target,5050,1711,3339,0.33881188118811884,5713029,0.5972775562665619,1.0,0.6,0.7
30,31,has_upperparts_color::yellow,yellow upperparts,a photo of a bird with yellow upperparts.,False,native_target,5050,543,4507,0.10752475247524752,2447301,0.8111139577845144,0.0,0.4,0.5
31,32,has_upperparts_color::olive,olive upperparts,a photo of a bird with olive upperparts.,False,native_target,5050,223,4827,0.044158415841584156,1076421,0.6635493919200759,1.0,0.4,0.4
32,33,has_upperparts_color::green,green upperparts,a photo of a bird with green upperparts.,False,native_target,5050,108,4942,0.021386138613861388,533736,0.773768304929778,0.0,0.4,0.5
33,34,has_upperparts_color::pink,pink upperparts,a photo of a bird with pink upperparts.,False,native_target,5050,28,5022,0.005544554455445544,140616,0.5635133981908176,0.0,0.0,0.0
34,35,has_upperparts_color::orange,orange upperparts,a photo of a bird with orange upperparts.,False,native_target,5050,149,4901,0.029504950495049503,730249,0.7059290735078035,0.0,0.2,0.2
35,36,has_upperparts_color::black,black upperparts,a photo of a bird with black upperparts.,False,native_target,5050,2273,2777,0.4500990099009901,6312121,0.5376635682364137,0.0,0.4,0.5
36,37,has_upperparts_color::white,white upperparts,a photo of a bird with white upperparts.,False,native_target,5050,1349,3701,0.26712871287128714,4992649,0.5082085682370221,1.0,0.2,0.3
37,38,has_upperparts_color::red,red upperparts,a photo of a bird with red upperparts.,False,native_target,5050,126,4924,0.024950495049504952,620424,0.7636422833417147,0.0,0.0,0.3
38,39,has_upperparts_color::buff,buff upperparts,a photo of a bird with buff upperparts.,False,native_target,5050,997,4053,0.19742574257425743,4040841,0.6010414663680159,0.0,0.6,0.5
39,40,has_underparts_color::blue,blue underparts,a photo of a bird with blue underparts.,False,native_target,5234,174,5060,0.03324417271685136,880440,0.8419244922993049,1.0,0.6,0.5
40,41,has_underparts_color::brown,brown underparts,a photo of a bird with brown underparts.,False,native_target,5234,593,4641,0.11329766908674055,2752113,0.6117306956509416,0.0,0.0,0.1
41,42,has_underparts_color::iridescent,iridescent underparts,a photo of a bird with iridescent underparts.,False,native_target,5234,92,5142,0.01757737867787543,473064,0.7211540087599141,0.0,0.2,0.5
42,43,has_underparts_color::purple,purple underparts,a photo of a bird with purple underparts.,False,native_target,5234,24,5210,0.0045854031333588076,125040,0.6438819577735124,0.0,0.0,0.1
43,44,has_underparts_color::rufous,rufous underparts,a photo of a bird with rufous underparts.,False,native_target,5234,88,5146,0.016813144822315627,452848,0.7298519591562732,0.0,0.2,0.1
44,45,has_underparts_color::grey,grey underparts,a photo of a bird with grey underparts.,False,native_target,5234,1081,4153,0.2065341994650363,4489393,0.629682565104013,1.0,0.6,0.8
45,46,has_underparts_color::yellow,yellow underparts,a photo of a bird with yellow underparts.,False,native_target,5234,866,4368,0.16545662972869699,3782688,0.8692095409401991,0.0,0.6,0.8
46,47,has_underparts_color::olive,olive underparts,a photo of a bird with olive underparts.,False,native_target,5234,132,5102,0.025219717233473445,673464,0.7035298100566623,1.0,0.2,0.2
47,48,has_underparts_color::green,green underparts,a photo of a bird with green underparts.,False,native_target,5234,81,5153,0.015475735575085976,417393,0.7932308399997126,1.0,0.2,0.2
48,49,has_underparts_color::pink,pink underparts,a photo of a bird with pink underparts.,False,native_target,5234,24,5210,0.0045854031333588076,125040,0.5806861804222648,0.0,0.0,0.1
49,50,has_underparts_color::orange,orange underparts,a photo of a bird with orange underparts.,False,native_target,5234,189,5045,0.03611004967520061,953505,0.754801495534895,0.0,0.2,0.2
50,51,has_underparts_color::black,black underparts,a photo of a bird with black underparts.,False,native_target,5234,1024,4210,0.19564386702330913,4311040,0.6415816137173397,0.0,0.2,0.4
51,52,has_underparts_color::white,white underparts,a photo of a bird with white underparts.,False,native_target,5234,2267,2967,0.43312953763851736,6726189,0.5988518907214769,0.0,0.6,0.7
52,53,has_underparts_color::red,red underparts,a photo of a bird with red underparts.,False,native_target,5234,211,5023,0.04031333588077952,1059853,0.8475203636730754,0.0,0.4,0.3
53,54,has_underparts_color::buff,buff underparts,a photo of a bird with buff underparts.,False,native_target,5234,1053,4181,0.20118456247611768,4402593,0.5999002178943182,0.0,0.4,0.5
54,55,has_breast_pattern::solid,solid breast,a photo of a bird with solid breast.,True,native_target,5265,3154,2111,0.5990503323836657,6658094,0.5112801050871315,1.0,0.8,0.8
55,56,has_breast_pattern::spotted,spotted breast,a photo of a bird with spotted breast.,True,native_target,5265,311,4954,0.059069325735992405,1540694,0.7045714463741665,1.0,0.6,0.4
56,57,has_breast_pattern::striped,striped breast,a photo of a bird with striped breast.,True,native_target,5265,682,4583,0.1295346628679962,3125606,0.5457677647150665,0.0,0.0,0.0
57,58,has_breast_pattern::multi-colored,multi colored breast,a photo of a bird with multi colored breast.,True,native_target,5265,1118,4147,0.2123456790123457,4636346,0.5508429483045485,0.0,0.4,0.5
58,59,has_back_color::blue,blue back,a photo of a bird with blue back.,False,native_target,4530,249,4281,0.05496688741721854,1065969,0.8640832894765232,1.0,1.0,0.9
59,60,has_back_color::brown,brown back,a photo of a bird with brown back.,True,native_target,4530,1105,3425,0.24392935982339956,3784625,0.6272365161673877,0.0,0.4,0.5
60,61,has_back_color::iridescent,iridescent back,a photo of a bird with iridescent back.,False,native_target,4530,102,4428,0.022516556291390728,451656,0.655672680092814,1.0,0.6,0.4
61,62,has_back_color::purple,purple back,a photo of a bird with purple back.,False,native_target,4530,17,4513,0.0037527593818984547,76721,0.6535238070410969,0.0,0.0,0.0
62,63,has_back_color::rufous,rufous back,a photo of a bird with rufous back.,False,native_target,4530,57,4473,0.012582781456953643,254961,0.6286804648554093,0.0,0.0,0.0
63,64,has_back_color::grey,grey back,a photo of a bird with grey back.,True,native_target,4530,1427,3103,0.3150110375275938,4427981,0.6067676216316195,1.0,0.8,0.7
64,65,has_back_color::yellow,yellow back,a photo of a bird with yellow back.,True,native_target,4530,422,4108,0.09315673289183223,1733576,0.8070658569338754,1.0,0.6,0.3
65,66,has_back_color::olive,olive back,a photo of a bird with olive back.,False,native_target,4530,196,4334,0.04326710816777042,849464,0.6573062542968272,1.0,0.4,0.2
66,67,has_back_color::green,green back,a photo of a bird with green back.,False,native_target,4530,87,4443,0.019205298013245033,386541,0.7176237449584908,0.0,0.2,0.3
67,68,has_back_color::pink,pink back,a photo of a bird with pink back.,False,native_target,4530,20,4510,0.004415011037527594,90200,0.580920177383592,0.0,0.0,0.0
68,69,has_back_color::orange,orange back,a photo of a bird with orange back.,False,native_target,4530,94,4436,0.02075055187637969,416984,0.6463797172073749,0.0,0.2,0.3
69,70,has_back_color::black,black back,a photo of a bird with black back.,True,native_target,4530,1663,2867,0.36710816777041944,4767821,0.619387137226838,1.0,0.8,0.9
70,71,has_back_color::white,white back,a photo of a bird with white back.,True,native_target,4530,893,3637,0.19713024282560707,3247841,0.6005250872810584,0.0,0.2,0.5
71,72,has_back_color::red,red back,a photo of a bird with red back.,False,native_target,4530,103,4427,0.022737306843267108,455981,0.78935854783423,0.0,0.0,0.0
72,73,has_back_color::buff,buff back,a photo of a bird with buff back.,False,native_target,4530,841,3689,0.1856512141280353,3102449,0.5193911326181349,1.0,0.6,0.5
73,74,has_tail_shape::forked_tail,forked tail,a photo of a bird with forked tail.,True,native_target,4586,198,4388,0.043174880069777585,868824,0.5688528401609532,0.0,0.0,0.1
74,75,has_tail_shape::rounded_tail,rounded tail,a photo of a bird with rounded tail.,True,native_target,4586,652,3934,0.14217182730047973,2564968,0.5234689087739106,0.0,0.2,0.2
75,76,has_tail_shape::notched_tail,notched tail,a photo of a bird with notched tail.,True,native_target,4586,1715,2871,0.373964238988225,4923765,0.45595687446496735,0.0,0.0,0.2
76,77,has_tail_shape::fan-shaped_tail,fan shaped tail,a photo of a bird with fan shaped tail.,True,native_target,4586,436,4150,0.09507195813344962,1809400,0.5858168453631037,0.0,0.2,0.1
77,78,has_tail_shape::pointed_tail,pointed tail,a photo of a bird with pointed tail.,True,native_target,4586,1048,3538,0.2285215874400349,3707824,0.4946193508645502,0.0,0.0,0.2
78,79,has_tail_shape::squared_tail,squared tail,a photo of a bird with squared tail.,True,native_target,4586,537,4049,0.11709550806803315,2174313,0.5143744253932162,1.0,0.4,0.2
79,80,has_upper_tail_color::blue,blue upper tail,a photo of a bird with blue upper tail.,False,native_target,3855,214,3641,0.05551232166018158,779174,0.8705231437393959,1.0,1.0,0.9
80,81,has_upper_tail_color::brown,brown upper tail,a photo of a bird with brown upper tail.,False,native_target,3855,828,3027,0.21478599221789882,2506356,0.6481569258317653,1.0,0.6,0.5
81,82,has_upper_tail_color::iridescent,iridescent upper tail,a photo of a bird with iridescent upper tail.,False,native_target,3855,63,3792,0.01634241245136187,238896,0.6549418994039247,0.0,0.2,0.2
82,83,has_upper_tail_color::purple,purple upper tail,a photo of a bird with purple upper tail.,False,native_target,3855,16,3839,0.004150453955901427,61424,0.5615069028392811,0.0,0.0,0.0
83,84,has_upper_tail_color::rufous,rufous upper tail,a photo of a bird with rufous upper tail.,False,native_target,3855,40,3815,0.010376134889753566,152600,0.5372214941022281,0.0,0.0,0.0
84,85,has_upper_tail_color::grey,grey upper tail,a photo of a bird with grey upper tail.,False,native_target,3855,1070,2785,0.2775616083009079,2979950,0.5872517995268377,0.0,0.2,0.6
85,86,has_upper_tail_color::yellow,yellow upper tail,a photo of a bird with yellow upper tail.,False,native_target,3855,258,3597,0.0669260700389105,928026,0.7843853512724859,1.0,1.0,0.7
86,87,has_upper_tail_color::olive,olive upper tail,a photo of a bird with olive upper tail.,False,native_target,3855,131,3724,0.03398184176394293,487844,0.6489789768860538,0.0,0.0,0.0
87,88,has_upper_tail_color::green,green upper tail,a photo of a bird with green upper tail.,False,native_target,3855,46,3809,0.011932555123216601,175214,0.7890408300706565,0.0,0.2,0.2
88,89,has_upper_tail_color::pink,pink upper tail,a photo of a bird with pink upper tail.,False,native_target,3855,29,3826,0.007522697795071336,110954,0.5442705986264578,0.0,0.0,0.0
89,90,has_upper_tail_color::orange,orange upper tail,a photo of a bird with orange upper tail.,False,native_target,3855,87,3768,0.022568093385214007,327816,0.667227957146692,0.0,0.0,0.0
90,91,has_upper_tail_color::black,black upper tail,a photo of a bird with black upper tail.,False,native_target,3855,1480,2375,0.383916990920882,3515000,0.5860724039829303,0.0,0.4,0.6
91,92,has_upper_tail_color::white,white upper tail,a photo of a bird with white upper tail.,False,native_target,3855,730,3125,0.1893644617380026,2281250,0.6287355616438356,1.0,0.6,0.6
92,93,has_upper_tail_color::red,red upper tail,a photo of a bird with red upper tail.,False,native_target,3855,83,3772,0.02153047989623865,313076,0.7694170105661245,0.0,0.2,0.3
93,94,has_upper_tail_color::buff,buff upper tail,a photo of a bird with buff upper tail.,False,native_target,3855,631,3224,0.16368352788586252,2034344,0.526008875588396,0.0,0.0,0.0
94,95,has_head_pattern::spotted,spotted head,a photo of a bird with spotted head.,False,native_target,5592,159,5433,0.028433476394849784,863847,0.5842296147350168,0.0,0.0,0.0
95,96,has_head_pattern::malar,malar head,a photo of a bird with malar head.,False,native_target,5592,558,5034,0.09978540772532189,2808972,0.4705020199560551,0.0,0.2,0.2
96,97,has_head_pattern::crested,crested head,a photo of a bird with crested head.,True,native_target,5592,227,5365,0.040593705293276106,1217855,0.5965521346958381,1.0,0.4,0.4
97,98,has_head_pattern::masked,masked head,a photo of a bird with masked head.,True,native_target,5592,252,5340,0.045064377682403435,1345680,0.5976339099934606,0.0,0.0,0.1
98,99,has_head_pattern::unique_pattern,unique pattern head,a photo of a bird with unique pattern head.,False,native_target,5592,185,5407,0.0330829756795422,1000295,0.598468451806717,0.0,0.0,0.0
99,100,has_head_pattern::eyebrow,eyebrow head,a photo of a bird with eyebrow head.,False,native_target,5592,708,4884,0.12660944206008584,3457872,0.4908213780035814,1.0,0.4,0.4
100,101,has_head_pattern::eyering,eyering head,a photo of a bird with eyering head.,True,native_target,5592,926,4666,0.1655937052932761,4320716,0.5024313099958433,0.0,0.2,0.1
101,102,has_head_pattern::plain,plain head,a photo of a bird with plain head.,True,native_target,5592,1537,4055,0.2748569384835479,6232535,0.5270957162695437,0.0,0.6,0.5
102,103,has_head_pattern::eyeline,eyeline head,a photo of a bird with eyeline head.,True,native_target,5592,670,4922,0.1198140200286123,3297740,0.5145299508148005,0.0,0.0,0.0
103,104,has_head_pattern::striped,striped head,a photo of a bird with striped head.,True,native_target,5592,392,5200,0.07010014306151645,2038400,0.5278132358712716,0.0,0.2,0.1
104,105,has_head_pattern::capped,capped head,a photo of a bird with capped head.,True,native_target,5592,668,4924,0.11945636623748211,3289232,0.5336370313799695,0.0,0.2,0.1
105,106,has_breast_color::blue,blue breast,a photo of a bird with blue breast.,False,native_target,5317,178,5139,0.033477524920067704,914742,0.8649116362865158,1.0,1.0,0.6
106,107,has_breast_color::brown,brown breast,a photo of a bird with brown breast.,True,native_target,5317,639,4678,0.12018055294338913,2989242,0.6326379731048875,1.0,0.4,0.2
107,108,has_breast_color::iridescent,iridescent breast,a photo of a bird with iridescent breast.,False,native_target,5317,90,5227,0.016926838442730862,470430,0.7169419467295878,0.0,0.4,0.3
108,109,has_breast_color::purple,purple breast,a photo of a bird with purple breast.,False,native_target,5317,17,5300,0.003197291705849163,90100,0.6292563817980023,0.0,0.0,0.0
109,110,has_breast_color::rufous,rufous breast,a photo of a bird with rufous breast.,False,native_target,5317,77,5240,0.014481850667669738,403480,0.657063547139883,0.0,0.0,0.0
110,111,has_breast_color::grey,grey breast,a photo of a bird with grey breast.,True,native_target,5317,1084,4233,0.2038743652435584,4588572,0.6243142746806631,1.0,0.8,0.7
111,112,has_breast_color::yellow,yellow breast,a photo of a bird with yellow breast.,True,native_target,5317,794,4523,0.14933233026142562,3591262,0.8655759451691355,0.0,0.6,0.5
112,113,has_breast_color::olive,olive breast,a photo of a bird with olive breast.,False,native_target,5317,104,5213,0.019559902200488997,542152,0.654495418259086,0.0,0.2,0.2
113,114,has_breast_color::green,green breast,a photo of a bird with green breast.,False,native_target,5317,63,5254,0.011848786909911604,331002,0.7231043921184767,0.0,0.0,0.1
114,115,has_breast_color::pink,pink breast,a photo of a bird with pink breast.,False,native_target,5317,25,5292,0.0047018995674252394,132300,0.5971126228269086,0.0,0.0,0.0
115,116,has_breast_color::orange,orange breast,a photo of a bird with orange breast.,True,native_target,5317,170,5147,0.03197291705849163,874990,0.7519251648590269,0.0,0.4,0.3
116,117,has_breast_color::black,black breast,a photo of a bird with black breast.,True,native_target,5317,1176,4141,0.22117735565168328,4869816,0.6562728448056354,0.0,0.4,0.5
117,118,has_breast_color::white,white breast,a photo of a bird with white breast.,True,native_target,5317,2080,3237,0.39119804400978,6732960,0.6260285966350609,1.0,0.8,0.7
118,119,has_breast_color::red,red breast,a photo of a bird with red breast.,True,native_target,5317,233,5084,0.043821703968403236,1184572,0.8512737089851862,1.0,0.6,0.5
119,120,has_breast_color::buff,buff breast,a photo of a bird with buff breast.,False,native_target,5317,996,4321,0.18732367876622155,4303716,0.5574023704166353,0.0,0.6,0.5
120,121,has_throat_color::blue,blue throat,a photo of a bird with blue throat.,False,native_target,5522,182,5340,0.03295907279971025,971880,0.8464650985718402,1.0,0.6,0.5
121,122,has_throat_color::brown,brown throat,a photo of a bird with brown throat.,True,native_target,5522,476,5046,0.08620065193770374,2401896,0.5196224149588492,0.0,0.4,0.2
122,123,has_throat_color::iridescent,iridescent throat,a photo of a bird with iridescent throat.,False,native_target,5522,88,5434,0.01593625498007968,478192,0.7032656338876434,0.0,0.2,0.3
123,124,has_throat_color::purple,purple throat,a photo of a bird with purple throat.,False,native_target,5522,28,5494,0.0050706265845708075,153832,0.5840917364397524,0.0,0.0,0.1
124,125,has_throat_color::rufous,rufous throat,a photo of a bird with rufous throat.,False,native_target,5522,74,5448,0.013400941687794278,403152,0.573213080922332,0.0,0.0,0.0
125,126,has_throat_color::grey,grey throat,a photo of a bird with grey throat.,True,native_target,5522,992,4530,0.17964505613908005,4493760,0.5738230346079898,0.0,0.2,0.4
126,127,has_throat_color::yellow,yellow throat,a photo of a bird with yellow throat.,True,native_target,5522,653,4869,0.11825425570445491,3179457,0.7868112385228043,0.0,0.0,0.3
127,128,has_throat_color::olive,olive throat,a photo of a bird with olive throat.,False,native_target,5522,88,5434,0.01593625498007968,478192,0.692201040586208,0.0,0.0,0.0
128,129,has_throat_color::green,green throat,a photo of a bird with green throat.,False,native_target,5522,60,5462,0.010865628395508874,327720,0.7536311485414379,0.0,0.0,0.1
129,130,has_throat_color::pink,pink throat,a photo of a bird with pink throat.,False,native_target,5522,26,5496,0.004708438971387179,142896,0.5188913615496585,0.0,0.0,0.0
130,131,has_throat_color::orange,orange throat,a photo of a bird with orange throat.,True,native_target,5522,136,5386,0.02462875769648678,732496,0.6637865599266071,0.0,0.0,0.0
131,132,has_throat_color::black,black throat,a photo of a bird with black throat.,True,native_target,5522,1259,4263,0.22799710249909452,5367117,0.5635315011765162,0.0,0.2,0.2
132,133,has_throat_color::white,white throat,a photo of a bird with white throat.,True,native_target,5522,2016,3506,0.36508511408909816,7068096,0.5096100845262996,0.0,0.4,0.6
133,134,has_throat_color::red,red throat,a photo of a bird with red throat.,True,native_target,5522,218,5304,0.039478449837015574,1156272,0.8071119944096199,0.0,0.6,0.4
134,135,has_throat_color::buff,buff throat,a photo of a bird with buff throat.,False,native_target,5522,796,4726,0.1441506700470844,3761896,0.5227345466222352,0.0,0.2,0.3
135,136,has_eye_color::blue,blue eye,a photo of a bird with blue eye.,False,native_target,5527,56,5471,0.010132078885471322,306376,0.6682083453011985,0.0,0.0,0.0
136,137,has_eye_color::brown,brown eye,a photo of a bird with brown eye.,False,native_target,5527,200,5327,0.03618599601954044,1065400,0.5233086164820725,0.0,0.0,0.1
137,138,has_eye_color::purple,purple eye,a photo of a bird with purple eye.,False,native_target,5527,10,5517,0.0018092998009770218,55170,0.4590357078122168,0.0,0.0,0.0
138,139,has_eye_color::rufous,rufous eye,a photo of a bird with rufous eye.,False,native_target,5527,67,5460,0.012122308666546046,365820,0.47711169427587335,0.0,0.0,0.0
139,140,has_eye_color::grey,grey eye,a photo of a bird with grey eye.,False,native_target,5527,101,5426,0.018273927989867923,548026,0.5240910102805342,0.0,0.0,0.0
140,141,has_eye_color::yellow,yellow eye,a photo of a bird with yellow eye.,False,native_target,5527,126,5401,0.022797177492310475,680526,0.5795436177309904,0.0,0.2,0.1
141,142,has_eye_color::olive,olive eye,a photo of a bird with olive eye.,False,native_target,5527,17,5510,0.003075809661660937,93670,0.5057115405145725,0.0,0.0,0.0
142,143,has_eye_color::green,green eye,a photo of a bird with green eye.,False,native_target,5527,3,5524,0.0005427899402931065,16572,0.6658822109582428,0.0,0.0,0.0
143,144,has_eye_color::pink,pink eye,a photo of a bird with pink eye.,False,native_target,5527,23,5504,0.0041613895422471505,126592,0.49276415571284127,0.0,0.0,0.0
144,145,has_eye_color::orange,orange eye,a photo of a bird with orange eye.,False,native_target,5527,69,5458,0.01248416862674145,376602,0.5348325287704261,0.0,0.0,0.0
145,146,has_eye_color::black,black eye,a photo of a bird with black eye.,False,native_target,5527,4877,650,0.8823955129364935,3170050,0.48457374489361366,1.0,1.0,0.9
146,147,has_eye_color::white,white eye,a photo of a bird with white eye.,False,native_target,5527,162,5365,0.029310656775827754,869130,0.5862724793759276,0.0,0.0,0.0
147,148,has_eye_color::red,red eye,a photo of a bird with red eye.,False,native_target,5527,132,5395,0.02388275737289669,712140,0.6276743336984301,0.0,0.0,0.0
148,149,has_eye_color::buff,buff eye,a photo of a bird with buff eye.,False,native_target,5527,89,5438,0.016102768228695497,483982,0.5391264551160994,0.0,0.0,0.0
149,150,has_bill_length::about_the_same_as_head,bill about the same length as head,a photo of a bird with bill about the same length as head.,True,native_target,5667,2119,3548,0.37391918122463386,7518212,0.5317756402719157,0.0,0.4,0.5
150,151,has_bill_length::longer_than_head,bill longer than head,a photo of a bird with bill longer than head.,True,native_target,5667,348,5319,0.0614081524616199,1851012,0.6052056928858376,0.0,0.0,0.0
151,152,has_bill_length::shorter_than_head,bill shorter than head,a photo of a bird with bill shorter than head.,True,native_target,5667,3247,2420,0.5729662961002294,7857740,0.3962550937037876,0.0,0.4,0.4
152,153,has_forehead_color::blue,blue forehead,a photo of a bird with blue forehead.,False,native_target,5515,303,5212,0.05494106980961015,1579236,0.8399669207135603,1.0,0.6,0.6
153,154,has_forehead_color::brown,brown forehead,a photo of a bird with brown forehead.,False,native_target,5515,998,4517,0.18096101541251133,4507966,0.5226057605580876,0.0,0.0,0.0
154,155,has_forehead_color::iridescent,iridescent forehead,a photo of a bird with iridescent forehead.,False,native_target,5515,124,5391,0.022484134179510427,668484,0.6429069356933,0.0,0.2,0.1
155,156,has_forehead_color::purple,purple forehead,a photo of a bird with purple forehead.,False,native_target,5515,32,5483,0.005802357207615594,175456,0.6418817253328469,0.0,0.0,0.1
156,157,has_forehead_color::rufous,rufous forehead,a photo of a bird with rufous forehead.,False,native_target,5515,88,5427,0.015956482320942884,477576,0.5329978893411729,0.0,0.0,0.1
157,158,has_forehead_color::grey,grey forehead,a photo of a bird with grey forehead.,False,native_target,5515,1181,4334,0.21414324569356302,5118454,0.5797378466232187,0.0,0.0,0.1
158,159,has_forehead_color::yellow,yellow forehead,a photo of a bird with yellow forehead.,False,native_target,5515,483,5032,0.08757932910244787,2430456,0.7341219096334186,0.0,0.0,0.0
159,160,has_forehead_color::olive,olive forehead,a photo of a bird with olive forehead.,False,native_target,5515,128,5387,0.023209428830462377,689536,0.5861158808242064,0.0,0.0,0.0
160,161,has_forehead_color::green,green forehead,a photo of a bird with green forehead.,False,native_target,5515,53,5462,0.009610154125113327,289486,0.7239175642345398,0.0,0.0,0.1
161,162,has_forehead_color::pink,pink forehead,a photo of a bird with pink forehead.,False,native_target,5515,24,5491,0.004351767905711695,131784,0.5956034116432951,0.0,0.0,0.0
162,163,has_forehead_color::orange,orange forehead,a photo of a bird with orange forehead.,False,native_target,5515,159,5356,0.028830462375339982,851604,0.6084929145471369,0.0,0.2,0.1
163,164,has_forehead_color::black,black forehead,a photo of a bird with black forehead.,False,native_target,5515,1864,3651,0.3379873073436083,6805464,0.5490331004616291,1.0,0.8,0.5
164,165,has_forehead_color::white,white forehead,a photo of a bird with white forehead.,False,native_target,5515,807,4708,0.14632819582955575,3799356,0.5800281679316179,0.0,0.4,0.5
165,166,has_forehead_color::red,red forehead,a photo of a bird with red forehead.,False,native_target,5515,254,5261,0.04605621033544877,1336294,0.7450059642563688,0.0,0.0,0.1
166,167,has_forehead_color::buff,buff forehead,a photo of a bird with buff forehead.,False,native_target,5515,708,4807,0.12837715321849502,3403356,0.4996209623677335,0.0,0.0,0.0
167,168,has_under_tail_color::blue,blue under tail,a photo of a bird with blue under tail.,False,native_target,4343,203,4140,0.04674188349067465,840420,0.862831679398396,1.0,0.8,0.8
168,169,has_under_tail_color::brown,brown under tail,a photo of a bird with brown under tail.,False,native_target,4343,891,3452,0.20515772507483307,3075732,0.5811688079455557,0.0,0.2,0.3
169,170,has_under_tail_color::iridescent,iridescent under tail,a photo of a bird with iridescent under tail.,False,native_target,4343,65,4278,0.014966612940363803,278070,0.6291976840363938,0.0,0.0,0.2
170,171,has_under_tail_color::purple,purple under tail,a photo of a bird with purple under tail.,False,native_target,4343,18,4325,0.004144600506562284,77850,0.6085420680796403,0.0,0.2,0.1
171,172,has_under_tail_color::rufous,rufous under tail,a photo of a bird with rufous under tail.,False,native_target,4343,52,4291,0.011973290352291043,223132,0.44088252693472924,0.0,0.0,0.0
172,173,has_under_tail_color::grey,grey under tail,a photo of a bird with grey under tail.,False,native_target,4343,1213,3130,0.2793000230255584,3796690,0.5363802417368814,0.0,0.4,0.4
173,174,has_under_tail_color::yellow,yellow under tail,a photo of a bird with yellow under tail.,False,native_target,4343,383,3960,0.08818788855629749,1516680,0.7260724081546536,0.0,0.6,0.4
174,175,has_under_tail_color::olive,olive under tail,a photo of a bird with olive under tail.,False,native_target,4343,125,4218,0.028781947962238083,527250,0.5948183973447131,0.0,0.0,0.0
175,176,has_under_tail_color::green,green under tail,a photo of a bird with green under tail.,False,native_target,4343,56,4287,0.012894312687082661,240072,0.7102077710020327,0.0,0.2,0.2
176,177,has_under_tail_color::pink,pink under tail,a photo of a bird with pink under tail.,False,native_target,4343,23,4320,0.0052958784250518075,99360,0.4604770531400966,0.0,0.0,0.0
177,178,has_under_tail_color::orange,orange under tail,a photo of a bird with orange under tail.,False,native_target,4343,109,4234,0.02509785862307161,461506,0.6253526498030362,0.0,0.0,0.1
178,179,has_under_tail_color::black,black under tail,a photo of a bird with black under tail.,False,native_target,4343,1808,2535,0.41630209532581164,4583280,0.5384773568274249,0.0,0.2,0.5
179,180,has_under_tail_color::white,white under tail,a photo of a bird with white under tail.,False,native_target,4343,1034,3309,0.23808427354363343,3421506,0.5404698983430104,0.0,0.2,0.3
180,181,has_under_tail_color::red,red under tail,a photo of a bird with red under tail.,False,native_target,4343,83,4260,0.01911121344692609,353580,0.6859041801006844,0.0,0.0,0.0
181,182,has_under_tail_color::buff,buff under tail,a photo of a bird with buff under tail.,False,native_target,4343,694,3649,0.15979737508634584,2532406,0.49426592734340385,1.0,0.4,0.2
182,183,has_nape_color::blue,blue nape,a photo of a bird with blue nape.,False,native_target,5367,289,5078,0.053847587106390905,1467542,0.8378336020366027,1.0,1.0,0.9
183,184,has_nape_color::brown,brown nape,a photo of a bird with brown nape.,False,native_target,5367,1012,4355,0.18855971678777717,4407260,0.5926632420143128,0.0,0.2,0.3
184,185,has_nape_color::iridescent,iridescent nape,a photo of a bird with iridescent nape.,False,native_target,5367,119,5248,0.02217253586733743,624512,0.6837722894035663,0.0,0.4,0.4
185,186,has_nape_color::purple,purple nape,a photo of a bird with purple nape.,False,native_target,5367,34,5333,0.006335010247810695,181322,0.7433736667365239,0.0,0.0,0.2
186,187,has_nape_color::rufous,rufous nape,a photo of a bird with rufous nape.,False,native_target,5367,80,5287,0.014905906465436929,422960,0.5061471533951201,0.0,0.0,0.1
187,188,has_nape_color::grey,grey nape,a photo of a bird with grey nape.,False,native_target,5367,1427,3940,0.2658841065772312,5622380,0.5743500083594492,0.0,0.2,0.2
188,189,has_nape_color::yellow,yellow nape,a photo of a bird with yellow nape.,False,native_target,5367,464,4903,0.08645425749953418,2274992,0.7251309015592142,0.0,0.0,0.1
189,190,has_nape_color::olive,olive nape,a photo of a bird with olive nape.,False,native_target,5367,183,5184,0.03409726103968697,948672,0.596754199554746,0.0,0.0,0.1
190,191,has_nape_color::green,green nape,a photo of a bird with green nape.,False,native_target,5367,80,5287,0.014905906465436929,422960,0.7146952430489881,0.0,0.0,0.1
191,192,has_nape_color::pink,pink nape,a photo of a bird with pink nape.,False,native_target,5367,33,5334,0.006148686416992733,176022,0.6288532115303769,0.0,0.0,0.1
192,193,has_nape_color::orange,orange nape,a photo of a bird with orange nape.,False,native_target,5367,126,5241,0.023476802683063163,660366,0.6675146812525176,0.0,0.2,0.2
193,194,has_nape_color::black,black nape,a photo of a bird with black nape.,False,native_target,5367,1507,3860,0.28079001304266815,5817020,0.5477613107742453,1.0,0.8,0.6
194,195,has_nape_color::white,white nape,a photo of a bird with white nape.,False,native_target,5367,1274,4093,0.2373765604620831,5214482,0.5198916210661001,1.0,0.4,0.6
195,196,has_nape_color::red,red nape,a photo of a bird with red nape.,False,native_target,5367,199,5168,0.03707844233277436,1028432,0.7091057065513325,0.0,0.0,0.0
196,197,has_nape_color::buff,buff nape,a photo of a bird with buff nape.,False,native_target,5367,889,4478,0.1656418855971679,3980942,0.4849500444869581,1.0,0.2,0.2
197,198,has_belly_color::blue,blue belly,a photo of a bird with blue belly.,False,native_target,5144,144,5000,0.027993779160186624,720000,0.8359083333333334,1.0,0.4,0.2
198,199,has_belly_color::brown,brown belly,a photo of a bird with brown belly.,True,native_target,5144,513,4631,0.09972783825816485,2375703,0.560209756859338,0.0,0.0,0.0
199,200,has_belly_color::iridescent,iridescent belly,a photo of a bird with iridescent belly.,False,native_target,5144,81,5063,0.015746500777604977,410103,0.7020236379641213,0.0,0.4,0.3
200,201,has_belly_color::purple,purple belly,a photo of a bird with purple belly.,False,native_target,5144,19,5125,0.0036936236391912907,97375,0.666803594351733,0.0,0.0,0.1
201,202,has_belly_color::rufous,rufous belly,a photo of a bird with rufous belly.,False,native_target,5144,79,5065,0.015357698289269051,400135,0.7057568070776113,0.0,0.2,0.1
202,203,has_belly_color::grey,grey belly,a photo of a bird with grey belly.,True,native_target,5144,996,4148,0.19362363919129083,4131408,0.5847328562078594,1.0,0.6,0.5
203,204,has_belly_color::yellow,yellow belly,a photo of a bird with yellow belly.,True,native_target,5144,844,4300,0.1640746500777605,3629200,0.7809903008927588,1.0,0.8,0.8
204,205,has_belly_color::olive,olive belly,a photo of a bird with olive belly.,False,native_target,5144,117,5027,0.022744945567651633,588159,0.6872529367058907,0.0,0.4,0.3
205,206,has_belly_color::green,green belly,a photo of a bird with green belly.,False,native_target,5144,68,5076,0.013219284603421462,345168,0.7121604551986279,1.0,0.2,0.1
206,207,has_belly_color::pink,pink belly,a photo of a bird with pink belly.,False,native_target,5144,31,5113,0.0060264385692068425,158503,0.6225938941218778,0.0,0.0,0.0
207,208,has_belly_color::orange,orange belly,a photo of a bird with orange belly.,True,native_target,5144,165,4979,0.03207620528771384,821535,0.6677183564912025,0.0,0.2,0.1
208,209,has_belly_color::black,black belly,a photo of a bird with black belly.,True,native_target,5144,852,4292,0.1656298600311042,3656784,0.6166138060109648,0.0,0.2,0.3
209,210,has_belly_color::white,white belly,a photo of a bird with white belly.,True,native_target,5144,2167,2977,0.4212674961119751,6451159,0.5724676759633424,1.0,1.0,0.9
210,211,has_belly_color::red,red belly,a photo of a bird with red belly.,True,native_target,5144,200,4944,0.038880248833592534,988800,0.7670125404530744,0.0,0.2,0.2
211,212,has_belly_color::buff,buff belly,a photo of a bird with buff belly.,False,native_target,5144,948,4196,0.18429237947122862,3977808,0.5240689093088454,0.0,0.4,0.3
212,213,has_wing_shape::rounded-wings,rounded wings,a photo of a bird with rounded wings.,True,native_target,3830,1653,2177,0.4315926892950392,3598581,0.4459065948494698,1.0,0.2,0.2
213,214,has_wing_shape::pointed-wings,pointed wings,a photo of a bird with pointed wings.,True,native_target,3830,1163,2667,0.30365535248041775,3101721,0.4674848253598567,0.0,0.0,0.2
214,215,has_wing_shape::broad-wings,broad wings,a photo of a bird with broad wings.,True,native_target,3830,335,3495,0.08746736292428199,1170825,0.524079174940747,0.0,0.0,0.2
215,216,has_wing_shape::tapered-wings,tapered wings,a photo of a bird with tapered wings.,True,native_target,3830,470,3360,0.1227154046997389,1579200,0.5727817882472138,0.0,0.4,0.3
216,217,has_wing_shape::long-wings,long wings,a photo of a bird with long wings.,True,native_target,3830,379,3451,0.0989556135770235,1307929,0.6332193872909003,0.0,0.4,0.5
217,218,has_size::large_(16_-_32_in),large bird,a photo of a bird with large bird.,True,native_target,5794,208,5586,0.03589920607525026,1161888,0.6282111528822055,0.0,0.2,0.2
218,219,has_size::small_(5_-_9_in),small bird,a photo of a bird with small bird.,True,native_target,5794,2958,2836,0.5105281325509148,8388888,0.5426003422622879,1.0,0.6,0.5
219,220,has_size::very_large_(32_-_72_in),very bird,a photo of a bird with very bird.,False,native_target,5794,96,5698,0.016568864342423197,547008,0.5400761963261963,0.0,0.0,0.0
220,221,has_size::medium_(9_-_16_in),medium bird,a photo of a bird with medium bird.,True,native_target,5794,1148,4646,0.1981360027614774,5333608,0.49710093055207655,0.0,0.2,0.1
221,222,has_size::very_small_(3_-_5_in),very bird,a photo of a bird with very bird.,False,native_target,5794,1384,4410,0.2388677942699344,6103440,0.4873006042494069,0.0,0.2,0.2
222,223,has_shape::upright-perching_water-like,upright perching water like body shape,a photo of a bird with upright perching water like body shape.,False,native_target,5794,125,5669,0.021574042112530202,708625,0.6332841771035456,0.0,0.0,0.0
223,224,has_shape::chicken-like-marsh,chicken like marsh body shape,a photo of a bird with chicken like marsh body shape.,False,native_target,5794,95,5699,0.016396272005522954,541405,0.613154662406147,0.0,0.2,0.2
224,225,has_shape::long-legged-like,long legged like body shape,a photo of a bird with long legged like body shape.,False,native_target,5794,64,5730,0.011045909561615464,366720,0.5682509816753927,0.0,0.0,0.0
225,226,has_shape::duck-like,duck like body shape,a photo of a bird with duck like body shape.,False,native_target,5794,354,5440,0.06109768726268554,1925760,0.903457855599867,0.0,0.4,0.5
226,227,has_shape::owl-like,owl like body shape,a photo of a bird with owl like body shape.,False,native_target,5794,26,5768,0.0044874007594062825,149968,0.5815373946441907,0.0,0.2,0.2
227,228,has_shape::gull-like,gull like body shape,a photo of a bird with gull like body shape.,False,native_target,5794,404,5390,0.06972730410769762,2177560,0.8192054409522584,1.0,0.4,0.4
228,229,has_shape::hummingbird-like,hummingbird like body shape,a photo of a bird with hummingbird like body shape.,False,native_target,5794,320,5474,0.055229547808077324,1751680,0.6851830813847278,1.0,0.8,0.7
229,230,has_shape::pigeon-like,pigeon like body shape,a photo of a bird with pigeon like body shape.,False,native_target,5794,370,5424,0.0638591646530894,2006880,0.6049245595152675,0.0,0.0,0.1
230,231,has_shape::tree-clinging-like,tree clinging like body shape,a photo of a bird with tree clinging like body shape.,False,native_target,5794,365,5429,0.0629962029685882,1981585,0.6281194094626271,0.0,0.2,0.1
231,232,has_shape::hawk-like,hawk like body shape,a photo of a bird with hawk like body shape.,False,native_target,5794,189,5605,0.03261995167414567,1059345,0.6238203795741708,0.0,0.2,0.3
232,233,has_shape::sandpiper-like,sandpiper like body shape,a photo of a bird with sandpiper like body shape.,False,native_target,5794,312,5482,0.05384880911287539,1710384,0.6044402894320807,0.0,0.2,0.2
233,234,has_shape::upland-ground-like,upland ground like body shape,a photo of a bird with upland ground like body shape.,False,native_target,5794,132,5662,0.022782188470831896,747384,0.5392863641715637,0.0,0.2,0.1
234,235,has_shape::swallow-like,swallow like body shape,a photo of a bird with swallow like body shape.,False,native_target,5794,211,5583,0.03641698308595098,1178013,0.5870652530999233,0.0,0.0,0.0
235,236,has_shape::perching-like,perching like body shape,a photo of a bird with perching like body shape.,False,native_target,5794,2827,2967,0.4879185364169831,8387709,0.517200465586014,0.0,0.4,0.3
236,237,has_back_pattern::solid,solid back,a photo of a bird with solid back.,True,native_target,4520,2115,2405,0.46792035398230086,5086575,0.5083958262681667,0.0,0.2,0.4
237,238,has_back_pattern::spotted,spotted back,a photo of a bird with spotted back.,True,native_target,4520,356,4164,0.07876106194690266,1482384,0.697523718550659,0.0,0.6,0.5
238,239,has_back_pattern::striped,striped back,a photo of a bird with striped back.,True,native_target,4520,898,3622,0.1986725663716814,3252556,0.5702189293589411,0.0,0.0,0.0
239,240,has_back_pattern::multi-colored,multi colored back,a photo of a bird with multi colored back.,True,native_target,4520,1151,3369,0.25464601769911505,3877719,0.5260855673141865,0.0,0.2,0.2
240,241,has_tail_pattern::solid,solid tail,a photo of a bird with solid tail.,True,native_target,4405,2077,2328,0.47150964812712826,4835256,0.5191499684815034,0.0,0.8,0.5
241,242,has_tail_pattern::spotted,spotted tail,a photo of a bird with spotted tail.,True,native_target,4405,263,4142,0.05970488081725312,1089346,0.6535150448067005,0.0,0.2,0.1
242,243,has_tail_pattern::striped,striped tail,a photo of a bird with striped tail.,True,native_target,4405,708,3697,0.16072644721906923,2617476,0.54065443197951,0.0,0.2,0.2
243,244,has_tail_pattern::multi-colored,multi colored tail,a photo of a bird with multi colored tail.,True,native_target,4405,1357,3048,0.3080590238365494,4136136,0.5289057226358127,0.0,0.0,0.3
244,245,has_belly_pattern::solid,solid belly,a photo of a bird with solid belly.,True,native_target,5105,3321,1784,0.6505386875612145,5924664,0.5443694359713901,1.0,0.8,0.8
245,246,has_belly_pattern::spotted,spotted belly,a photo of a bird with spotted belly.,True,native_target,5105,298,4807,0.0583741429970617,1432486,0.6514157904510062,0.0,0.4,0.4
246,247,has_belly_pattern::striped,striped belly,a photo of a bird with striped belly.,True,native_target,5105,566,4539,0.110871694417238,2569074,0.4717166574415529,0.0,0.2,0.1
247,248,has_belly_pattern::multi-colored,multi colored belly,a photo of a bird with multi colored belly.,True,native_target,5105,920,4185,0.1802154750244858,3850200,0.5154578982909979,0.0,0.6,0.6
248,249,has_primary_color::blue,blue primary,a photo of a bird with blue primary.,False,native_target,5794,367,5427,0.06334138764238868,1991709,0.8362612208912045,1.0,0.8,0.9
249,250,has_primary_color::brown,brown primary,a photo of a bird with brown primary.,False,native_target,5794,1437,4357,0.2480151881256472,6261009,0.6394788763280806,1.0,0.6,0.5
250,251,has_primary_color::iridescent,iridescent primary,a photo of a bird with iridescent primary.,False,native_target,5794,110,5684,0.018985157059026578,625240,0.6622656899750495,0.0,0.0,0.1
251,252,has_primary_color::purple,purple primary,a photo of a bird with purple primary.,False,native_target,5794,44,5750,0.0075940628236106315,253000,0.612,0.0,0.0,0.0
252,253,has_primary_color::rufous,rufous primary,a photo of a bird with rufous primary.,False,native_target,5794,107,5687,0.018467380048325856,608509,0.6627206828493909,0.0,0.0,0.1
253,254,has_primary_color::grey,grey primary,a photo of a bird with grey primary.,False,native_target,5794,1728,4066,0.2982395581636175,7026048,0.6162788811007269,1.0,0.4,0.7
254,255,has_primary_color::yellow,yellow primary,a photo of a bird with yellow primary.,False,native_target,5794,901,4893,0.1555056955471177,4408593,0.869351741020321,0.0,0.6,0.7
255,256,has_primary_color::olive,olive primary,a photo of a bird with olive primary.,False,native_target,5794,248,5546,0.042802899551259925,1375408,0.6699284866744994,0.0,0.2,0.2
256,257,has_primary_color::green,green primary,a photo of a bird with green primary.,False,native_target,5794,107,5687,0.018467380048325856,608509,0.7603848094276338,0.0,0.4,0.3
257,258,has_primary_color::pink,pink primary,a photo of a bird with pink primary.,False,native_target,5794,45,5749,0.007766655160510874,258705,0.5237780483562359,0.0,0.0,0.1
258,259,has_primary_color::orange,orange primary,a photo of a bird with orange primary.,False,native_target,5794,228,5566,0.03935105281325509,1269048,0.7089361474112879,0.0,0.0,0.2
259,260,has_primary_color::black,black primary,a photo of a bird with black primary.,False,native_target,5794,2060,3734,0.35554021401449776,7692040,0.6493804634401277,1.0,0.6,0.8
260,261,has_primary_color::white,white primary,a photo of a bird with white primary.,False,native_target,5794,1680,4114,0.2899551259924059,6911520,0.6354479188369563,1.0,0.8,0.8
261,262,has_primary_color::red,red primary,a photo of a bird with red primary.,False,native_target,5794,232,5562,0.04004142216085606,1290384,0.8465480043149946,1.0,0.6,0.6
262,263,has_primary_color::buff,buff primary,a photo of a bird with buff primary.,False,native_target,5794,1109,4685,0.19140490162236798,5195665,0.5072877100428915,0.0,0.0,0.1
263,264,has_leg_color::blue,blue leg,a photo of a bird with blue leg.,False,native_target,4785,77,4708,0.016091954022988506,362516,0.6458114952167628,0.0,0.2,0.1
264,265,has_leg_color::brown,brown leg,a photo of a bird with brown leg.,False,native_target,4785,446,4339,0.09320794148380356,1935194,0.5174106575361437,0.0,0.4,0.2
265,266,has_leg_color::iridescent,iridescent leg,a photo of a bird with iridescent leg.,False,native_target,4785,22,4763,0.004597701149425287,104786,0.5959574752352413,0.0,0.0,0.0
266,267,has_leg_color::purple,purple leg,a photo of a bird with purple leg.,False,native_target,4785,23,4762,0.004806687565308255,109526,0.559711849241276,0.0,0.0,0.0
267,268,has_leg_color::rufous,rufous leg,a photo of a bird with rufous leg.,False,native_target,4785,66,4719,0.013793103448275862,311454,0.4683420344577369,0.0,0.0,0.0
268,269,has_leg_color::grey,grey leg,a photo of a bird with grey leg.,False,native_target,4785,1467,3318,0.3065830721003135,4867506,0.4978544453771603,0.0,0.6,0.7
269,270,has_leg_color::yellow,yellow leg,a photo of a bird with yellow leg.,False,native_target,4785,107,4678,0.022361546499477535,500546,0.6092726742397302,0.0,0.4,0.2
270,271,has_leg_color::olive,olive leg,a photo of a bird with olive leg.,False,native_target,4785,29,4756,0.006060606060606061,137924,0.49479423450595983,0.0,0.0,0.0
271,272,has_leg_color::green,green leg,a photo of a bird with green leg.,False,native_target,4785,7,4778,0.0014629049111807733,33446,0.5226035998325659,0.0,0.0,0.0
272,273,has_leg_color::pink,pink leg,a photo of a bird with pink leg.,False,native_target,4785,147,4638,0.030721003134796237,681786,0.5943947220975496,0.0,0.0,0.0
273,274,has_leg_color::orange,orange leg,a photo of a bird with orange leg.,False,native_target,4785,478,4307,0.09989550679205851,2058746,0.5156843049118249,0.0,0.0,0.2
274,275,has_leg_color::black,black leg,a photo of a bird with black leg.,False,native_target,4785,1423,3362,0.2973876698014629,4784126,0.5066701838538533,1.0,0.2,0.4
275,276,has_leg_color::white,white leg,a photo of a bird with white leg.,False,native_target,4785,191,4594,0.039916405433646815,877454,0.5735958808097062,0.0,0.0,0.0
276,277,has_leg_color::red,red leg,a photo of a bird with red leg.,False,native_target,4785,167,4618,0.03490073145245559,771206,0.6956364447372038,0.0,0.4,0.5
277,278,has_leg_color::buff,buff leg,a photo of a bird with buff leg.,False,native_target,4785,957,3828,0.2,3663396,0.5018617970866377,0.0,0.0,0.1
278,279,has_bill_color::blue,blue bill,a photo of a bird with blue bill.,True,native_target,5672,151,5521,0.02662200282087447,833671,0.7217427498377658,0.0,0.0,0.0
279,280,has_bill_color::brown,brown bill,a photo of a bird with brown bill.,True,native_target,5672,488,5184,0.08603667136812412,2529792,0.5413443081486541,0.0,0.2,0.1
280,281,has_bill_color::iridescent,iridescent bill,a photo of a bird with iridescent bill.,False,native_target,5672,53,5619,0.009344146685472496,297807,0.6023464861470684,0.0,0.0,0.0
281,282,has_bill_color::purple,purple bill,a photo of a bird with purple bill.,False,native_target,5672,17,5655,0.002997179125528914,96135,0.5657772923493004,0.0,0.0,0.0
282,283,has_bill_color::rufous,rufous bill,a photo of a bird with rufous bill.,False,native_target,5672,81,5591,0.014280677009873061,452871,0.47789326320298714,1.0,0.4,0.2
283,284,has_bill_color::grey,grey bill,a photo of a bird with grey bill.,True,native_target,5672,1583,4089,0.27909026798307474,6472887,0.49136590828790927,0.0,0.0,0.1
284,285,has_bill_color::yellow,yellow bill,a photo of a bird with yellow bill.,True,native_target,5672,336,5336,0.05923836389280677,1792896,0.596238711001642,0.0,0.2,0.1
285,286,has_bill_color::olive,olive bill,a photo of a bird with olive bill.,False,native_target,5672,34,5638,0.005994358251057828,191692,0.5678797237234731,0.0,0.0,0.0
286,287,has_bill_color::green,green bill,a photo of a bird with green bill.,False,native_target,5672,14,5658,0.002468265162200282,79212,0.511109427864465,0.0,0.0,0.0
287,288,has_bill_color::pink,pink bill,a photo of a bird with pink bill.,False,native_target,5672,53,5619,0.009344146685472496,297807,0.5388019757762578,0.0,0.2,0.1
288,289,has_bill_color::orange,orange bill,a photo of a bird with orange bill.,True,native_target,5672,392,5280,0.0691114245416079,2069760,0.6110532138991961,1.0,0.6,0.4
289,290,has_bill_color::black,black bill,a photo of a bird with black bill.,True,native_target,5672,2575,3097,0.453984485190409,7974775,0.5154343539472901,0.0,0.4,0.3
290,291,has_bill_color::white,white bill,a photo of a bird with white bill.,True,native_target,5672,319,5353,0.05624118476727786,1707607,0.5686197116783896,0.0,0.0,0.0
291,292,has_bill_color::red,red bill,a photo of a bird with red bill.,True,native_target,5672,202,5470,0.03561354019746121,1104940,0.7071252737705215,1.0,0.2,0.2
292,293,has_bill_color::buff,buff bill,a photo of a bird with buff bill.,False,native_target,5672,823,4849,0.145098730606488,3990727,0.4961314066334279,0.0,0.2,0.1
293,294,has_crown_color::blue,blue crown,a photo of a bird with blue crown.,False,native_target,5527,317,5210,0.057354803690971595,1651570,0.8771344841574986,1.0,0.8,0.8
294,295,has_crown_color::brown,brown crown,a photo of a bird with brown crown.,True,native_target,5527,1078,4449,0.19504251854532295,4796022,0.64131305069076,0.0,0.2,0.2
295,296,has_crown_color::iridescent,iridescent crown,a photo of a bird with iridescent crown.,False,native_target,5527,129,5398,0.02333996743260358,696342,0.6773510717434824,0.0,0.4,0.2
296,297,has_crown_color::purple,purple crown,a photo of a bird with purple crown.,False,native_target,5527,36,5491,0.006513479283517279,197676,0.6763087071774014,0.0,0.0,0.1
297,298,has_crown_color::rufous,rufous crown,a photo of a bird with rufous crown.,False,native_target,5527,97,5430,0.017550208069477113,526710,0.6241992747432173,0.0,0.2,0.1
298,299,has_crown_color::grey,grey crown,a photo of a bird with grey crown.,True,native_target,5527,1246,4281,0.22543875520173692,5334126,0.5919362422259992,1.0,0.6,0.5
299,300,has_crown_color::yellow,yellow crown,a photo of a bird with yellow crown.,True,native_target,5527,407,5120,0.07363850189976479,2083840,0.7913054745085996,0.0,0.2,0.2
300,301,has_crown_color::olive,olive crown,a photo of a bird with olive crown.,False,native_target,5527,142,5385,0.02569205717387371,764670,0.5876181882380634,0.0,0.0,0.2
301,302,has_crown_color::green,green crown,a photo of a bird with green crown.,False,native_target,5527,66,5461,0.011941378686448345,360426,0.6759834196201162,0.0,0.0,0.0
302,303,has_crown_color::pink,pink crown,a photo of a bird with pink crown.,False,native_target,5527,36,5491,0.006513479283517279,197676,0.627284040551205,0.0,0.0,0.0
303,304,has_crown_color::orange,orange crown,a photo of a bird with orange crown.,False,native_target,5527,153,5374,0.027682286954948433,822222,0.6967546477715264,0.0,0.4,0.3
304,305,has_crown_color::black,black crown,a photo of a bird with black crown.,True,native_target,5527,1855,3672,0.33562511308123755,6811560,0.6312985571587125,1.0,0.8,0.6
305,306,has_crown_color::white,white crown,a photo of a bird with white crown.,True,native_target,5527,712,4815,0.12882214582956397,3428280,0.582380231486343,1.0,0.2,0.3
306,307,has_crown_color::red,red crown,a photo of a bird with red crown.,True,native_target,5527,297,5230,0.05373620408901755,1553310,0.8356252132542763,1.0,0.2,0.4
307,308,has_crown_color::buff,buff crown,a photo of a bird with buff crown.,False,native_target,5527,718,4809,0.12990772571015016,3452862,0.565328559322672,0.0,0.2,0.1
308,309,has_wing_pattern::solid,solid wing,a photo of a bird with solid wing.,True,native_target,5175,1650,3525,0.3188405797101449,5816250,0.5744930152589727,1.0,0.6,0.6
309,310,has_wing_pattern::spotted,spotted wing,a photo of a bird with spotted wing.,True,native_target,5175,430,4745,0.08309178743961353,2040350,0.6707790330090425,1.0,0.6,0.6
310,311,has_wing_pattern::striped,striped wing,a photo of a bird with striped wing.,True,native_target,5175,1303,3872,0.25178743961352656,5045216,0.5257636144815208,0.0,0.2,0.1
311,312,has_wing_pattern::multi-colored,multi colored wing,a photo of a bird with multi colored wing.,True,native_target,5175,1792,3383,0.346280193236715,6062336,0.546956321787509,1.0,0.8,0.6
0,1,has_bill_shape::curved_(up_or_down),curved up or down bill,a photo of a bird with curved up or down bill.,False,unaligned_source_to_target,5670,119,5551,0.020987654320987655,660569,0.441021301332639,0.0,0.0,0.0
1,2,has_bill_shape::dagger,dagger bill,a photo of a bird with dagger bill.,True,unaligned_source_to_target,5670,786,4884,0.13862433862433862,3838824,0.5246942813736707,1.0,0.4,0.4
2,3,has_bill_shape::hooked,hooked bill,a photo of a bird with hooked bill.,True,unaligned_source_to_target,5670,95,5575,0.01675485008818342,529625,0.5476724097238612,0.0,0.0,0.1
3,4,has_bill_shape::needle,needle bill,a photo of a bird with needle bill.,True,unaligned_source_to_target,5670,149,5521,0.026278659611992945,822629,0.5053408036915791,0.0,0.0,0.0
4,5,has_bill_shape::hooked_seabird,hooked seabird bill,a photo of a bird with hooked seabird bill.,False,unaligned_source_to_target,5670,373,5297,0.06578483245149912,1975781,0.42833745237959064,0.0,0.2,0.1
5,6,has_bill_shape::spatulate,spatulate bill,a photo of a bird with spatulate bill.,False,unaligned_source_to_target,5670,224,5446,0.03950617283950617,1219904,0.3233360985782488,0.0,0.0,0.0
6,7,has_bill_shape::all-purpose,all purpose bill,a photo of a bird with all purpose bill.,False,unaligned_source_to_target,5670,2337,3333,0.4121693121693122,7789221,0.5001028986082177,0.0,0.2,0.2
7,8,has_bill_shape::cone,cone bill,a photo of a bird with cone bill.,True,unaligned_source_to_target,5670,1468,4202,0.2589065255731922,6168536,0.5304903789164884,1.0,0.4,0.3
8,9,has_bill_shape::specialized,specialized bill,a photo of a bird with specialized bill.,False,unaligned_source_to_target,5670,119,5551,0.020987654320987655,660569,0.638360262137642,0.0,0.0,0.0
9,10,has_wing_color::blue,blue wing,a photo of a bird with blue wing.,True,unaligned_source_to_target,5349,296,5053,0.05533744625163582,1495688,0.35232080487374373,0.0,0.0,0.0
10,11,has_wing_color::brown,brown wing,a photo of a bird with brown wing.,True,unaligned_source_to_target,5349,1557,3792,0.29108244531688166,5904144,0.43352330159969,0.0,0.2,0.1
11,12,has_wing_color::iridescent,iridescent wing,a photo of a bird with iridescent wing.,False,unaligned_source_to_target,5349,112,5237,0.020938493176294634,586544,0.49360661774734715,0.0,0.0,0.0
12,13,has_wing_color::purple,purple wing,a photo of a bird with purple wing.,False,unaligned_source_to_target,5349,26,5323,0.004860721630211255,138398,0.4840460122256102,0.0,0.0,0.0
13,14,has_wing_color::rufous,rufous wing,a photo of a bird with rufous wing.,False,unaligned_source_to_target,5349,69,5280,0.012899607403252944,364320,0.6758701141853316,0.0,0.0,0.0
14,15,has_wing_color::grey,grey wing,a photo of a bird with grey wing.,True,unaligned_source_to_target,5349,1768,3581,0.3305290708543653,6331208,0.44210646688594024,0.0,0.2,0.2
15,16,has_wing_color::yellow,yellow wing,a photo of a bird with yellow wing.,True,unaligned_source_to_target,5349,546,4803,0.10207515423443635,2622438,0.6049797936118986,0.0,0.2,0.2
16,17,has_wing_color::olive,olive wing,a photo of a bird with olive wing.,False,unaligned_source_to_target,5349,210,5139,0.03925967470555244,1079190,0.6140948303820458,0.0,0.0,0.1
17,18,has_wing_color::green,green wing,a photo of a bird with green wing.,False,unaligned_source_to_target,5349,95,5254,0.0177603290334642,499130,0.5773225412217258,0.0,0.0,0.0
18,19,has_wing_color::pink,pink wing,a photo of a bird with pink wing.,False,unaligned_source_to_target,5349,25,5324,0.004673770798280052,133100,0.4371074380165289,0.0,0.0,0.0
19,20,has_wing_color::orange,orange wing,a photo of a bird with orange wing.,False,unaligned_source_to_target,5349,144,5205,0.0269209197980931,749520,0.5850784502081332,0.0,0.0,0.0
20,21,has_wing_color::black,black wing,a photo of a bird with black wing.,True,unaligned_source_to_target,5349,2461,2888,0.46008599738268835,7107368,0.5348308966132048,0.0,0.6,0.7
21,22,has_wing_color::white,white wing,a photo of a bird with white wing.,True,unaligned_source_to_target,5349,1510,3839,0.28229575621611513,5796890,0.4847840824994092,0.0,0.6,0.3
22,23,has_wing_color::red,red wing,a photo of a bird with red wing.,True,unaligned_source_to_target,5349,122,5227,0.022808001495606654,637694,0.7215435616455541,1.0,0.2,0.2
23,24,has_wing_color::buff,buff wing,a photo of a bird with buff wing.,False,unaligned_source_to_target,5349,1058,4291,0.19779398018321181,4539878,0.4520335127948372,0.0,0.2,0.2
24,25,has_upperparts_color::blue,blue upperparts,a photo of a bird with blue upperparts.,False,unaligned_source_to_target,5050,301,4749,0.0596039603960396,1429449,0.2682956859601147,0.0,0.0,0.0
25,26,has_upperparts_color::brown,brown upperparts,a photo of a bird with brown upperparts.,False,unaligned_source_to_target,5050,1383,3667,0.2738613861386139,5071461,0.4608496447079057,1.0,0.8,0.5
26,27,has_upperparts_color::iridescent,iridescent upperparts,a photo of a bird with iridescent upperparts.,False,unaligned_source_to_target,5050,149,4901,0.029504950495049503,730249,0.5001143445591846,0.0,0.0,0.0
27,28,has_upperparts_color::purple,purple upperparts,a photo of a bird with purple upperparts.,False,unaligned_source_to_target,5050,31,5019,0.006138613861386139,155589,0.500016067973957,0.0,0.0,0.0
28,29,has_upperparts_color::rufous,rufous upperparts,a photo of a bird with rufous upperparts.,False,unaligned_source_to_target,5050,70,4980,0.013861386138613862,348600,0.6852925989672978,0.0,0.0,0.0
29,30,has_upperparts_color::grey,grey upperparts,a photo of a bird with grey upperparts.,False,unaligned_source_to_target,5050,1711,3339,0.33881188118811884,5713029,0.4538265077947268,0.0,0.2,0.3
30,31,has_upperparts_color::yellow,yellow upperparts,a photo of a bird with yellow upperparts.,False,unaligned_source_to_target,5050,543,4507,0.10752475247524752,2447301,0.6019700886813678,0.0,0.0,0.0
31,32,has_upperparts_color::olive,olive upperparts,a photo of a bird with olive upperparts.,False,unaligned_source_to_target,5050,223,4827,0.044158415841584156,1076421,0.5814425768356433,0.0,0.2,0.1
32,33,has_upperparts_color::green,green upperparts,a photo of a bird with green upperparts.,False,unaligned_source_to_target,5050,108,4942,0.021386138613861388,533736,0.558231035568146,0.0,0.0,0.0
33,34,has_upperparts_color::pink,pink upperparts,a photo of a bird with pink upperparts.,False,unaligned_source_to_target,5050,28,5022,0.005544554455445544,140616,0.5217542811628834,0.0,0.0,0.0
34,35,has_upperparts_color::orange,orange upperparts,a photo of a bird with orange upperparts.,False,unaligned_source_to_target,5050,149,4901,0.029504950495049503,730249,0.5898303181517537,0.0,0.0,0.0
35,36,has_upperparts_color::black,black upperparts,a photo of a bird with black upperparts.,False,unaligned_source_to_target,5050,2273,2777,0.4500990099009901,6312121,0.5272552601574019,0.0,0.6,0.5
36,37,has_upperparts_color::white,white upperparts,a photo of a bird with white upperparts.,False,unaligned_source_to_target,5050,1349,3701,0.26712871287128714,4992649,0.4677582982500873,0.0,0.2,0.2
37,38,has_upperparts_color::red,red upperparts,a photo of a bird with red upperparts.,False,unaligned_source_to_target,5050,126,4924,0.024950495049504952,620424,0.7253055974623805,0.0,0.0,0.0
38,39,has_upperparts_color::buff,buff upperparts,a photo of a bird with buff upperparts.,False,unaligned_source_to_target,5050,997,4053,0.19742574257425743,4040841,0.48989752380754403,0.0,0.2,0.3
39,40,has_underparts_color::blue,blue underparts,a photo of a bird with blue underparts.,False,unaligned_source_to_target,5234,174,5060,0.03324417271685136,880440,0.2625743946208714,0.0,0.0,0.0
40,41,has_underparts_color::brown,brown underparts,a photo of a bird with brown underparts.,False,unaligned_source_to_target,5234,593,4641,0.11329766908674055,2752113,0.5016672643892166,0.0,0.0,0.1
41,42,has_underparts_color::iridescent,iridescent underparts,a photo of a bird with iridescent underparts.,False,unaligned_source_to_target,5234,92,5142,0.01757737867787543,473064,0.5541300965619874,0.0,0.0,0.0
42,43,has_underparts_color::purple,purple underparts,a photo of a bird with purple underparts.,False,unaligned_source_to_target,5234,24,5210,0.0045854031333588076,125040,0.6020793346129238,0.0,0.0,0.0
43,44,has_underparts_color::rufous,rufous underparts,a photo of a bird with rufous underparts.,False,unaligned_source_to_target,5234,88,5146,0.016813144822315627,452848,0.7138178814966611,0.0,0.0,0.0
44,45,has_underparts_color::grey,grey underparts,a photo of a bird with grey underparts.,False,unaligned_source_to_target,5234,1081,4153,0.2065341994650363,4489393,0.4403116412396954,0.0,0.0,0.1
45,46,has_underparts_color::yellow,yellow underparts,a photo of a bird with yellow underparts.,False,unaligned_source_to_target,5234,866,4368,0.16545662972869699,3782688,0.6406872573154329,1.0,0.2,0.2
46,47,has_underparts_color::olive,olive underparts,a photo of a bird with olive underparts.,False,unaligned_source_to_target,5234,132,5102,0.025219717233473445,673464,0.6063798510388083,0.0,0.2,0.1
47,48,has_underparts_color::green,green underparts,a photo of a bird with green underparts.,False,unaligned_source_to_target,5234,81,5153,0.015475735575085976,417393,0.5389069773570712,0.0,0.0,0.0
48,49,has_underparts_color::pink,pink underparts,a photo of a bird with pink underparts.,False,unaligned_source_to_target,5234,24,5210,0.0045854031333588076,125040,0.5835252719129879,0.0,0.0,0.0
49,50,has_underparts_color::orange,orange underparts,a photo of a bird with orange underparts.,False,unaligned_source_to_target,5234,189,5045,0.03611004967520061,953505,0.5772523479163717,0.0,0.4,0.2
50,51,has_underparts_color::black,black underparts,a photo of a bird with black underparts.,False,unaligned_source_to_target,5234,1024,4210,0.19564386702330913,4311040,0.479426078162114,0.0,0.4,0.3
51,52,has_underparts_color::white,white underparts,a photo of a bird with white underparts.,False,unaligned_source_to_target,5234,2267,2967,0.43312953763851736,6726189,0.38850409942390857,0.0,0.0,0.2
52,53,has_underparts_color::red,red underparts,a photo of a bird with red underparts.,False,unaligned_source_to_target,5234,211,5023,0.04031333588077952,1059853,0.7390657006207465,0.0,0.0,0.0
53,54,has_underparts_color::buff,buff underparts,a photo of a bird with buff underparts.,False,unaligned_source_to_target,5234,1053,4181,0.20118456247611768,4402593,0.5411658538502196,1.0,0.6,0.4
54,55,has_breast_pattern::solid,solid breast,a photo of a bird with solid breast.,True,unaligned_source_to_target,5265,3154,2111,0.5990503323836657,6658094,0.5460798540843671,0.0,0.6,0.6
55,56,has_breast_pattern::spotted,spotted breast,a photo of a bird with spotted breast.,True,unaligned_source_to_target,5265,311,4954,0.059069325735992405,1540694,0.42140749558315926,0.0,0.0,0.0
56,57,has_breast_pattern::striped,striped breast,a photo of a bird with striped breast.,True,unaligned_source_to_target,5265,682,4583,0.1295346628679962,3125606,0.41569058928092667,0.0,0.0,0.0
57,58,has_breast_pattern::multi-colored,multi colored breast,a photo of a bird with multi colored breast.,True,unaligned_source_to_target,5265,1118,4147,0.2123456790123457,4636346,0.511234925089715,0.0,0.4,0.2
58,59,has_back_color::blue,blue back,a photo of a bird with blue back.,False,unaligned_source_to_target,4530,249,4281,0.05496688741721854,1065969,0.2419863992292459,0.0,0.0,0.0
59,60,has_back_color::brown,brown back,a photo of a bird with brown back.,True,unaligned_source_to_target,4530,1105,3425,0.24392935982339956,3784625,0.49457502394556924,0.0,0.2,0.3
60,61,has_back_color::iridescent,iridescent back,a photo of a bird with iridescent back.,False,unaligned_source_to_target,4530,102,4428,0.022516556291390728,451656,0.47327169350124876,0.0,0.0,0.0
61,62,has_back_color::purple,purple back,a photo of a bird with purple back.,False,unaligned_source_to_target,4530,17,4513,0.0037527593818984547,76721,0.44945973071258194,0.0,0.0,0.0
62,63,has_back_color::rufous,rufous back,a photo of a bird with rufous back.,False,unaligned_source_to_target,4530,57,4473,0.012582781456953643,254961,0.6787626342852436,0.0,0.0,0.0
63,64,has_back_color::grey,grey back,a photo of a bird with grey back.,True,unaligned_source_to_target,4530,1427,3103,0.3150110375275938,4427981,0.46345162727663014,1.0,0.4,0.4
64,65,has_back_color::yellow,yellow back,a photo of a bird with yellow back.,True,unaligned_source_to_target,4530,422,4108,0.09315673289183223,1733576,0.6140884506938259,0.0,0.0,0.0
65,66,has_back_color::olive,olive back,a photo of a bird with olive back.,False,unaligned_source_to_target,4530,196,4334,0.04326710816777042,849464,0.5630868406430408,0.0,0.2,0.2
66,67,has_back_color::green,green back,a photo of a bird with green back.,False,unaligned_source_to_target,4530,87,4443,0.019205298013245033,386541,0.5637927153911229,0.0,0.0,0.0
67,68,has_back_color::pink,pink back,a photo of a bird with pink back.,False,unaligned_source_to_target,4530,20,4510,0.004415011037527594,90200,0.4453658536585366,0.0,0.0,0.0
68,69,has_back_color::orange,orange back,a photo of a bird with orange back.,False,unaligned_source_to_target,4530,94,4436,0.02075055187637969,416984,0.54625117510504,0.0,0.0,0.0
69,70,has_back_color::black,black back,a photo of a bird with black back.,True,unaligned_source_to_target,4530,1663,2867,0.36710816777041944,4767821,0.5353776914024247,0.0,0.4,0.4
70,71,has_back_color::white,white back,a photo of a bird with white back.,True,unaligned_source_to_target,4530,893,3637,0.19713024282560707,3247841,0.4603288769370176,0.0,0.2,0.1
71,72,has_back_color::red,red back,a photo of a bird with red back.,False,unaligned_source_to_target,4530,103,4427,0.022737306843267108,455981,0.6676813288272976,0.0,0.0,0.0
72,73,has_back_color::buff,buff back,a photo of a bird with buff back.,False,unaligned_source_to_target,4530,841,3689,0.1856512141280353,3102449,0.5319729671623933,0.0,0.2,0.1
73,74,has_tail_shape::forked_tail,forked tail,a photo of a bird with forked tail.,True,unaligned_source_to_target,4586,198,4388,0.043174880069777585,868824,0.5329180593537932,0.0,0.0,0.1
74,75,has_tail_shape::rounded_tail,rounded tail,a photo of a bird with rounded tail.,True,unaligned_source_to_target,4586,652,3934,0.14217182730047973,2564968,0.48000014035262817,0.0,0.0,0.0
75,76,has_tail_shape::notched_tail,notched tail,a photo of a bird with notched tail.,True,unaligned_source_to_target,4586,1715,2871,0.373964238988225,4923765,0.5478007175403375,0.0,0.2,0.3
76,77,has_tail_shape::fan-shaped_tail,fan shaped tail,a photo of a bird with fan shaped tail.,True,unaligned_source_to_target,4586,436,4150,0.09507195813344962,1809400,0.4666303747098486,0.0,0.0,0.0
77,78,has_tail_shape::pointed_tail,pointed tail,a photo of a bird with pointed tail.,True,unaligned_source_to_target,4586,1048,3538,0.2285215874400349,3707824,0.47985395207539516,1.0,0.4,0.2
78,79,has_tail_shape::squared_tail,squared tail,a photo of a bird with squared tail.,True,unaligned_source_to_target,4586,537,4049,0.11709550806803315,2174313,0.46974423645537694,1.0,0.2,0.1
79,80,has_upper_tail_color::blue,blue upper tail,a photo of a bird with blue upper tail.,False,unaligned_source_to_target,3855,214,3641,0.05551232166018158,779174,0.3010380223159397,0.0,0.0,0.0
80,81,has_upper_tail_color::brown,brown upper tail,a photo of a bird with brown upper tail.,False,unaligned_source_to_target,3855,828,3027,0.21478599221789882,2506356,0.4740120717088873,0.0,0.2,0.1
81,82,has_upper_tail_color::iridescent,iridescent upper tail,a photo of a bird with iridescent upper tail.,False,unaligned_source_to_target,3855,63,3792,0.01634241245136187,238896,0.4497103342040051,0.0,0.0,0.0
82,83,has_upper_tail_color::purple,purple upper tail,a photo of a bird with purple upper tail.,False,unaligned_source_to_target,3855,16,3839,0.004150453955901427,61424,0.38779630112008334,0.0,0.0,0.0
83,84,has_upper_tail_color::rufous,rufous upper tail,a photo of a bird with rufous upper tail.,False,unaligned_source_to_target,3855,40,3815,0.010376134889753566,152600,0.7099148099606816,0.0,0.0,0.0
84,85,has_upper_tail_color::grey,grey upper tail,a photo of a bird with grey upper tail.,False,unaligned_source_to_target,3855,1070,2785,0.2775616083009079,2979950,0.4850618298964748,0.0,0.0,0.1
85,86,has_upper_tail_color::yellow,yellow upper tail,a photo of a bird with yellow upper tail.,False,unaligned_source_to_target,3855,258,3597,0.0669260700389105,928026,0.6012579388939534,0.0,0.2,0.1
86,87,has_upper_tail_color::olive,olive upper tail,a photo of a bird with olive upper tail.,False,unaligned_source_to_target,3855,131,3724,0.03398184176394293,487844,0.6087335295709284,0.0,0.2,0.1
87,88,has_upper_tail_color::green,green upper tail,a photo of a bird with green upper tail.,False,unaligned_source_to_target,3855,46,3809,0.011932555123216601,175214,0.5602691565742464,0.0,0.0,0.0
88,89,has_upper_tail_color::pink,pink upper tail,a photo of a bird with pink upper tail.,False,unaligned_source_to_target,3855,29,3826,0.007522697795071336,110954,0.4172449844079528,0.0,0.0,0.0
89,90,has_upper_tail_color::orange,orange upper tail,a photo of a bird with orange upper tail.,False,unaligned_source_to_target,3855,87,3768,0.022568093385214007,327816,0.5642036996363814,0.0,0.0,0.0
90,91,has_upper_tail_color::black,black upper tail,a photo of a bird with black upper tail.,False,unaligned_source_to_target,3855,1480,2375,0.383916990920882,3515000,0.512249786628734,1.0,0.8,0.6
91,92,has_upper_tail_color::white,white upper tail,a photo of a bird with white upper tail.,False,unaligned_source_to_target,3855,730,3125,0.1893644617380026,2281250,0.47682761643835614,0.0,0.0,0.1
92,93,has_upper_tail_color::red,red upper tail,a photo of a bird with red upper tail.,False,unaligned_source_to_target,3855,83,3772,0.02153047989623865,313076,0.7388493528727849,0.0,0.0,0.0
93,94,has_upper_tail_color::buff,buff upper tail,a photo of a bird with buff upper tail.,False,unaligned_source_to_target,3855,631,3224,0.16368352788586252,2034344,0.4786624091107502,0.0,0.0,0.0
94,95,has_head_pattern::spotted,spotted head,a photo of a bird with spotted head.,False,unaligned_source_to_target,5592,159,5433,0.028433476394849784,863847,0.4234048390513598,0.0,0.0,0.0
95,96,has_head_pattern::malar,malar head,a photo of a bird with malar head.,False,unaligned_source_to_target,5592,558,5034,0.09978540772532189,2808972,0.5409651644801016,0.0,0.2,0.1
96,97,has_head_pattern::crested,crested head,a photo of a bird with crested head.,True,unaligned_source_to_target,5592,227,5365,0.040593705293276106,1217855,0.5246642662714363,0.0,0.0,0.0
97,98,has_head_pattern::masked,masked head,a photo of a bird with masked head.,True,unaligned_source_to_target,5592,252,5340,0.045064377682403435,1345680,0.5778825575173889,0.0,0.0,0.0
98,99,has_head_pattern::unique_pattern,unique pattern head,a photo of a bird with unique pattern head.,False,unaligned_source_to_target,5592,185,5407,0.0330829756795422,1000295,0.46478488845790494,0.0,0.0,0.1
99,100,has_head_pattern::eyebrow,eyebrow head,a photo of a bird with eyebrow head.,False,unaligned_source_to_target,5592,708,4884,0.12660944206008584,3457872,0.4762287325846648,0.0,0.0,0.0
100,101,has_head_pattern::eyering,eyering head,a photo of a bird with eyering head.,True,unaligned_source_to_target,5592,926,4666,0.1655937052932761,4320716,0.5021957008977216,0.0,0.2,0.2
101,102,has_head_pattern::plain,plain head,a photo of a bird with plain head.,True,unaligned_source_to_target,5592,1537,4055,0.2748569384835479,6232535,0.4689225170817332,0.0,0.8,0.7
102,103,has_head_pattern::eyeline,eyeline head,a photo of a bird with eyeline head.,True,unaligned_source_to_target,5592,670,4922,0.1198140200286123,3297740,0.536605978639917,0.0,0.2,0.3
103,104,has_head_pattern::striped,striped head,a photo of a bird with striped head.,True,unaligned_source_to_target,5592,392,5200,0.07010014306151645,2038400,0.4162544152276295,0.0,0.0,0.0
104,105,has_head_pattern::capped,capped head,a photo of a bird with capped head.,True,unaligned_source_to_target,5592,668,4924,0.11945636623748211,3289232,0.5638510752662019,0.0,0.0,0.2
105,106,has_breast_color::blue,blue breast,a photo of a bird with blue breast.,False,unaligned_source_to_target,5317,178,5139,0.033477524920067704,914742,0.2562274389937272,0.0,0.0,0.0
106,107,has_breast_color::brown,brown breast,a photo of a bird with brown breast.,True,unaligned_source_to_target,5317,639,4678,0.12018055294338913,2989242,0.4781399431695393,1.0,0.4,0.3
107,108,has_breast_color::iridescent,iridescent breast,a photo of a bird with iridescent breast.,False,unaligned_source_to_target,5317,90,5227,0.016926838442730862,470430,0.5085453733817996,0.0,0.0,0.0
108,109,has_breast_color::purple,purple breast,a photo of a bird with purple breast.,False,unaligned_source_to_target,5317,17,5300,0.003197291705849163,90100,0.5422419533851276,0.0,0.0,0.0
109,110,has_breast_color::rufous,rufous breast,a photo of a bird with rufous breast.,False,unaligned_source_to_target,5317,77,5240,0.014481850667669738,403480,0.6978809358580351,0.0,0.0,0.1
110,111,has_breast_color::grey,grey breast,a photo of a bird with grey breast.,True,unaligned_source_to_target,5317,1084,4233,0.2038743652435584,4588572,0.43549016992650436,0.0,0.0,0.0
111,112,has_breast_color::yellow,yellow breast,a photo of a bird with yellow breast.,True,unaligned_source_to_target,5317,794,4523,0.14933233026142562,3591262,0.6448368289475955,0.0,0.2,0.2
112,113,has_breast_color::olive,olive breast,a photo of a bird with olive breast.,False,unaligned_source_to_target,5317,104,5213,0.019559902200488997,542152,0.6477131874455873,1.0,0.2,0.1
113,114,has_breast_color::green,green breast,a photo of a bird with green breast.,False,unaligned_source_to_target,5317,63,5254,0.011848786909911604,331002,0.4567011679687736,0.0,0.0,0.0
114,115,has_breast_color::pink,pink breast,a photo of a bird with pink breast.,False,unaligned_source_to_target,5317,25,5292,0.0047018995674252394,132300,0.5609750566893424,0.0,0.0,0.0
115,116,has_breast_color::orange,orange breast,a photo of a bird with orange breast.,True,unaligned_source_to_target,5317,170,5147,0.03197291705849163,874990,0.5707882375798581,1.0,0.2,0.2
116,117,has_breast_color::black,black breast,a photo of a bird with black breast.,True,unaligned_source_to_target,5317,1176,4141,0.22117735565168328,4869816,0.5022892035345894,0.0,0.4,0.2
117,118,has_breast_color::white,white breast,a photo of a bird with white breast.,True,unaligned_source_to_target,5317,2080,3237,0.39119804400978,6732960,0.39731797010527314,0.0,0.0,0.0
118,119,has_breast_color::red,red breast,a photo of a bird with red breast.,True,unaligned_source_to_target,5317,233,5084,0.043821703968403236,1184572,0.7193053693654755,0.0,0.0,0.0
119,120,has_breast_color::buff,buff breast,a photo of a bird with buff breast.,False,unaligned_source_to_target,5317,996,4321,0.18732367876622155,4303716,0.4743472849974301,0.0,0.2,0.3
120,121,has_throat_color::blue,blue throat,a photo of a bird with blue throat.,False,unaligned_source_to_target,5522,182,5340,0.03295907279971025,971880,0.3185624768489937,0.0,0.0,0.0
121,122,has_throat_color::brown,brown throat,a photo of a bird with brown throat.,True,unaligned_source_to_target,5522,476,5046,0.08620065193770374,2401896,0.4477233818616626,1.0,0.2,0.1
122,123,has_throat_color::iridescent,iridescent throat,a photo of a bird with iridescent throat.,False,unaligned_source_to_target,5522,88,5434,0.01593625498007968,478192,0.4468309800247599,0.0,0.0,0.0
123,124,has_throat_color::purple,purple throat,a photo of a bird with purple throat.,False,unaligned_source_to_target,5522,28,5494,0.0050706265845708075,153832,0.4505694523896198,0.0,0.0,0.0
124,125,has_throat_color::rufous,rufous throat,a photo of a bird with rufous throat.,False,unaligned_source_to_target,5522,74,5448,0.013400941687794278,403152,0.6677679882525698,0.0,0.2,0.2
125,126,has_throat_color::grey,grey throat,a photo of a bird with grey throat.,True,unaligned_source_to_target,5522,992,4530,0.17964505613908005,4493760,0.42957901623584704,0.0,0.4,0.2
126,127,has_throat_color::yellow,yellow throat,a photo of a bird with yellow throat.,True,unaligned_source_to_target,5522,653,4869,0.11825425570445491,3179457,0.6084391139744931,0.0,0.0,0.2
127,128,has_throat_color::olive,olive throat,a photo of a bird with olive throat.,False,unaligned_source_to_target,5522,88,5434,0.01593625498007968,478192,0.5873404406598186,0.0,0.0,0.1
128,129,has_throat_color::green,green throat,a photo of a bird with green throat.,False,unaligned_source_to_target,5522,60,5462,0.010865628395508874,327720,0.4879165140974002,0.0,0.0,0.0
129,130,has_throat_color::pink,pink throat,a photo of a bird with pink throat.,False,unaligned_source_to_target,5522,26,5496,0.004708438971387179,142896,0.48890801701937076,0.0,0.0,0.0
130,131,has_throat_color::orange,orange throat,a photo of a bird with orange throat.,True,unaligned_source_to_target,5522,136,5386,0.02462875769648678,732496,0.5829478932308163,0.0,0.0,0.0
131,132,has_throat_color::black,black throat,a photo of a bird with black throat.,True,unaligned_source_to_target,5522,1259,4263,0.22799710249909452,5367117,0.5812384935897615,1.0,0.4,0.5
132,133,has_throat_color::white,white throat,a photo of a bird with white throat.,True,unaligned_source_to_target,5522,2016,3506,0.36508511408909816,7068096,0.4237840006700532,1.0,0.4,0.2
133,134,has_throat_color::red,red throat,a photo of a bird with red throat.,True,unaligned_source_to_target,5522,218,5304,0.039478449837015574,1156272,0.742615924280792,0.0,0.2,0.2
134,135,has_throat_color::buff,buff throat,a photo of a bird with buff throat.,False,unaligned_source_to_target,5522,796,4726,0.1441506700470844,3761896,0.4237732781554833,0.0,0.0,0.1
135,136,has_eye_color::blue,blue eye,a photo of a bird with blue eye.,False,unaligned_source_to_target,5527,56,5471,0.010132078885471322,306376,0.5175274825704363,0.0,0.2,0.1
136,137,has_eye_color::brown,brown eye,a photo of a bird with brown eye.,False,unaligned_source_to_target,5527,200,5327,0.03618599601954044,1065400,0.5180561291533696,0.0,0.0,0.0
137,138,has_eye_color::purple,purple eye,a photo of a bird with purple eye.,False,unaligned_source_to_target,5527,10,5517,0.0018092998009770218,55170,0.49430850099691864,0.0,0.0,0.0
138,139,has_eye_color::rufous,rufous eye,a photo of a bird with rufous eye.,False,unaligned_source_to_target,5527,67,5460,0.012122308666546046,365820,0.5630884041331803,0.0,0.2,0.1
139,140,has_eye_color::grey,grey eye,a photo of a bird with grey eye.,False,unaligned_source_to_target,5527,101,5426,0.018273927989867923,548026,0.44161043454142684,0.0,0.0,0.0
140,141,has_eye_color::yellow,yellow eye,a photo of a bird with yellow eye.,False,unaligned_source_to_target,5527,126,5401,0.022797177492310475,680526,0.4893141481736186,0.0,0.0,0.0
141,142,has_eye_color::olive,olive eye,a photo of a bird with olive eye.,False,unaligned_source_to_target,5527,17,5510,0.003075809661660937,93670,0.4012277143162165,0.0,0.0,0.0
142,143,has_eye_color::green,green eye,a photo of a bird with green eye.,False,unaligned_source_to_target,5527,3,5524,0.0005427899402931065,16572,0.3694182959208303,0.0,0.0,0.0
143,144,has_eye_color::pink,pink eye,a photo of a bird with pink eye.,False,unaligned_source_to_target,5527,23,5504,0.0041613895422471505,126592,0.4199791456016178,0.0,0.0,0.0
144,145,has_eye_color::orange,orange eye,a photo of a bird with orange eye.,False,unaligned_source_to_target,5527,69,5458,0.01248416862674145,376602,0.45601191709019073,0.0,0.0,0.0
145,146,has_eye_color::black,black eye,a photo of a bird with black eye.,False,unaligned_source_to_target,5527,4877,650,0.8823955129364935,3170050,0.5294563177236952,1.0,1.0,1.0
146,147,has_eye_color::white,white eye,a photo of a bird with white eye.,False,unaligned_source_to_target,5527,162,5365,0.029310656775827754,869130,0.5090630860745803,0.0,0.0,0.0
147,148,has_eye_color::red,red eye,a photo of a bird with red eye.,False,unaligned_source_to_target,5527,132,5395,0.02388275737289669,712140,0.45465217513410283,0.0,0.0,0.0
148,149,has_eye_color::buff,buff eye,a photo of a bird with buff eye.,False,unaligned_source_to_target,5527,89,5438,0.016102768228695497,483982,0.49737180308358575,0.0,0.2,0.1
149,150,has_bill_length::about_the_same_as_head,bill about the same length as head,a photo of a bird with bill about the same length as head.,True,unaligned_source_to_target,5667,2119,3548,0.37391918122463386,7518212,0.4661032436967726,0.0,0.0,0.0
150,151,has_bill_length::longer_than_head,bill longer than head,a photo of a bird with bill longer than head.,True,unaligned_source_to_target,5667,348,5319,0.0614081524616199,1851012,0.4500051863521144,0.0,0.0,0.0
151,152,has_bill_length::shorter_than_head,bill shorter than head,a photo of a bird with bill shorter than head.,True,unaligned_source_to_target,5667,3247,2420,0.5729662961002294,7857740,0.5770313092568601,0.0,0.6,0.7
152,153,has_forehead_color::blue,blue forehead,a photo of a bird with blue forehead.,False,unaligned_source_to_target,5515,303,5212,0.05494106980961015,1579236,0.23100220613005276,0.0,0.0,0.0
153,154,has_forehead_color::brown,brown forehead,a photo of a bird with brown forehead.,False,unaligned_source_to_target,5515,998,4517,0.18096101541251133,4507966,0.43386063692583304,0.0,0.2,0.2
154,155,has_forehead_color::iridescent,iridescent forehead,a photo of a bird with iridescent forehead.,False,unaligned_source_to_target,5515,124,5391,0.022484134179510427,668484,0.4005720406172773,0.0,0.0,0.0
155,156,has_forehead_color::purple,purple forehead,a photo of a bird with purple forehead.,False,unaligned_source_to_target,5515,32,5483,0.005802357207615594,175456,0.5001025898230895,0.0,0.0,0.0
156,157,has_forehead_color::rufous,rufous forehead,a photo of a bird with rufous forehead.,False,unaligned_source_to_target,5515,88,5427,0.015956482320942884,477576,0.7652687739752416,0.0,0.0,0.1
157,158,has_forehead_color::grey,grey forehead,a photo of a bird with grey forehead.,False,unaligned_source_to_target,5515,1181,4334,0.21414324569356302,5118454,0.4232209569530175,0.0,0.2,0.1
158,159,has_forehead_color::yellow,yellow forehead,a photo of a bird with yellow forehead.,False,unaligned_source_to_target,5515,483,5032,0.08757932910244787,2430456,0.6591931719808958,0.0,0.0,0.0
159,160,has_forehead_color::olive,olive forehead,a photo of a bird with olive forehead.,False,unaligned_source_to_target,5515,128,5387,0.023209428830462377,689536,0.610852805364767,0.0,0.0,0.0
160,161,has_forehead_color::green,green forehead,a photo of a bird with green forehead.,False,unaligned_source_to_target,5515,53,5462,0.009610154125113327,289486,0.3976496272704034,0.0,0.0,0.0
161,162,has_forehead_color::pink,pink forehead,a photo of a bird with pink forehead.,False,unaligned_source_to_target,5515,24,5491,0.004351767905711695,131784,0.5427897165057973,0.0,0.0,0.0
162,163,has_forehead_color::orange,orange forehead,a photo of a bird with orange forehead.,False,unaligned_source_to_target,5515,159,5356,0.028830462375339982,851604,0.6405430223437184,1.0,0.2,0.1
163,164,has_forehead_color::black,black forehead,a photo of a bird with black forehead.,False,unaligned_source_to_target,5515,1864,3651,0.3379873073436083,6805464,0.5228530339738775,0.0,0.2,0.3
164,165,has_forehead_color::white,white forehead,a photo of a bird with white forehead.,False,unaligned_source_to_target,5515,807,4708,0.14632819582955575,3799356,0.44717604773019426,0.0,0.0,0.0
165,166,has_forehead_color::red,red forehead,a photo of a bird with red forehead.,False,unaligned_source_to_target,5515,254,5261,0.04605621033544877,1336294,0.7792633956300036,1.0,0.4,0.4
166,167,has_forehead_color::buff,buff forehead,a photo of a bird with buff forehead.,False,unaligned_source_to_target,5515,708,4807,0.12837715321849502,3403356,0.5011850067991712,0.0,0.0,0.1
167,168,has_under_tail_color::blue,blue under tail,a photo of a bird with blue under tail.,False,unaligned_source_to_target,4343,203,4140,0.04674188349067465,840420,0.2532293377120963,0.0,0.0,0.0
168,169,has_under_tail_color::brown,brown under tail,a photo of a bird with brown under tail.,False,unaligned_source_to_target,4343,891,3452,0.20515772507483307,3075732,0.4882787251945228,0.0,0.0,0.0
169,170,has_under_tail_color::iridescent,iridescent under tail,a photo of a bird with iridescent under tail.,False,unaligned_source_to_target,4343,65,4278,0.014966612940363803,278070,0.445409429280397,0.0,0.0,0.0
170,171,has_under_tail_color::purple,purple under tail,a photo of a bird with purple under tail.,False,unaligned_source_to_target,4343,18,4325,0.004144600506562284,77850,0.38649967886962106,0.0,0.0,0.0
171,172,has_under_tail_color::rufous,rufous under tail,a photo of a bird with rufous under tail.,False,unaligned_source_to_target,4343,52,4291,0.011973290352291043,223132,0.5741937507842891,0.0,0.0,0.0
172,173,has_under_tail_color::grey,grey under tail,a photo of a bird with grey under tail.,False,unaligned_source_to_target,4343,1213,3130,0.2793000230255584,3796690,0.4847820074854676,0.0,0.2,0.2
173,174,has_under_tail_color::yellow,yellow under tail,a photo of a bird with yellow under tail.,False,unaligned_source_to_target,4343,383,3960,0.08818788855629749,1516680,0.5859693541155682,0.0,0.2,0.1
174,175,has_under_tail_color::olive,olive under tail,a photo of a bird with olive under tail.,False,unaligned_source_to_target,4343,125,4218,0.028781947962238083,527250,0.553479374110953,0.0,0.0,0.1
175,176,has_under_tail_color::green,green under tail,a photo of a bird with green under tail.,False,unaligned_source_to_target,4343,56,4287,0.012894312687082661,240072,0.49483904828551434,0.0,0.0,0.0
176,177,has_under_tail_color::pink,pink under tail,a photo of a bird with pink under tail.,False,unaligned_source_to_target,4343,23,4320,0.0052958784250518075,99360,0.41559983896940417,0.0,0.0,0.0
177,178,has_under_tail_color::orange,orange under tail,a photo of a bird with orange under tail.,False,unaligned_source_to_target,4343,109,4234,0.02509785862307161,461506,0.5341425680272845,0.0,0.0,0.0
178,179,has_under_tail_color::black,black under tail,a photo of a bird with black under tail.,False,unaligned_source_to_target,4343,1808,2535,0.41630209532581164,4583280,0.5265011083765339,0.0,0.8,0.8
179,180,has_under_tail_color::white,white under tail,a photo of a bird with white under tail.,False,unaligned_source_to_target,4343,1034,3309,0.23808427354363343,3421506,0.48449893117241355,0.0,0.2,0.2
180,181,has_under_tail_color::red,red under tail,a photo of a bird with red under tail.,False,unaligned_source_to_target,4343,83,4260,0.01911121344692609,353580,0.6777249844448215,0.0,0.0,0.0
181,182,has_under_tail_color::buff,buff under tail,a photo of a bird with buff under tail.,False,unaligned_source_to_target,4343,694,3649,0.15979737508634584,2532406,0.4885350137379235,0.0,0.0,0.0
182,183,has_nape_color::blue,blue nape,a photo of a bird with blue nape.,False,unaligned_source_to_target,5367,289,5078,0.053847587106390905,1467542,0.27880905623144003,0.0,0.0,0.0
183,184,has_nape_color::brown,brown nape,a photo of a bird with brown nape.,False,unaligned_source_to_target,5367,1012,4355,0.18855971678777717,4407260,0.5179821476382152,0.0,0.4,0.3
184,185,has_nape_color::iridescent,iridescent nape,a photo of a bird with iridescent nape.,False,unaligned_source_to_target,5367,119,5248,0.02217253586733743,624512,0.4202289147366264,0.0,0.0,0.0
185,186,has_nape_color::purple,purple nape,a photo of a bird with purple nape.,False,unaligned_source_to_target,5367,34,5333,0.006335010247810695,181322,0.49571480570476834,0.0,0.0,0.0
186,187,has_nape_color::rufous,rufous nape,a photo of a bird with rufous nape.,False,unaligned_source_to_target,5367,80,5287,0.014905906465436929,422960,0.695897957253641,0.0,0.0,0.0
187,188,has_nape_color::grey,grey nape,a photo of a bird with grey nape.,False,unaligned_source_to_target,5367,1427,3940,0.2658841065772312,5622380,0.4599076369793575,0.0,0.4,0.3
188,189,has_nape_color::yellow,yellow nape,a photo of a bird with yellow nape.,False,unaligned_source_to_target,5367,464,4903,0.08645425749953418,2274992,0.6024407997918234,0.0,0.0,0.0
189,190,has_nape_color::olive,olive nape,a photo of a bird with olive nape.,False,unaligned_source_to_target,5367,183,5184,0.03409726103968697,948672,0.5559677106523646,0.0,0.2,0.1
190,191,has_nape_color::green,green nape,a photo of a bird with green nape.,False,unaligned_source_to_target,5367,80,5287,0.014905906465436929,422960,0.44485766975600527,0.0,0.0,0.0
191,192,has_nape_color::pink,pink nape,a photo of a bird with pink nape.,False,unaligned_source_to_target,5367,33,5334,0.006148686416992733,176022,0.5032382315846883,0.0,0.2,0.1
192,193,has_nape_color::orange,orange nape,a photo of a bird with orange nape.,False,unaligned_source_to_target,5367,126,5241,0.023476802683063163,660366,0.5964964883110275,0.0,0.0,0.0
193,194,has_nape_color::black,black nape,a photo of a bird with black nape.,False,unaligned_source_to_target,5367,1507,3860,0.28079001304266815,5817020,0.5011034859773561,0.0,0.4,0.3
194,195,has_nape_color::white,white nape,a photo of a bird with white nape.,False,unaligned_source_to_target,5367,1274,4093,0.2373765604620831,5214482,0.3846917105093085,0.0,0.2,0.2
195,196,has_nape_color::red,red nape,a photo of a bird with red nape.,False,unaligned_source_to_target,5367,199,5168,0.03707844233277436,1028432,0.7767951600105792,0.0,0.2,0.2
196,197,has_nape_color::buff,buff nape,a photo of a bird with buff nape.,False,unaligned_source_to_target,5367,889,4478,0.1656418855971679,3980942,0.5702396568450382,1.0,0.4,0.4
197,198,has_belly_color::blue,blue belly,a photo of a bird with blue belly.,False,unaligned_source_to_target,5144,144,5000,0.027993779160186624,720000,0.25155,0.0,0.0,0.0
198,199,has_belly_color::brown,brown belly,a photo of a bird with brown belly.,True,unaligned_source_to_target,5144,513,4631,0.09972783825816485,2375703,0.46672669100472575,0.0,0.0,0.1
199,200,has_belly_color::iridescent,iridescent belly,a photo of a bird with iridescent belly.,False,unaligned_source_to_target,5144,81,5063,0.015746500777604977,410103,0.4492920071299161,0.0,0.0,0.0
200,201,has_belly_color::purple,purple belly,a photo of a bird with purple belly.,False,unaligned_source_to_target,5144,19,5125,0.0036936236391912907,97375,0.5313478818998716,0.0,0.0,0.0
201,202,has_belly_color::rufous,rufous belly,a photo of a bird with rufous belly.,False,unaligned_source_to_target,5144,79,5065,0.015357698289269051,400135,0.6419533407474978,0.0,0.2,0.2
202,203,has_belly_color::grey,grey belly,a photo of a bird with grey belly.,True,unaligned_source_to_target,5144,996,4148,0.19362363919129083,4131408,0.4510680136166653,0.0,0.0,0.0
203,204,has_belly_color::yellow,yellow belly,a photo of a bird with yellow belly.,True,unaligned_source_to_target,5144,844,4300,0.1640746500777605,3629200,0.5998253058525295,0.0,0.0,0.0
204,205,has_belly_color::olive,olive belly,a photo of a bird with olive belly.,False,unaligned_source_to_target,5144,117,5027,0.022744945567651633,588159,0.5901482422270169,0.0,0.0,0.0
205,206,has_belly_color::green,green belly,a photo of a bird with green belly.,False,unaligned_source_to_target,5144,68,5076,0.013219284603421462,345168,0.5167396745932415,0.0,0.0,0.0
206,207,has_belly_color::pink,pink belly,a photo of a bird with pink belly.,False,unaligned_source_to_target,5144,31,5113,0.0060264385692068425,158503,0.5605319773127323,0.0,0.0,0.0
207,208,has_belly_color::orange,orange belly,a photo of a bird with orange belly.,True,unaligned_source_to_target,5144,165,4979,0.03207620528771384,821535,0.5788530007851157,1.0,0.2,0.1
208,209,has_belly_color::black,black belly,a photo of a bird with black belly.,True,unaligned_source_to_target,5144,852,4292,0.1656298600311042,3656784,0.4507236413198045,0.0,0.4,0.2
209,210,has_belly_color::white,white belly,a photo of a bird with white belly.,True,unaligned_source_to_target,5144,2167,2977,0.4212674961119751,6451159,0.4262840212123124,0.0,0.2,0.2
210,211,has_belly_color::red,red belly,a photo of a bird with red belly.,True,unaligned_source_to_target,5144,200,4944,0.038880248833592534,988800,0.7637742718446602,0.0,0.0,0.0
211,212,has_belly_color::buff,buff belly,a photo of a bird with buff belly.,False,unaligned_source_to_target,5144,948,4196,0.18429237947122862,3977808,0.5255726269342311,1.0,0.4,0.3
212,213,has_wing_shape::rounded-wings,rounded wings,a photo of a bird with rounded wings.,True,unaligned_source_to_target,3830,1653,2177,0.4315926892950392,3598581,0.5331562635383225,1.0,0.4,0.5
213,214,has_wing_shape::pointed-wings,pointed wings,a photo of a bird with pointed wings.,True,unaligned_source_to_target,3830,1163,2667,0.30365535248041775,3101721,0.5113889998487936,1.0,0.4,0.4
214,215,has_wing_shape::broad-wings,broad wings,a photo of a bird with broad wings.,True,unaligned_source_to_target,3830,335,3495,0.08746736292428199,1170825,0.4896239830888476,0.0,0.0,0.0
215,216,has_wing_shape::tapered-wings,tapered wings,a photo of a bird with tapered wings.,True,unaligned_source_to_target,3830,470,3360,0.1227154046997389,1579200,0.4621358915906788,0.0,0.0,0.2
216,217,has_wing_shape::long-wings,long wings,a photo of a bird with long wings.,True,unaligned_source_to_target,3830,379,3451,0.0989556135770235,1307929,0.4259061462816407,0.0,0.0,0.1
217,218,has_size::large_(16_-_32_in),large bird,a photo of a bird with large bird.,True,unaligned_source_to_target,5794,208,5586,0.03589920607525026,1161888,0.5699034674598584,0.0,0.2,0.1
218,219,has_size::small_(5_-_9_in),small bird,a photo of a bird with small bird.,True,unaligned_source_to_target,5794,2958,2836,0.5105281325509148,8388888,0.5078975902408043,0.0,0.6,0.6
219,220,has_size::very_large_(32_-_72_in),very bird,a photo of a bird with very bird.,False,unaligned_source_to_target,5794,96,5698,0.016568864342423197,547008,0.5034496753246753,0.0,0.0,0.0
220,221,has_size::medium_(9_-_16_in),medium bird,a photo of a bird with medium bird.,True,unaligned_source_to_target,5794,1148,4646,0.1981360027614774,5333608,0.518710223923468,0.0,0.2,0.2
221,222,has_size::very_small_(3_-_5_in),very bird,a photo of a bird with very bird.,False,unaligned_source_to_target,5794,1384,4410,0.2388677942699344,6103440,0.49750796272266135,0.0,0.2,0.2
222,223,has_shape::upright-perching_water-like,upright perching water like body shape,a photo of a bird with upright perching water like body shape.,False,unaligned_source_to_target,5794,125,5669,0.021574042112530202,708625,0.3965863467983771,0.0,0.0,0.0
223,224,has_shape::chicken-like-marsh,chicken like marsh body shape,a photo of a bird with chicken like marsh body shape.,False,unaligned_source_to_target,5794,95,5699,0.016396272005522954,541405,0.5116908783627784,0.0,0.0,0.0
224,225,has_shape::long-legged-like,long legged like body shape,a photo of a bird with long legged like body shape.,False,unaligned_source_to_target,5794,64,5730,0.011045909561615464,366720,0.5665112347294939,0.0,0.0,0.0
225,226,has_shape::duck-like,duck like body shape,a photo of a bird with duck like body shape.,False,unaligned_source_to_target,5794,354,5440,0.06109768726268554,1925760,0.4312017073778664,0.0,0.0,0.0
226,227,has_shape::owl-like,owl like body shape,a photo of a bird with owl like body shape.,False,unaligned_source_to_target,5794,26,5768,0.0044874007594062825,149968,0.40375946868665313,0.0,0.0,0.0
227,228,has_shape::gull-like,gull like body shape,a photo of a bird with gull like body shape.,False,unaligned_source_to_target,5794,404,5390,0.06972730410769762,2177560,0.45283735006153675,0.0,0.0,0.0
228,229,has_shape::hummingbird-like,hummingbird like body shape,a photo of a bird with hummingbird like body shape.,False,unaligned_source_to_target,5794,320,5474,0.055229547808077324,1751680,0.508108216112532,0.0,0.2,0.1
229,230,has_shape::pigeon-like,pigeon like body shape,a photo of a bird with pigeon like body shape.,False,unaligned_source_to_target,5794,370,5424,0.0638591646530894,2006880,0.526867575540142,0.0,0.0,0.0
230,231,has_shape::tree-clinging-like,tree clinging like body shape,a photo of a bird with tree clinging like body shape.,False,unaligned_source_to_target,5794,365,5429,0.0629962029685882,1981585,0.5460033256206521,0.0,0.2,0.3
231,232,has_shape::hawk-like,hawk like body shape,a photo of a bird with hawk like body shape.,False,unaligned_source_to_target,5794,189,5605,0.03261995167414567,1059345,0.5545483293922188,0.0,0.0,0.0
232,233,has_shape::sandpiper-like,sandpiper like body shape,a photo of a bird with sandpiper like body shape.,False,unaligned_source_to_target,5794,312,5482,0.05384880911287539,1710384,0.49734679463792925,0.0,0.0,0.1
233,234,has_shape::upland-ground-like,upland ground like body shape,a photo of a bird with upland ground like body shape.,False,unaligned_source_to_target,5794,132,5662,0.022782188470831896,747384,0.4786287905547884,0.0,0.0,0.0
234,235,has_shape::swallow-like,swallow like body shape,a photo of a bird with swallow like body shape.,False,unaligned_source_to_target,5794,211,5583,0.03641698308595098,1178013,0.48970002877727153,0.0,0.2,0.1
235,236,has_shape::perching-like,perching like body shape,a photo of a bird with perching like body shape.,False,unaligned_source_to_target,5794,2827,2967,0.4879185364169831,8387709,0.5605472245162535,1.0,0.4,0.3
236,237,has_back_pattern::solid,solid back,a photo of a bird with solid back.,True,unaligned_source_to_target,4520,2115,2405,0.46792035398230086,5086575,0.48528843082034573,1.0,0.4,0.6
237,238,has_back_pattern::spotted,spotted back,a photo of a bird with spotted back.,True,unaligned_source_to_target,4520,356,4164,0.07876106194690266,1482384,0.47453628749365884,1.0,0.2,0.1
238,239,has_back_pattern::striped,striped back,a photo of a bird with striped back.,True,unaligned_source_to_target,4520,898,3622,0.1986725663716814,3252556,0.47518259485770575,0.0,0.0,0.0
239,240,has_back_pattern::multi-colored,multi colored back,a photo of a bird with multi colored back.,True,unaligned_source_to_target,4520,1151,3369,0.25464601769911505,3877719,0.5075280080892917,0.0,0.0,0.2
240,241,has_tail_pattern::solid,solid tail,a photo of a bird with solid tail.,True,unaligned_source_to_target,4405,2077,2328,0.47150964812712826,4835256,0.48514556416454474,0.0,0.6,0.4
241,242,has_tail_pattern::spotted,spotted tail,a photo of a bird with spotted tail.,True,unaligned_source_to_target,4405,263,4142,0.05970488081725312,1089346,0.44288224310733226,0.0,0.0,0.0
242,243,has_tail_pattern::striped,striped tail,a photo of a bird with striped tail.,True,unaligned_source_to_target,4405,708,3697,0.16072644721906923,2617476,0.46355611283541853,0.0,0.0,0.0
243,244,has_tail_pattern::multi-colored,multi colored tail,a photo of a bird with multi colored tail.,True,unaligned_source_to_target,4405,1357,3048,0.3080590238365494,4136136,0.4987650309370872,0.0,0.2,0.3
244,245,has_belly_pattern::solid,solid belly,a photo of a bird with solid belly.,True,unaligned_source_to_target,5105,3321,1784,0.6505386875612145,5924664,0.5353204839970672,0.0,0.6,0.7
245,246,has_belly_pattern::spotted,spotted belly,a photo of a bird with spotted belly.,True,unaligned_source_to_target,5105,298,4807,0.0583741429970617,1432486,0.43139130155547767,0.0,0.0,0.0
246,247,has_belly_pattern::striped,striped belly,a photo of a bird with striped belly.,True,unaligned_source_to_target,5105,566,4539,0.110871694417238,2569074,0.3955935095680389,0.0,0.0,0.0
247,248,has_belly_pattern::multi-colored,multi colored belly,a photo of a bird with multi colored belly.,True,unaligned_source_to_target,5105,920,4185,0.1802154750244858,3850200,0.5293428912783752,1.0,0.2,0.1
248,249,has_primary_color::blue,blue primary,a photo of a bird with blue primary.,False,unaligned_source_to_target,5794,367,5427,0.06334138764238868,1991709,0.2846259167378367,0.0,0.0,0.0
249,250,has_primary_color::brown,brown primary,a photo of a bird with brown primary.,False,unaligned_source_to_target,5794,1437,4357,0.2480151881256472,6261009,0.43369016080315487,0.0,0.2,0.2
250,251,has_primary_color::iridescent,iridescent primary,a photo of a bird with iridescent primary.,False,unaligned_source_to_target,5794,110,5684,0.018985157059026578,625240,0.4649206704625424,0.0,0.0,0.0
251,252,has_primary_color::purple,purple primary,a photo of a bird with purple primary.,False,unaligned_source_to_target,5794,44,5750,0.0075940628236106315,253000,0.5089683794466403,0.0,0.0,0.0
252,253,has_primary_color::rufous,rufous primary,a photo of a bird with rufous primary.,False,unaligned_source_to_target,5794,107,5687,0.018467380048325856,608509,0.6219037023281496,0.0,0.0,0.0
253,254,has_primary_color::grey,grey primary,a photo of a bird with grey primary.,False,unaligned_source_to_target,5794,1728,4066,0.2982395581636175,7026048,0.45745460321364156,0.0,0.0,0.2
254,255,has_primary_color::yellow,yellow primary,a photo of a bird with yellow primary.,False,unaligned_source_to_target,5794,901,4893,0.1555056955471177,4408593,0.652399756566324,0.0,0.2,0.2
255,256,has_primary_color::olive,olive primary,a photo of a bird with olive primary.,False,unaligned_source_to_target,5794,248,5546,0.042802899551259925,1375408,0.5195345671975152,0.0,0.0,0.0
256,257,has_primary_color::green,green primary,a photo of a bird with green primary.,False,unaligned_source_to_target,5794,107,5687,0.018467380048325856,608509,0.5282008976038153,0.0,0.0,0.0
257,258,has_primary_color::pink,pink primary,a photo of a bird with pink primary.,False,unaligned_source_to_target,5794,45,5749,0.007766655160510874,258705,0.4490945285170368,0.0,0.0,0.0
258,259,has_primary_color::orange,orange primary,a photo of a bird with orange primary.,False,unaligned_source_to_target,5794,228,5566,0.03935105281325509,1269048,0.5306773266259432,0.0,0.2,0.1
259,260,has_primary_color::black,black primary,a photo of a bird with black primary.,False,unaligned_source_to_target,5794,2060,3734,0.35554021401449776,7692040,0.5177015460138013,0.0,0.2,0.5
260,261,has_primary_color::white,white primary,a photo of a bird with white primary.,False,unaligned_source_to_target,5794,1680,4114,0.2899551259924059,6911520,0.4830726092089728,0.0,0.0,0.0
261,262,has_primary_color::red,red primary,a photo of a bird with red primary.,False,unaligned_source_to_target,5794,232,5562,0.04004142216085606,1290384,0.7130590583888207,0.0,0.2,0.2
262,263,has_primary_color::buff,buff primary,a photo of a bird with buff primary.,False,unaligned_source_to_target,5794,1109,4685,0.19140490162236798,5195665,0.4466367635326758,0.0,0.2,0.2
263,264,has_leg_color::blue,blue leg,a photo of a bird with blue leg.,False,unaligned_source_to_target,4785,77,4708,0.016091954022988506,362516,0.29489732866963114,0.0,0.0,0.0
264,265,has_leg_color::brown,brown leg,a photo of a bird with brown leg.,False,unaligned_source_to_target,4785,446,4339,0.09320794148380356,1935194,0.47852902603046515,1.0,0.2,0.2
265,266,has_leg_color::iridescent,iridescent leg,a photo of a bird with iridescent leg.,False,unaligned_source_to_target,4785,22,4763,0.004597701149425287,104786,0.44111808829423776,0.0,0.0,0.0
266,267,has_leg_color::purple,purple leg,a photo of a bird with purple leg.,False,unaligned_source_to_target,4785,23,4762,0.004806687565308255,109526,0.3937512554096744,0.0,0.0,0.0
267,268,has_leg_color::rufous,rufous leg,a photo of a bird with rufous leg.,False,unaligned_source_to_target,4785,66,4719,0.013793103448275862,311454,0.532813834466727,0.0,0.0,0.1
268,269,has_leg_color::grey,grey leg,a photo of a bird with grey leg.,False,unaligned_source_to_target,4785,1467,3318,0.3065830721003135,4867506,0.5089168867999341,0.0,0.2,0.3
269,270,has_leg_color::yellow,yellow leg,a photo of a bird with yellow leg.,False,unaligned_source_to_target,4785,107,4678,0.022361546499477535,500546,0.5021916067654122,0.0,0.2,0.1
270,271,has_leg_color::olive,olive leg,a photo of a bird with olive leg.,False,unaligned_source_to_target,4785,29,4756,0.006060606060606061,137924,0.570872364490589,0.0,0.0,0.0
271,272,has_leg_color::green,green leg,a photo of a bird with green leg.,False,unaligned_source_to_target,4785,7,4778,0.0014629049111807733,33446,0.5313041918316092,0.0,0.0,0.0
272,273,has_leg_color::pink,pink leg,a photo of a bird with pink leg.,False,unaligned_source_to_target,4785,147,4638,0.030721003134796237,681786,0.4608381515607537,0.0,0.0,0.0
273,274,has_leg_color::orange,orange leg,a photo of a bird with orange leg.,False,unaligned_source_to_target,4785,478,4307,0.09989550679205851,2058746,0.5078198087573698,1.0,0.2,0.1
274,275,has_leg_color::black,black leg,a photo of a bird with black leg.,False,unaligned_source_to_target,4785,1423,3362,0.2973876698014629,4784126,0.5034793188975374,1.0,0.2,0.1
275,276,has_leg_color::white,white leg,a photo of a bird with white leg.,False,unaligned_source_to_target,4785,191,4594,0.039916405433646815,877454,0.4852733020762342,0.0,0.0,0.0
276,277,has_leg_color::red,red leg,a photo of a bird with red leg.,False,unaligned_source_to_target,4785,167,4618,0.03490073145245559,771206,0.6067120847088845,0.0,0.2,0.1
277,278,has_leg_color::buff,buff leg,a photo of a bird with buff leg.,False,unaligned_source_to_target,4785,957,3828,0.2,3663396,0.4937465127985072,0.0,0.2,0.3
278,279,has_bill_color::blue,blue bill,a photo of a bird with blue bill.,True,unaligned_source_to_target,5672,151,5521,0.02662200282087447,833671,0.29811160517758206,0.0,0.0,0.0
279,280,has_bill_color::brown,brown bill,a photo of a bird with brown bill.,True,unaligned_source_to_target,5672,488,5184,0.08603667136812412,2529792,0.47753214493523577,0.0,0.0,0.0
280,281,has_bill_color::iridescent,iridescent bill,a photo of a bird with iridescent bill.,False,unaligned_source_to_target,5672,53,5619,0.009344146685472496,297807,0.5275833005940088,0.0,0.0,0.0
281,282,has_bill_color::purple,purple bill,a photo of a bird with purple bill.,False,unaligned_source_to_target,5672,17,5655,0.002997179125528914,96135,0.4275654028189525,0.0,0.0,0.0
282,283,has_bill_color::rufous,rufous bill,a photo of a bird with rufous bill.,False,unaligned_source_to_target,5672,81,5591,0.014280677009873061,452871,0.6758061346387824,0.0,0.0,0.1
283,284,has_bill_color::grey,grey bill,a photo of a bird with grey bill.,True,unaligned_source_to_target,5672,1583,4089,0.27909026798307474,6472887,0.4744250903808455,1.0,0.4,0.5
284,285,has_bill_color::yellow,yellow bill,a photo of a bird with yellow bill.,True,unaligned_source_to_target,5672,336,5336,0.05923836389280677,1792896,0.4827449556471764,0.0,0.0,0.0
285,286,has_bill_color::olive,olive bill,a photo of a bird with olive bill.,False,unaligned_source_to_target,5672,34,5638,0.005994358251057828,191692,0.588871731736327,0.0,0.0,0.0
286,287,has_bill_color::green,green bill,a photo of a bird with green bill.,False,unaligned_source_to_target,5672,14,5658,0.002468265162200282,79212,0.5441473514114024,0.0,0.0,0.0
287,288,has_bill_color::pink,pink bill,a photo of a bird with pink bill.,False,unaligned_source_to_target,5672,53,5619,0.009344146685472496,297807,0.47433740644108435,0.0,0.0,0.0
288,289,has_bill_color::orange,orange bill,a photo of a bird with orange bill.,True,unaligned_source_to_target,5672,392,5280,0.0691114245416079,2069760,0.5102069805194805,0.0,0.0,0.1
289,290,has_bill_color::black,black bill,a photo of a bird with black bill.,True,unaligned_source_to_target,5672,2575,3097,0.453984485190409,7974775,0.4899573969171544,0.0,0.6,0.3
290,291,has_bill_color::white,white bill,a photo of a bird with white bill.,True,unaligned_source_to_target,5672,319,5353,0.05624118476727786,1707607,0.5122818072308207,0.0,0.0,0.0
291,292,has_bill_color::red,red bill,a photo of a bird with red bill.,True,unaligned_source_to_target,5672,202,5470,0.03561354019746121,1104940,0.646340072764132,0.0,0.0,0.0
292,293,has_bill_color::buff,buff bill,a photo of a bird with buff bill.,False,unaligned_source_to_target,5672,823,4849,0.145098730606488,3990727,0.47542289913592184,1.0,0.4,0.4
293,294,has_crown_color::blue,blue crown,a photo of a bird with blue crown.,False,unaligned_source_to_target,5527,317,5210,0.057354803690971595,1651570,0.3418341335819856,0.0,0.0,0.0
294,295,has_crown_color::brown,brown crown,a photo of a bird with brown crown.,True,unaligned_source_to_target,5527,1078,4449,0.19504251854532295,4796022,0.44096232252479245,1.0,0.6,0.5
295,296,has_crown_color::iridescent,iridescent crown,a photo of a bird with iridescent crown.,False,unaligned_source_to_target,5527,129,5398,0.02333996743260358,696342,0.4160541802734863,0.0,0.0,0.0
296,297,has_crown_color::purple,purple crown,a photo of a bird with purple crown.,False,unaligned_source_to_target,5527,36,5491,0.006513479283517279,197676,0.4849045913515045,0.0,0.0,0.0
297,298,has_crown_color::rufous,rufous crown,a photo of a bird with rufous crown.,False,unaligned_source_to_target,5527,97,5430,0.017550208069477113,526710,0.7140058096485732,0.0,0.0,0.2
298,299,has_crown_color::grey,grey crown,a photo of a bird with grey crown.,True,unaligned_source_to_target,5527,1246,4281,0.22543875520173692,5334126,0.43863221453711443,1.0,0.4,0.3
299,300,has_crown_color::yellow,yellow crown,a photo of a bird with yellow crown.,True,unaligned_source_to_target,5527,407,5120,0.07363850189976479,2083840,0.6289815916769042,0.0,0.0,0.0
300,301,has_crown_color::olive,olive crown,a photo of a bird with olive crown.,False,unaligned_source_to_target,5527,142,5385,0.02569205717387371,764670,0.6160565995789034,0.0,0.0,0.1
301,302,has_crown_color::green,green crown,a photo of a bird with green crown.,False,unaligned_source_to_target,5527,66,5461,0.011941378686448345,360426,0.3834129613290939,0.0,0.0,0.0
302,303,has_crown_color::pink,pink crown,a photo of a bird with pink crown.,False,unaligned_source_to_target,5527,36,5491,0.006513479283517279,197676,0.5038345575588337,0.0,0.0,0.0
303,304,has_crown_color::orange,orange crown,a photo of a bird with orange crown.,False,unaligned_source_to_target,5527,153,5374,0.027682286954948433,822222,0.5887667807477786,0.0,0.0,0.0
304,305,has_crown_color::black,black crown,a photo of a bird with black crown.,True,unaligned_source_to_target,5527,1855,3672,0.33562511308123755,6811560,0.47471225387429605,0.0,0.0,0.2
305,306,has_crown_color::white,white crown,a photo of a bird with white crown.,True,unaligned_source_to_target,5527,712,4815,0.12882214582956397,3428280,0.44131196985077065,0.0,0.0,0.1
306,307,has_crown_color::red,red crown,a photo of a bird with red crown.,True,unaligned_source_to_target,5527,297,5230,0.05373620408901755,1553310,0.7614288197462193,0.0,0.2,0.1
307,308,has_crown_color::buff,buff crown,a photo of a bird with buff crown.,False,unaligned_source_to_target,5527,718,4809,0.12990772571015016,3452862,0.4560442902149,0.0,0.0,0.1
308,309,has_wing_pattern::solid,solid wing,a photo of a bird with solid wing.,True,unaligned_source_to_target,5175,1650,3525,0.3188405797101449,5816250,0.511887556415216,1.0,0.4,0.4
309,310,has_wing_pattern::spotted,spotted wing,a photo of a bird with spotted wing.,True,unaligned_source_to_target,5175,430,4745,0.08309178743961353,2040350,0.4295027813855466,0.0,0.0,0.0
310,311,has_wing_pattern::striped,striped wing,a photo of a bird with striped wing.,True,unaligned_source_to_target,5175,1303,3872,0.25178743961352656,5045216,0.44268709208882234,0.0,0.0,0.0
311,312,has_wing_pattern::multi-colored,multi colored wing,a photo of a bird with multi colored wing.,True,unaligned_source_to_target,5175,1792,3383,0.346280193236715,6062336,0.5303612336894556,1.0,0.4,0.2
0,1,has_bill_shape::curved_(up_or_down),curved up or down bill,a photo of a bird with curved up or down bill.,False,oxford_aligned_source_to_target,5670,119,5551,0.020987654320987655,660569,0.5031086835743125,0.0,0.0,0.0
1,2,has_bill_shape::dagger,dagger bill,a photo of a bird with dagger bill.,True,oxford_aligned_source_to_target,5670,786,4884,0.13862433862433862,3838824,0.5040843237408122,0.0,0.0,0.0
2,3,has_bill_shape::hooked,hooked bill,a photo of a bird with hooked bill.,True,oxford_aligned_source_to_target,5670,95,5575,0.01675485008818342,529625,0.5388841161198962,0.0,0.0,0.0
3,4,has_bill_shape::needle,needle bill,a photo of a bird with needle bill.,True,oxford_aligned_source_to_target,5670,149,5521,0.026278659611992945,822629,0.4377550511834618,0.0,0.0,0.0
4,5,has_bill_shape::hooked_seabird,hooked seabird bill,a photo of a bird with hooked seabird bill.,False,oxford_aligned_source_to_target,5670,373,5297,0.06578483245149912,1975781,0.7891985498392787,0.0,0.4,0.3
5,6,has_bill_shape::spatulate,spatulate bill,a photo of a bird with spatulate bill.,False,oxford_aligned_source_to_target,5670,224,5446,0.03950617283950617,1219904,0.5290850755469283,0.0,0.0,0.0
6,7,has_bill_shape::all-purpose,all purpose bill,a photo of a bird with all purpose bill.,False,oxford_aligned_source_to_target,5670,2337,3333,0.4121693121693122,7789221,0.47501560168853857,0.0,0.2,0.1
7,8,has_bill_shape::cone,cone bill,a photo of a bird with cone bill.,True,oxford_aligned_source_to_target,5670,1468,4202,0.2589065255731922,6168536,0.47298532423252454,0.0,0.2,0.3
8,9,has_bill_shape::specialized,specialized bill,a photo of a bird with specialized bill.,False,oxford_aligned_source_to_target,5670,119,5551,0.020987654320987655,660569,0.5627103300336528,0.0,0.2,0.1
9,10,has_wing_color::blue,blue wing,a photo of a bird with blue wing.,True,oxford_aligned_source_to_target,5349,296,5053,0.05533744625163582,1495688,0.8028144907226641,1.0,0.6,0.5
10,11,has_wing_color::brown,brown wing,a photo of a bird with brown wing.,True,oxford_aligned_source_to_target,5349,1557,3792,0.29108244531688166,5904144,0.5757025912647117,0.0,0.2,0.2
11,12,has_wing_color::iridescent,iridescent wing,a photo of a bird with iridescent wing.,False,oxford_aligned_source_to_target,5349,112,5237,0.020938493176294634,586544,0.6382317439100903,0.0,0.2,0.1
12,13,has_wing_color::purple,purple wing,a photo of a bird with purple wing.,False,oxford_aligned_source_to_target,5349,26,5323,0.004860721630211255,138398,0.6095247041142213,0.0,0.0,0.0
13,14,has_wing_color::rufous,rufous wing,a photo of a bird with rufous wing.,False,oxford_aligned_source_to_target,5349,69,5280,0.012899607403252944,364320,0.569235836627141,0.0,0.0,0.0
14,15,has_wing_color::grey,grey wing,a photo of a bird with grey wing.,True,oxford_aligned_source_to_target,5349,1768,3581,0.3305290708543653,6331208,0.5137795188532741,0.0,0.2,0.2
15,16,has_wing_color::yellow,yellow wing,a photo of a bird with yellow wing.,True,oxford_aligned_source_to_target,5349,546,4803,0.10207515423443635,2622438,0.6502046950204352,0.0,0.6,0.4
16,17,has_wing_color::olive,olive wing,a photo of a bird with olive wing.,False,oxford_aligned_source_to_target,5349,210,5139,0.03925967470555244,1079190,0.6092476764981143,0.0,0.2,0.1
17,18,has_wing_color::green,green wing,a photo of a bird with green wing.,False,oxford_aligned_source_to_target,5349,95,5254,0.0177603290334642,499130,0.6356840903171519,0.0,0.2,0.2
18,19,has_wing_color::pink,pink wing,a photo of a bird with pink wing.,False,oxford_aligned_source_to_target,5349,25,5324,0.004673770798280052,133100,0.5086250939143501,0.0,0.0,0.0
19,20,has_wing_color::orange,orange wing,a photo of a bird with orange wing.,False,oxford_aligned_source_to_target,5349,144,5205,0.0269209197980931,749520,0.6367048244209628,0.0,0.4,0.2
20,21,has_wing_color::black,black wing,a photo of a bird with black wing.,True,oxford_aligned_source_to_target,5349,2461,2888,0.46008599738268835,7107368,0.529361502035634,0.0,0.4,0.5
21,22,has_wing_color::white,white wing,a photo of a bird with white wing.,True,oxford_aligned_source_to_target,5349,1510,3839,0.28229575621611513,5796890,0.5245729175471675,1.0,0.4,0.3
22,23,has_wing_color::red,red wing,a photo of a bird with red wing.,True,oxford_aligned_source_to_target,5349,122,5227,0.022808001495606654,637694,0.6006376098881282,0.0,0.4,0.2
23,24,has_wing_color::buff,buff wing,a photo of a bird with buff wing.,False,oxford_aligned_source_to_target,5349,1058,4291,0.19779398018321181,4539878,0.4697679100627814,1.0,0.4,0.2
24,25,has_upperparts_color::blue,blue upperparts,a photo of a bird with blue upperparts.,False,oxford_aligned_source_to_target,5050,301,4749,0.0596039603960396,1429449,0.82938810688594,1.0,0.6,0.7
25,26,has_upperparts_color::brown,brown upperparts,a photo of a bird with brown upperparts.,False,oxford_aligned_source_to_target,5050,1383,3667,0.2738613861386139,5071461,0.5942282707093676,0.0,0.4,0.3
26,27,has_upperparts_color::iridescent,iridescent upperparts,a photo of a bird with iridescent upperparts.,False,oxford_aligned_source_to_target,5050,149,4901,0.029504950495049503,730249,0.618584893645866,0.0,0.4,0.3
27,28,has_upperparts_color::purple,purple upperparts,a photo of a bird with purple upperparts.,False,oxford_aligned_source_to_target,5050,31,5019,0.006138613861386139,155589,0.5285784984799696,0.0,0.0,0.0
28,29,has_upperparts_color::rufous,rufous upperparts,a photo of a bird with rufous upperparts.,False,oxford_aligned_source_to_target,5050,70,4980,0.013861386138613862,348600,0.5405263912794033,0.0,0.2,0.1
29,30,has_upperparts_color::grey,grey upperparts,a photo of a bird with grey upperparts.,False,oxford_aligned_source_to_target,5050,1711,3339,0.33881188118811884,5713029,0.5608032096458814,1.0,0.4,0.4
30,31,has_upperparts_color::yellow,yellow upperparts,a photo of a bird with yellow upperparts.,False,oxford_aligned_source_to_target,5050,543,4507,0.10752475247524752,2447301,0.7296875210691288,1.0,0.4,0.4
31,32,has_upperparts_color::olive,olive upperparts,a photo of a bird with olive upperparts.,False,oxford_aligned_source_to_target,5050,223,4827,0.044158415841584156,1076421,0.6344905942934966,0.0,0.4,0.4
32,33,has_upperparts_color::green,green upperparts,a photo of a bird with green upperparts.,False,oxford_aligned_source_to_target,5050,108,4942,0.021386138613861388,533736,0.7119474796528621,1.0,0.6,0.5
33,34,has_upperparts_color::pink,pink upperparts,a photo of a bird with pink upperparts.,False,oxford_aligned_source_to_target,5050,28,5022,0.005544554455445544,140616,0.5298116857256642,0.0,0.0,0.0
34,35,has_upperparts_color::orange,orange upperparts,a photo of a bird with orange upperparts.,False,oxford_aligned_source_to_target,5050,149,4901,0.029504950495049503,730249,0.6849985415933469,0.0,0.0,0.2
35,36,has_upperparts_color::black,black upperparts,a photo of a bird with black upperparts.,False,oxford_aligned_source_to_target,5050,2273,2777,0.4500990099009901,6312121,0.56458011498829,0.0,0.2,0.6
36,37,has_upperparts_color::white,white upperparts,a photo of a bird with white upperparts.,False,oxford_aligned_source_to_target,5050,1349,3701,0.26712871287128714,4992649,0.5408593714479027,1.0,1.0,0.7
37,38,has_upperparts_color::red,red upperparts,a photo of a bird with red upperparts.,False,oxford_aligned_source_to_target,5050,126,4924,0.024950495049504952,620424,0.7199012288370533,0.0,0.2,0.2
38,39,has_upperparts_color::buff,buff upperparts,a photo of a bird with buff upperparts.,False,oxford_aligned_source_to_target,5050,997,4053,0.19742574257425743,4040841,0.48373717253413334,1.0,0.2,0.2
39,40,has_underparts_color::blue,blue underparts,a photo of a bird with blue underparts.,False,oxford_aligned_source_to_target,5234,174,5060,0.03324417271685136,880440,0.8239425741674617,0.0,0.8,0.5
40,41,has_underparts_color::brown,brown underparts,a photo of a bird with brown underparts.,False,oxford_aligned_source_to_target,5234,593,4641,0.11329766908674055,2752113,0.5737097277619051,0.0,0.2,0.1
41,42,has_underparts_color::iridescent,iridescent underparts,a photo of a bird with iridescent underparts.,False,oxford_aligned_source_to_target,5234,92,5142,0.01757737867787543,473064,0.6584986386619992,0.0,0.0,0.1
42,43,has_underparts_color::purple,purple underparts,a photo of a bird with purple underparts.,False,oxford_aligned_source_to_target,5234,24,5210,0.0045854031333588076,125040,0.5988883557261676,0.0,0.0,0.0
43,44,has_underparts_color::rufous,rufous underparts,a photo of a bird with rufous underparts.,False,oxford_aligned_source_to_target,5234,88,5146,0.016813144822315627,452848,0.5748396813058686,0.0,0.0,0.0
44,45,has_underparts_color::grey,grey underparts,a photo of a bird with grey underparts.,False,oxford_aligned_source_to_target,5234,1081,4153,0.2065341994650363,4489393,0.591773097164806,1.0,0.8,0.8
45,46,has_underparts_color::yellow,yellow underparts,a photo of a bird with yellow underparts.,False,oxford_aligned_source_to_target,5234,866,4368,0.16545662972869699,3782688,0.7230088762276984,1.0,0.8,0.5
46,47,has_underparts_color::olive,olive underparts,a photo of a bird with olive underparts.,False,oxford_aligned_source_to_target,5234,132,5102,0.025219717233473445,673464,0.6849111459558344,0.0,0.0,0.1
47,48,has_underparts_color::green,green underparts,a photo of a bird with green underparts.,False,oxford_aligned_source_to_target,5234,81,5153,0.015475735575085976,417393,0.74416916431277,1.0,0.4,0.2
48,49,has_underparts_color::pink,pink underparts,a photo of a bird with pink underparts.,False,oxford_aligned_source_to_target,5234,24,5210,0.0045854031333588076,125040,0.5935220729366603,0.0,0.0,0.0
49,50,has_underparts_color::orange,orange underparts,a photo of a bird with orange underparts.,False,oxford_aligned_source_to_target,5234,189,5045,0.03611004967520061,953505,0.7080214576745796,0.0,0.2,0.3
50,51,has_underparts_color::black,black underparts,a photo of a bird with black underparts.,False,oxford_aligned_source_to_target,5234,1024,4210,0.19564386702330913,4311040,0.6411879732036817,0.0,0.4,0.5
51,52,has_underparts_color::white,white underparts,a photo of a bird with white underparts.,False,oxford_aligned_source_to_target,5234,2267,2967,0.43312953763851736,6726189,0.5918428697141873,1.0,0.6,0.8
52,53,has_underparts_color::red,red underparts,a photo of a bird with red underparts.,False,oxford_aligned_source_to_target,5234,211,5023,0.04031333588077952,1059853,0.7357746781865032,1.0,0.2,0.2
53,54,has_underparts_color::buff,buff underparts,a photo of a bird with buff underparts.,False,oxford_aligned_source_to_target,5234,1053,4181,0.20118456247611768,4402593,0.4800518694324004,1.0,0.4,0.3
54,55,has_breast_pattern::solid,solid breast,a photo of a bird with solid breast.,True,oxford_aligned_source_to_target,5265,3154,2111,0.5990503323836657,6658094,0.527696590045139,1.0,0.8,0.8
55,56,has_breast_pattern::spotted,spotted breast,a photo of a bird with spotted breast.,True,oxford_aligned_source_to_target,5265,311,4954,0.059069325735992405,1540694,0.6239071483370481,1.0,0.6,0.5
56,57,has_breast_pattern::striped,striped breast,a photo of a bird with striped breast.,True,oxford_aligned_source_to_target,5265,682,4583,0.1295346628679962,3125606,0.5335715698011841,0.0,0.2,0.1
57,58,has_breast_pattern::multi-colored,multi colored breast,a photo of a bird with multi colored breast.,True,oxford_aligned_source_to_target,5265,1118,4147,0.2123456790123457,4636346,0.5125357339594586,0.0,0.2,0.3
58,59,has_back_color::blue,blue back,a photo of a bird with blue back.,False,oxford_aligned_source_to_target,4530,249,4281,0.05496688741721854,1065969,0.860214509052327,1.0,1.0,0.6
59,60,has_back_color::brown,brown back,a photo of a bird with brown back.,True,oxford_aligned_source_to_target,4530,1105,3425,0.24392935982339956,3784625,0.5902188459887043,0.0,0.4,0.2
60,61,has_back_color::iridescent,iridescent back,a photo of a bird with iridescent back.,False,oxford_aligned_source_to_target,4530,102,4428,0.022516556291390728,451656,0.6194891687478966,0.0,0.2,0.3
61,62,has_back_color::purple,purple back,a photo of a bird with purple back.,False,oxford_aligned_source_to_target,4530,17,4513,0.0037527593818984547,76721,0.6106932912761825,0.0,0.0,0.0
62,63,has_back_color::rufous,rufous back,a photo of a bird with rufous back.,False,oxford_aligned_source_to_target,4530,57,4473,0.012582781456953643,254961,0.5428869513376555,0.0,0.0,0.0
63,64,has_back_color::grey,grey back,a photo of a bird with grey back.,True,oxford_aligned_source_to_target,4530,1427,3103,0.3150110375275938,4427981,0.5796492803379237,0.0,0.6,0.8
64,65,has_back_color::yellow,yellow back,a photo of a bird with yellow back.,True,oxford_aligned_source_to_target,4530,422,4108,0.09315673289183223,1733576,0.7715790943114118,0.0,0.2,0.5
65,66,has_back_color::olive,olive back,a photo of a bird with olive back.,False,oxford_aligned_source_to_target,4530,196,4334,0.04326710816777042,849464,0.6132090353446409,0.0,0.2,0.1
66,67,has_back_color::green,green back,a photo of a bird with green back.,False,oxford_aligned_source_to_target,4530,87,4443,0.019205298013245033,386541,0.6648169275704259,0.0,0.0,0.3
67,68,has_back_color::pink,pink back,a photo of a bird with pink back.,False,oxford_aligned_source_to_target,4530,20,4510,0.004415011037527594,90200,0.5818292682926829,0.0,0.0,0.0
68,69,has_back_color::orange,orange back,a photo of a bird with orange back.,False,oxford_aligned_source_to_target,4530,94,4436,0.02075055187637969,416984,0.6336981754695624,1.0,0.4,0.2
69,70,has_back_color::black,black back,a photo of a bird with black back.,True,oxford_aligned_source_to_target,4530,1663,2867,0.36710816777041944,4767821,0.6105268003979176,1.0,0.8,0.8
70,71,has_back_color::white,white back,a photo of a bird with white back.,True,oxford_aligned_source_to_target,4530,893,3637,0.19713024282560707,3247841,0.5913928668306114,1.0,0.6,0.6
71,72,has_back_color::red,red back,a photo of a bird with red back.,False,oxford_aligned_source_to_target,4530,103,4427,0.022737306843267108,455981,0.7676328618955615,0.0,0.2,0.2
72,73,has_back_color::buff,buff back,a photo of a bird with buff back.,False,oxford_aligned_source_to_target,4530,841,3689,0.1856512141280353,3102449,0.44423260462943953,0.0,0.4,0.3
73,74,has_tail_shape::forked_tail,forked tail,a photo of a bird with forked tail.,True,oxford_aligned_source_to_target,4586,198,4388,0.043174880069777585,868824,0.5178148854083221,0.0,0.0,0.0
74,75,has_tail_shape::rounded_tail,rounded tail,a photo of a bird with rounded tail.,True,oxford_aligned_source_to_target,4586,652,3934,0.14217182730047973,2564968,0.5154857682435025,0.0,0.0,0.1
75,76,has_tail_shape::notched_tail,notched tail,a photo of a bird with notched tail.,True,oxford_aligned_source_to_target,4586,1715,2871,0.373964238988225,4923765,0.4995869014869719,0.0,0.2,0.4
76,77,has_tail_shape::fan-shaped_tail,fan shaped tail,a photo of a bird with fan shaped tail.,True,oxford_aligned_source_to_target,4586,436,4150,0.09507195813344962,1809400,0.5285011606057256,0.0,0.0,0.0
77,78,has_tail_shape::pointed_tail,pointed tail,a photo of a bird with pointed tail.,True,oxford_aligned_source_to_target,4586,1048,3538,0.2285215874400349,3707824,0.49059407889910633,0.0,0.4,0.3
78,79,has_tail_shape::squared_tail,squared tail,a photo of a bird with squared tail.,True,oxford_aligned_source_to_target,4586,537,4049,0.11709550806803315,2174313,0.5114447643922471,0.0,0.0,0.0
79,80,has_upper_tail_color::blue,blue upper tail,a photo of a bird with blue upper tail.,False,oxford_aligned_source_to_target,3855,214,3641,0.05551232166018158,779174,0.8263520086655869,1.0,1.0,1.0
80,81,has_upper_tail_color::brown,brown upper tail,a photo of a bird with brown upper tail.,False,oxford_aligned_source_to_target,3855,828,3027,0.21478599221789882,2506356,0.5780804881668845,0.0,0.6,0.4
81,82,has_upper_tail_color::iridescent,iridescent upper tail,a photo of a bird with iridescent upper tail.,False,oxford_aligned_source_to_target,3855,63,3792,0.01634241245136187,238896,0.6092148884870404,0.0,0.2,0.1
82,83,has_upper_tail_color::purple,purple upper tail,a photo of a bird with purple upper tail.,False,oxford_aligned_source_to_target,3855,16,3839,0.004150453955901427,61424,0.5163616827298776,0.0,0.0,0.0
83,84,has_upper_tail_color::rufous,rufous upper tail,a photo of a bird with rufous upper tail.,False,oxford_aligned_source_to_target,3855,40,3815,0.010376134889753566,152600,0.5272870249017038,0.0,0.0,0.0
84,85,has_upper_tail_color::grey,grey upper tail,a photo of a bird with grey upper tail.,False,oxford_aligned_source_to_target,3855,1070,2785,0.2775616083009079,2979950,0.5703599053675398,0.0,0.4,0.2
85,86,has_upper_tail_color::yellow,yellow upper tail,a photo of a bird with yellow upper tail.,False,oxford_aligned_source_to_target,3855,258,3597,0.0669260700389105,928026,0.7112866449862396,1.0,0.8,0.5
86,87,has_upper_tail_color::olive,olive upper tail,a photo of a bird with olive upper tail.,False,oxford_aligned_source_to_target,3855,131,3724,0.03398184176394293,487844,0.628657931633883,0.0,0.2,0.2
87,88,has_upper_tail_color::green,green upper tail,a photo of a bird with green upper tail.,False,oxford_aligned_source_to_target,3855,46,3809,0.011932555123216601,175214,0.6815836634058923,0.0,0.0,0.0
88,89,has_upper_tail_color::pink,pink upper tail,a photo of a bird with pink upper tail.,False,oxford_aligned_source_to_target,3855,29,3826,0.007522697795071336,110954,0.5296969915460461,0.0,0.0,0.0
89,90,has_upper_tail_color::orange,orange upper tail,a photo of a bird with orange upper tail.,False,oxford_aligned_source_to_target,3855,87,3768,0.022568093385214007,327816,0.6402250042706884,0.0,0.0,0.0
90,91,has_upper_tail_color::black,black upper tail,a photo of a bird with black upper tail.,False,oxford_aligned_source_to_target,3855,1480,2375,0.383916990920882,3515000,0.556542105263158,0.0,0.6,0.7
91,92,has_upper_tail_color::white,white upper tail,a photo of a bird with white upper tail.,False,oxford_aligned_source_to_target,3855,730,3125,0.1893644617380026,2281250,0.5059366575342465,1.0,0.8,0.6
92,93,has_upper_tail_color::red,red upper tail,a photo of a bird with red upper tail.,False,oxford_aligned_source_to_target,3855,83,3772,0.02153047989623865,313076,0.6443898606089257,0.0,0.0,0.0
93,94,has_upper_tail_color::buff,buff upper tail,a photo of a bird with buff upper tail.,False,oxford_aligned_source_to_target,3855,631,3224,0.16368352788586252,2034344,0.4692230025993637,0.0,0.0,0.1
94,95,has_head_pattern::spotted,spotted head,a photo of a bird with spotted head.,False,oxford_aligned_source_to_target,5592,159,5433,0.028433476394849784,863847,0.5101817798753715,0.0,0.0,0.0
95,96,has_head_pattern::malar,malar head,a photo of a bird with malar head.,False,oxford_aligned_source_to_target,5592,558,5034,0.09978540772532189,2808972,0.48908675486975306,1.0,0.4,0.3
96,97,has_head_pattern::crested,crested head,a photo of a bird with crested head.,True,oxford_aligned_source_to_target,5592,227,5365,0.040593705293276106,1217855,0.531431081696918,0.0,0.2,0.3
97,98,has_head_pattern::masked,masked head,a photo of a bird with masked head.,True,oxford_aligned_source_to_target,5592,252,5340,0.045064377682403435,1345680,0.5432071517745675,1.0,0.2,0.1
98,99,has_head_pattern::unique_pattern,unique pattern head,a photo of a bird with unique pattern head.,False,oxford_aligned_source_to_target,5592,185,5407,0.0330829756795422,1000295,0.5434256894216206,0.0,0.0,0.0
99,100,has_head_pattern::eyebrow,eyebrow head,a photo of a bird with eyebrow head.,False,oxford_aligned_source_to_target,5592,708,4884,0.12660944206008584,3457872,0.4617840105128241,0.0,0.0,0.1
100,101,has_head_pattern::eyering,eyering head,a photo of a bird with eyering head.,True,oxford_aligned_source_to_target,5592,926,4666,0.1655937052932761,4320716,0.5313258265528213,0.0,0.0,0.2
101,102,has_head_pattern::plain,plain head,a photo of a bird with plain head.,True,oxford_aligned_source_to_target,5592,1537,4055,0.2748569384835479,6232535,0.5301178412957167,0.0,0.0,0.2
102,103,has_head_pattern::eyeline,eyeline head,a photo of a bird with eyeline head.,True,oxford_aligned_source_to_target,5592,670,4922,0.1198140200286123,3297740,0.495228702080819,0.0,0.0,0.0
103,104,has_head_pattern::striped,striped head,a photo of a bird with striped head.,True,oxford_aligned_source_to_target,5592,392,5200,0.07010014306151645,2038400,0.5201717032967033,0.0,0.2,0.1
104,105,has_head_pattern::capped,capped head,a photo of a bird with capped head.,True,oxford_aligned_source_to_target,5592,668,4924,0.11945636623748211,3289232,0.47485127227267643,0.0,0.0,0.0
105,106,has_breast_color::blue,blue breast,a photo of a bird with blue breast.,False,oxford_aligned_source_to_target,5317,178,5139,0.033477524920067704,914742,0.8344779183638665,0.0,0.6,0.5
106,107,has_breast_color::brown,brown breast,a photo of a bird with brown breast.,True,oxford_aligned_source_to_target,5317,639,4678,0.12018055294338913,2989242,0.5943424787956277,0.0,0.2,0.1
107,108,has_breast_color::iridescent,iridescent breast,a photo of a bird with iridescent breast.,False,oxford_aligned_source_to_target,5317,90,5227,0.016926838442730862,470430,0.6673043810981443,0.0,0.0,0.0
108,109,has_breast_color::purple,purple breast,a photo of a bird with purple breast.,False,oxford_aligned_source_to_target,5317,17,5300,0.003197291705849163,90100,0.6092563817980022,0.0,0.0,0.0
109,110,has_breast_color::rufous,rufous breast,a photo of a bird with rufous breast.,False,oxford_aligned_source_to_target,5317,77,5240,0.014481850667669738,403480,0.554099335778725,0.0,0.0,0.0
110,111,has_breast_color::grey,grey breast,a photo of a bird with grey breast.,True,oxford_aligned_source_to_target,5317,1084,4233,0.2038743652435584,4588572,0.6211297327360233,0.0,0.6,0.7
111,112,has_breast_color::yellow,yellow breast,a photo of a bird with yellow breast.,True,oxford_aligned_source_to_target,5317,794,4523,0.14933233026142562,3591262,0.7174688173683791,0.0,0.2,0.3
112,113,has_breast_color::olive,olive breast,a photo of a bird with olive breast.,False,oxford_aligned_source_to_target,5317,104,5213,0.019559902200488997,542152,0.64198416680193,0.0,0.2,0.3
113,114,has_breast_color::green,green breast,a photo of a bird with green breast.,False,oxford_aligned_source_to_target,5317,63,5254,0.011848786909911604,331002,0.7181920350934435,0.0,0.2,0.1
114,115,has_breast_color::pink,pink breast,a photo of a bird with pink breast.,False,oxford_aligned_source_to_target,5317,25,5292,0.0047018995674252394,132300,0.5818140589569161,0.0,0.0,0.0
115,116,has_breast_color::orange,orange breast,a photo of a bird with orange breast.,True,oxford_aligned_source_to_target,5317,170,5147,0.03197291705849163,874990,0.6864695596521103,0.0,0.0,0.2
116,117,has_breast_color::black,black breast,a photo of a bird with black breast.,True,oxford_aligned_source_to_target,5317,1176,4141,0.22117735565168328,4869816,0.621821235134962,0.0,0.6,0.6
117,118,has_breast_color::white,white breast,a photo of a bird with white breast.,True,oxford_aligned_source_to_target,5317,2080,3237,0.39119804400978,6732960,0.5966905343266558,1.0,0.8,0.8
118,119,has_breast_color::red,red breast,a photo of a bird with red breast.,True,oxford_aligned_source_to_target,5317,233,5084,0.043821703968403236,1184572,0.7269537014212728,0.0,0.2,0.1
119,120,has_breast_color::buff,buff breast,a photo of a bird with buff breast.,False,oxford_aligned_source_to_target,5317,996,4321,0.18732367876622155,4303716,0.4969555379583597,0.0,0.2,0.3
120,121,has_throat_color::blue,blue throat,a photo of a bird with blue throat.,False,oxford_aligned_source_to_target,5522,182,5340,0.03295907279971025,971880,0.8163651891179982,1.0,0.8,0.5
121,122,has_throat_color::brown,brown throat,a photo of a bird with brown throat.,True,oxford_aligned_source_to_target,5522,476,5046,0.08620065193770374,2401896,0.550506349983513,0.0,0.2,0.2
122,123,has_throat_color::iridescent,iridescent throat,a photo of a bird with iridescent throat.,False,oxford_aligned_source_to_target,5522,88,5434,0.01593625498007968,478192,0.6334129387359052,1.0,0.2,0.1
123,124,has_throat_color::purple,purple throat,a photo of a bird with purple throat.,False,oxford_aligned_source_to_target,5522,28,5494,0.0050706265845708075,153832,0.5503861355244682,0.0,0.2,0.1
124,125,has_throat_color::rufous,rufous throat,a photo of a bird with rufous throat.,False,oxford_aligned_source_to_target,5522,74,5448,0.013400941687794278,403152,0.546895463745684,0.0,0.0,0.1
125,126,has_throat_color::grey,grey throat,a photo of a bird with grey throat.,True,oxford_aligned_source_to_target,5522,992,4530,0.17964505613908005,4493760,0.5852325224311045,0.0,0.4,0.5
126,127,has_throat_color::yellow,yellow throat,a photo of a bird with yellow throat.,True,oxford_aligned_source_to_target,5522,653,4869,0.11825425570445491,3179457,0.6885593986646148,0.0,0.0,0.0
127,128,has_throat_color::olive,olive throat,a photo of a bird with olive throat.,False,oxford_aligned_source_to_target,5522,88,5434,0.01593625498007968,478192,0.6623531970421923,0.0,0.0,0.0
128,129,has_throat_color::green,green throat,a photo of a bird with green throat.,False,oxford_aligned_source_to_target,5522,60,5462,0.010865628395508874,327720,0.7349383620163554,0.0,0.0,0.1
129,130,has_throat_color::pink,pink throat,a photo of a bird with pink throat.,False,oxford_aligned_source_to_target,5522,26,5496,0.004708438971387179,142896,0.5205464113761057,0.0,0.0,0.0
130,131,has_throat_color::orange,orange throat,a photo of a bird with orange throat.,True,oxford_aligned_source_to_target,5522,136,5386,0.02462875769648678,732496,0.6607981477031957,0.0,0.2,0.2
131,132,has_throat_color::black,black throat,a photo of a bird with black throat.,True,oxford_aligned_source_to_target,5522,1259,4263,0.22799710249909452,5367117,0.5947890645946418,0.0,0.2,0.4
132,133,has_throat_color::white,white throat,a photo of a bird with white throat.,True,oxford_aligned_source_to_target,5522,2016,3506,0.36508511408909816,7068096,0.5461593900252628,1.0,0.6,0.6
133,134,has_throat_color::red,red throat,a photo of a bird with red throat.,True,oxford_aligned_source_to_target,5522,218,5304,0.039478449837015574,1156272,0.7222764193892095,0.0,0.2,0.1
134,135,has_throat_color::buff,buff throat,a photo of a bird with buff throat.,False,oxford_aligned_source_to_target,5522,796,4726,0.1441506700470844,3761896,0.5059007479207294,0.0,0.4,0.2
135,136,has_eye_color::blue,blue eye,a photo of a bird with blue eye.,False,oxford_aligned_source_to_target,5527,56,5471,0.010132078885471322,306376,0.691859022899966,0.0,0.0,0.0
136,137,has_eye_color::brown,brown eye,a photo of a bird with brown eye.,False,oxford_aligned_source_to_target,5527,200,5327,0.03618599601954044,1065400,0.5431546836868781,0.0,0.2,0.1
137,138,has_eye_color::purple,purple eye,a photo of a bird with purple eye.,False,oxford_aligned_source_to_target,5527,10,5517,0.0018092998009770218,55170,0.4667754214246873,0.0,0.0,0.0
138,139,has_eye_color::rufous,rufous eye,a photo of a bird with rufous eye.,False,oxford_aligned_source_to_target,5527,67,5460,0.012122308666546046,365820,0.5008009403531791,0.0,0.0,0.0
139,140,has_eye_color::grey,grey eye,a photo of a bird with grey eye.,False,oxford_aligned_source_to_target,5527,101,5426,0.018273927989867923,548026,0.5369234306401521,0.0,0.0,0.0
140,141,has_eye_color::yellow,yellow eye,a photo of a bird with yellow eye.,False,oxford_aligned_source_to_target,5527,126,5401,0.022797177492310475,680526,0.5633950796883587,0.0,0.0,0.1
141,142,has_eye_color::olive,olive eye,a photo of a bird with olive eye.,False,oxford_aligned_source_to_target,5527,17,5510,0.003075809661660937,93670,0.49220668303619086,0.0,0.0,0.0
142,143,has_eye_color::green,green eye,a photo of a bird with green eye.,False,oxford_aligned_source_to_target,5527,3,5524,0.0005427899402931065,16572,0.7426985276369781,0.0,0.0,0.0
143,144,has_eye_color::pink,pink eye,a photo of a bird with pink eye.,False,oxford_aligned_source_to_target,5527,23,5504,0.0041613895422471505,126592,0.48613656471183014,0.0,0.0,0.0
144,145,has_eye_color::orange,orange eye,a photo of a bird with orange eye.,False,oxford_aligned_source_to_target,5527,69,5458,0.01248416862674145,376602,0.5443226536237195,0.0,0.0,0.0
145,146,has_eye_color::black,black eye,a photo of a bird with black eye.,False,oxford_aligned_source_to_target,5527,4877,650,0.8823955129364935,3170050,0.46949574927840254,1.0,0.8,0.8
146,147,has_eye_color::white,white eye,a photo of a bird with white eye.,False,oxford_aligned_source_to_target,5527,162,5365,0.029310656775827754,869130,0.5865463164313739,0.0,0.0,0.1
147,148,has_eye_color::red,red eye,a photo of a bird with red eye.,False,oxford_aligned_source_to_target,5527,132,5395,0.02388275737289669,712140,0.6342081613165951,1.0,0.2,0.2
148,149,has_eye_color::buff,buff eye,a photo of a bird with buff eye.,False,oxford_aligned_source_to_target,5527,89,5438,0.016102768228695497,483982,0.5762259753461906,0.0,0.0,0.0
149,150,has_bill_length::about_the_same_as_head,bill about the same length as head,a photo of a bird with bill about the same length as head.,True,oxford_aligned_source_to_target,5667,2119,3548,0.37391918122463386,7518212,0.49833750365113405,1.0,0.2,0.4
150,151,has_bill_length::longer_than_head,bill longer than head,a photo of a bird with bill longer than head.,True,oxford_aligned_source_to_target,5667,348,5319,0.0614081524616199,1851012,0.46298295202840395,0.0,0.0,0.0
151,152,has_bill_length::shorter_than_head,bill shorter than head,a photo of a bird with bill shorter than head.,True,oxford_aligned_source_to_target,5667,3247,2420,0.5729662961002294,7857740,0.5180623818044374,1.0,0.8,0.9
152,153,has_forehead_color::blue,blue forehead,a photo of a bird with blue forehead.,False,oxford_aligned_source_to_target,5515,303,5212,0.05494106980961015,1579236,0.8409996985884314,1.0,0.6,0.7
153,154,has_forehead_color::brown,brown forehead,a photo of a bird with brown forehead.,False,oxford_aligned_source_to_target,5515,998,4517,0.18096101541251133,4507966,0.5490774553312957,0.0,0.0,0.1
154,155,has_forehead_color::iridescent,iridescent forehead,a photo of a bird with iridescent forehead.,False,oxford_aligned_source_to_target,5515,124,5391,0.022484134179510427,668484,0.6033487712495736,0.0,0.0,0.1
155,156,has_forehead_color::purple,purple forehead,a photo of a bird with purple forehead.,False,oxford_aligned_source_to_target,5515,32,5483,0.005802357207615594,175456,0.5509244482947292,0.0,0.0,0.0
156,157,has_forehead_color::rufous,rufous forehead,a photo of a bird with rufous forehead.,False,oxford_aligned_source_to_target,5515,88,5427,0.015956482320942884,477576,0.5438610817964051,0.0,0.0,0.0
157,158,has_forehead_color::grey,grey forehead,a photo of a bird with grey forehead.,False,oxford_aligned_source_to_target,5515,1181,4334,0.21414324569356302,5118454,0.5943754696242264,0.0,0.2,0.3
158,159,has_forehead_color::yellow,yellow forehead,a photo of a bird with yellow forehead.,False,oxford_aligned_source_to_target,5515,483,5032,0.08757932910244787,2430456,0.6787339495140007,0.0,0.0,0.1
159,160,has_forehead_color::olive,olive forehead,a photo of a bird with olive forehead.,False,oxford_aligned_source_to_target,5515,128,5387,0.023209428830462377,689536,0.5729069983293114,0.0,0.0,0.1
160,161,has_forehead_color::green,green forehead,a photo of a bird with green forehead.,False,oxford_aligned_source_to_target,5515,53,5462,0.009610154125113327,289486,0.6968938048817559,0.0,0.2,0.1
161,162,has_forehead_color::pink,pink forehead,a photo of a bird with pink forehead.,False,oxford_aligned_source_to_target,5515,24,5491,0.004351767905711695,131784,0.5462423359436654,0.0,0.0,0.0
162,163,has_forehead_color::orange,orange forehead,a photo of a bird with orange forehead.,False,oxford_aligned_source_to_target,5515,159,5356,0.028830462375339982,851604,0.6568898220299576,1.0,0.2,0.3
163,164,has_forehead_color::black,black forehead,a photo of a bird with black forehead.,False,oxford_aligned_source_to_target,5515,1864,3651,0.3379873073436083,6805464,0.5600981064626894,1.0,0.2,0.5
164,165,has_forehead_color::white,white forehead,a photo of a bird with white forehead.,False,oxford_aligned_source_to_target,5515,807,4708,0.14632819582955575,3799356,0.565051024436773,1.0,0.4,0.6
165,166,has_forehead_color::red,red forehead,a photo of a bird with red forehead.,False,oxford_aligned_source_to_target,5515,254,5261,0.04605621033544877,1336294,0.6065356875058932,1.0,0.4,0.2
166,167,has_forehead_color::buff,buff forehead,a photo of a bird with buff forehead.,False,oxford_aligned_source_to_target,5515,708,4807,0.12837715321849502,3403356,0.478188587970227,0.0,0.2,0.3
167,168,has_under_tail_color::blue,blue under tail,a photo of a bird with blue under tail.,False,oxford_aligned_source_to_target,4343,203,4140,0.04674188349067465,840420,0.8551176792556103,1.0,0.8,0.7
168,169,has_under_tail_color::brown,brown under tail,a photo of a bird with brown under tail.,False,oxford_aligned_source_to_target,4343,891,3452,0.20515772507483307,3075732,0.5820081203433849,0.0,0.2,0.3
169,170,has_under_tail_color::iridescent,iridescent under tail,a photo of a bird with iridescent under tail.,False,oxford_aligned_source_to_target,4343,65,4278,0.014966612940363803,278070,0.6013126191246808,0.0,0.2,0.1
170,171,has_under_tail_color::purple,purple under tail,a photo of a bird with purple under tail.,False,oxford_aligned_source_to_target,4343,18,4325,0.004144600506562284,77850,0.5847398843930636,0.0,0.0,0.1
171,172,has_under_tail_color::rufous,rufous under tail,a photo of a bird with rufous under tail.,False,oxford_aligned_source_to_target,4343,52,4291,0.011973290352291043,223132,0.5037332162128247,0.0,0.0,0.0
172,173,has_under_tail_color::grey,grey under tail,a photo of a bird with grey under tail.,False,oxford_aligned_source_to_target,4343,1213,3130,0.2793000230255584,3796690,0.5482524251387393,1.0,0.4,0.3
173,174,has_under_tail_color::yellow,yellow under tail,a photo of a bird with yellow under tail.,False,oxford_aligned_source_to_target,4343,383,3960,0.08818788855629749,1516680,0.7447180684125854,1.0,0.4,0.6
174,175,has_under_tail_color::olive,olive under tail,a photo of a bird with olive under tail.,False,oxford_aligned_source_to_target,4343,125,4218,0.028781947962238083,527250,0.6362200094831674,0.0,0.0,0.1
175,176,has_under_tail_color::green,green under tail,a photo of a bird with green under tail.,False,oxford_aligned_source_to_target,4343,56,4287,0.012894312687082661,240072,0.6483388316838282,0.0,0.0,0.0
176,177,has_under_tail_color::pink,pink under tail,a photo of a bird with pink under tail.,False,oxford_aligned_source_to_target,4343,23,4320,0.0052958784250518075,99360,0.4835950080515298,0.0,0.0,0.0
177,178,has_under_tail_color::orange,orange under tail,a photo of a bird with orange under tail.,False,oxford_aligned_source_to_target,4343,109,4234,0.02509785862307161,461506,0.6506502624017889,0.0,0.2,0.1
178,179,has_under_tail_color::black,black under tail,a photo of a bird with black under tail.,False,oxford_aligned_source_to_target,4343,1808,2535,0.41630209532581164,4583280,0.5816083678064617,0.0,0.6,0.8
179,180,has_under_tail_color::white,white under tail,a photo of a bird with white under tail.,False,oxford_aligned_source_to_target,4343,1034,3309,0.23808427354363343,3421506,0.5792012347779019,0.0,0.6,0.4
180,181,has_under_tail_color::red,red under tail,a photo of a bird with red under tail.,False,oxford_aligned_source_to_target,4343,83,4260,0.01911121344692609,353580,0.7160416313139883,0.0,0.0,0.0
181,182,has_under_tail_color::buff,buff under tail,a photo of a bird with buff under tail.,False,oxford_aligned_source_to_target,4343,694,3649,0.15979737508634584,2532406,0.4488533829093755,0.0,0.0,0.0
182,183,has_nape_color::blue,blue nape,a photo of a bird with blue nape.,False,oxford_aligned_source_to_target,5367,289,5078,0.053847587106390905,1467542,0.828478844217065,1.0,0.8,0.8
183,184,has_nape_color::brown,brown nape,a photo of a bird with brown nape.,False,oxford_aligned_source_to_target,5367,1012,4355,0.18855971678777717,4407260,0.5792853155929081,1.0,0.2,0.1
184,185,has_nape_color::iridescent,iridescent nape,a photo of a bird with iridescent nape.,False,oxford_aligned_source_to_target,5367,119,5248,0.02217253586733743,624512,0.6199848841975815,0.0,0.2,0.2
185,186,has_nape_color::purple,purple nape,a photo of a bird with purple nape.,False,oxford_aligned_source_to_target,5367,34,5333,0.006335010247810695,181322,0.6710162032185835,0.0,0.2,0.1
186,187,has_nape_color::rufous,rufous nape,a photo of a bird with rufous nape.,False,oxford_aligned_source_to_target,5367,80,5287,0.014905906465436929,422960,0.5425430300737658,0.0,0.0,0.0
187,188,has_nape_color::grey,grey nape,a photo of a bird with grey nape.,False,oxford_aligned_source_to_target,5367,1427,3940,0.2658841065772312,5622380,0.5904909486729819,0.0,0.6,0.4
188,189,has_nape_color::yellow,yellow nape,a photo of a bird with yellow nape.,False,oxford_aligned_source_to_target,5367,464,4903,0.08645425749953418,2274992,0.7280966262738506,0.0,0.0,0.0
189,190,has_nape_color::olive,olive nape,a photo of a bird with olive nape.,False,oxford_aligned_source_to_target,5367,183,5184,0.03409726103968697,948672,0.5800445253997166,0.0,0.0,0.1
190,191,has_nape_color::green,green nape,a photo of a bird with green nape.,False,oxford_aligned_source_to_target,5367,80,5287,0.014905906465436929,422960,0.7096723094382448,0.0,0.0,0.0
191,192,has_nape_color::pink,pink nape,a photo of a bird with pink nape.,False,oxford_aligned_source_to_target,5367,33,5334,0.006148686416992733,176022,0.6286884593971208,0.0,0.0,0.0
192,193,has_nape_color::orange,orange nape,a photo of a bird with orange nape.,False,oxford_aligned_source_to_target,5367,126,5241,0.023476802683063163,660366,0.6920783323187445,0.0,0.2,0.2
193,194,has_nape_color::black,black nape,a photo of a bird with black nape.,False,oxford_aligned_source_to_target,5367,1507,3860,0.28079001304266815,5817020,0.6573847090090803,1.0,0.6,0.5
194,195,has_nape_color::white,white nape,a photo of a bird with white nape.,False,oxford_aligned_source_to_target,5367,1274,4093,0.2373765604620831,5214482,0.6272975915920316,1.0,0.8,0.9
195,196,has_nape_color::red,red nape,a photo of a bird with red nape.,False,oxford_aligned_source_to_target,5367,199,5168,0.03707844233277436,1028432,0.7462661605239821,0.0,0.0,0.0
196,197,has_nape_color::buff,buff nape,a photo of a bird with buff nape.,False,oxford_aligned_source_to_target,5367,889,4478,0.1656418855971679,3980942,0.47480772138855576,0.0,0.2,0.2
197,198,has_belly_color::blue,blue belly,a photo of a bird with blue belly.,False,oxford_aligned_source_to_target,5144,144,5000,0.027993779160186624,720000,0.8126555555555556,0.0,0.6,0.5
198,199,has_belly_color::brown,brown belly,a photo of a bird with brown belly.,True,oxford_aligned_source_to_target,5144,513,4631,0.09972783825816485,2375703,0.5591250253082982,0.0,0.0,0.0
199,200,has_belly_color::iridescent,iridescent belly,a photo of a bird with iridescent belly.,False,oxford_aligned_source_to_target,5144,81,5063,0.015746500777604977,410103,0.6381421252709685,0.0,0.0,0.0
200,201,has_belly_color::purple,purple belly,a photo of a bird with purple belly.,False,oxford_aligned_source_to_target,5144,19,5125,0.0036936236391912907,97375,0.619204107830552,0.0,0.0,0.0
201,202,has_belly_color::rufous,rufous belly,a photo of a bird with rufous belly.,False,oxford_aligned_source_to_target,5144,79,5065,0.015357698289269051,400135,0.5771402151773777,0.0,0.0,0.0
202,203,has_belly_color::grey,grey belly,a photo of a bird with grey belly.,True,oxford_aligned_source_to_target,5144,996,4148,0.19362363919129083,4131408,0.590817585675392,1.0,0.6,0.7
203,204,has_belly_color::yellow,yellow belly,a photo of a bird with yellow belly.,True,oxford_aligned_source_to_target,5144,844,4300,0.1640746500777605,3629200,0.6367173206216246,1.0,0.6,0.6
204,205,has_belly_color::olive,olive belly,a photo of a bird with olive belly.,False,oxford_aligned_source_to_target,5144,117,5027,0.022744945567651633,588159,0.6461841100790773,0.0,0.0,0.0
205,206,has_belly_color::green,green belly,a photo of a bird with green belly.,False,oxford_aligned_source_to_target,5144,68,5076,0.013219284603421462,345168,0.6929524173735688,0.0,0.2,0.2
206,207,has_belly_color::pink,pink belly,a photo of a bird with pink belly.,False,oxford_aligned_source_to_target,5144,31,5113,0.0060264385692068425,158503,0.5882601591137077,0.0,0.0,0.0
207,208,has_belly_color::orange,orange belly,a photo of a bird with orange belly.,True,oxford_aligned_source_to_target,5144,165,4979,0.03207620528771384,821535,0.6377056364001533,0.0,0.2,0.1
208,209,has_belly_color::black,black belly,a photo of a bird with black belly.,True,oxford_aligned_source_to_target,5144,852,4292,0.1656298600311042,3656784,0.635432937794521,1.0,0.4,0.4
209,210,has_belly_color::white,white belly,a photo of a bird with white belly.,True,oxford_aligned_source_to_target,5144,2167,2977,0.4212674961119751,6451159,0.5673930064349677,1.0,1.0,0.9
210,211,has_belly_color::red,red belly,a photo of a bird with red belly.,True,oxford_aligned_source_to_target,5144,200,4944,0.038880248833592534,988800,0.6662237055016181,0.0,0.0,0.1
211,212,has_belly_color::buff,buff belly,a photo of a bird with buff belly.,False,oxford_aligned_source_to_target,5144,948,4196,0.18429237947122862,3977808,0.4764490895488168,0.0,0.2,0.2
212,213,has_wing_shape::rounded-wings,rounded wings,a photo of a bird with rounded wings.,True,oxford_aligned_source_to_target,3830,1653,2177,0.4315926892950392,3598581,0.4826683073133549,1.0,0.4,0.2
213,214,has_wing_shape::pointed-wings,pointed wings,a photo of a bird with pointed wings.,True,oxford_aligned_source_to_target,3830,1163,2667,0.30365535248041775,3101721,0.48778113827774966,0.0,0.4,0.4
214,215,has_wing_shape::broad-wings,broad wings,a photo of a bird with broad wings.,True,oxford_aligned_source_to_target,3830,335,3495,0.08746736292428199,1170825,0.516326521896953,0.0,0.0,0.0
215,216,has_wing_shape::tapered-wings,tapered wings,a photo of a bird with tapered wings.,True,oxford_aligned_source_to_target,3830,470,3360,0.1227154046997389,1579200,0.5311081560283688,0.0,0.0,0.0
216,217,has_wing_shape::long-wings,long wings,a photo of a bird with long wings.,True,oxford_aligned_source_to_target,3830,379,3451,0.0989556135770235,1307929,0.5757430258064467,0.0,0.0,0.0
217,218,has_size::large_(16_-_32_in),large bird,a photo of a bird with large bird.,True,oxford_aligned_source_to_target,5794,208,5586,0.03589920607525026,1161888,0.5034409512792971,0.0,0.0,0.1
218,219,has_size::small_(5_-_9_in),small bird,a photo of a bird with small bird.,True,oxford_aligned_source_to_target,5794,2958,2836,0.5105281325509148,8388888,0.5491276078545809,1.0,0.8,0.8
219,220,has_size::very_large_(32_-_72_in),very bird,a photo of a bird with very bird.,False,oxford_aligned_source_to_target,5794,96,5698,0.016568864342423197,547008,0.4505619661869662,0.0,0.0,0.0
220,221,has_size::medium_(9_-_16_in),medium bird,a photo of a bird with medium bird.,True,oxford_aligned_source_to_target,5794,1148,4646,0.1981360027614774,5333608,0.47603910898588725,0.0,0.0,0.2
221,222,has_size::very_small_(3_-_5_in),very bird,a photo of a bird with very bird.,False,oxford_aligned_source_to_target,5794,1384,4410,0.2388677942699344,6103440,0.48897900200542643,0.0,0.0,0.1
222,223,has_shape::upright-perching_water-like,upright perching water like body shape,a photo of a bird with upright perching water like body shape.,False,oxford_aligned_source_to_target,5794,125,5669,0.021574042112530202,708625,0.5888318927500441,0.0,0.2,0.2
223,224,has_shape::chicken-like-marsh,chicken like marsh body shape,a photo of a bird with chicken like marsh body shape.,False,oxford_aligned_source_to_target,5794,95,5699,0.016396272005522954,541405,0.6197541581625585,0.0,0.2,0.1
224,225,has_shape::long-legged-like,long legged like body shape,a photo of a bird with long legged like body shape.,False,oxford_aligned_source_to_target,5794,64,5730,0.011045909561615464,366720,0.48485493019197207,0.0,0.0,0.0
225,226,has_shape::duck-like,duck like body shape,a photo of a bird with duck like body shape.,False,oxford_aligned_source_to_target,5794,354,5440,0.06109768726268554,1925760,0.6831785892323031,0.0,0.4,0.2
226,227,has_shape::owl-like,owl like body shape,a photo of a bird with owl like body shape.,False,oxford_aligned_source_to_target,5794,26,5768,0.0044874007594062825,149968,0.40515976741704895,0.0,0.0,0.0
227,228,has_shape::gull-like,gull like body shape,a photo of a bird with gull like body shape.,False,oxford_aligned_source_to_target,5794,404,5390,0.06972730410769762,2177560,0.7129199654659344,1.0,0.6,0.7
228,229,has_shape::hummingbird-like,hummingbird like body shape,a photo of a bird with hummingbird like body shape.,False,oxford_aligned_source_to_target,5794,320,5474,0.055229547808077324,1751680,0.5673342162952137,0.0,0.0,0.0
229,230,has_shape::pigeon-like,pigeon like body shape,a photo of a bird with pigeon like body shape.,False,oxford_aligned_source_to_target,5794,370,5424,0.0638591646530894,2006880,0.5830607709479391,0.0,0.0,0.1
230,231,has_shape::tree-clinging-like,tree clinging like body shape,a photo of a bird with tree clinging like body shape.,False,oxford_aligned_source_to_target,5794,365,5429,0.0629962029685882,1981585,0.5541485729857665,0.0,0.0,0.0
231,232,has_shape::hawk-like,hawk like body shape,a photo of a bird with hawk like body shape.,False,oxford_aligned_source_to_target,5794,189,5605,0.03261995167414567,1059345,0.5301832736266278,0.0,0.0,0.0
232,233,has_shape::sandpiper-like,sandpiper like body shape,a photo of a bird with sandpiper like body shape.,False,oxford_aligned_source_to_target,5794,312,5482,0.05384880911287539,1710384,0.5846751372791139,1.0,0.2,0.2
233,234,has_shape::upland-ground-like,upland ground like body shape,a photo of a bird with upland ground like body shape.,False,oxford_aligned_source_to_target,5794,132,5662,0.022782188470831896,747384,0.5250085632017811,0.0,0.0,0.0
234,235,has_shape::swallow-like,swallow like body shape,a photo of a bird with swallow like body shape.,False,oxford_aligned_source_to_target,5794,211,5583,0.03641698308595098,1178013,0.5649619316594978,0.0,0.0,0.0
235,236,has_shape::perching-like,perching like body shape,a photo of a bird with perching like body shape.,False,oxford_aligned_source_to_target,5794,2827,2967,0.4879185364169831,8387709,0.4813859183717509,0.0,0.0,0.2
236,237,has_back_pattern::solid,solid back,a photo of a bird with solid back.,True,oxford_aligned_source_to_target,4520,2115,2405,0.46792035398230086,5086575,0.5476778578906238,1.0,0.2,0.4
237,238,has_back_pattern::spotted,spotted back,a photo of a bird with spotted back.,True,oxford_aligned_source_to_target,4520,356,4164,0.07876106194690266,1482384,0.5819406442595171,1.0,0.6,0.5
238,239,has_back_pattern::striped,striped back,a photo of a bird with striped back.,True,oxford_aligned_source_to_target,4520,898,3622,0.1986725663716814,3252556,0.5462494727223759,0.0,0.2,0.1
239,240,has_back_pattern::multi-colored,multi colored back,a photo of a bird with multi colored back.,True,oxford_aligned_source_to_target,4520,1151,3369,0.25464601769911505,3877719,0.5279090620026876,0.0,0.2,0.4
240,241,has_tail_pattern::solid,solid tail,a photo of a bird with solid tail.,True,oxford_aligned_source_to_target,4405,2077,2328,0.47150964812712826,4835256,0.5136261658121101,1.0,0.8,0.4
241,242,has_tail_pattern::spotted,spotted tail,a photo of a bird with spotted tail.,True,oxford_aligned_source_to_target,4405,263,4142,0.05970488081725312,1089346,0.5544179718840478,1.0,0.4,0.3
242,243,has_tail_pattern::striped,striped tail,a photo of a bird with striped tail.,True,oxford_aligned_source_to_target,4405,708,3697,0.16072644721906923,2617476,0.5265654775822204,0.0,0.0,0.0
243,244,has_tail_pattern::multi-colored,multi colored tail,a photo of a bird with multi colored tail.,True,oxford_aligned_source_to_target,4405,1357,3048,0.3080590238365494,4136136,0.5182131341909454,0.0,0.6,0.4
244,245,has_belly_pattern::solid,solid belly,a photo of a bird with solid belly.,True,oxford_aligned_source_to_target,5105,3321,1784,0.6505386875612145,5924664,0.5523230515688315,1.0,0.8,0.8
245,246,has_belly_pattern::spotted,spotted belly,a photo of a bird with spotted belly.,True,oxford_aligned_source_to_target,5105,298,4807,0.0583741429970617,1432486,0.5943918474595913,0.0,0.4,0.3
246,247,has_belly_pattern::striped,striped belly,a photo of a bird with striped belly.,True,oxford_aligned_source_to_target,5105,566,4539,0.110871694417238,2569074,0.5028741873531085,0.0,0.0,0.1
247,248,has_belly_pattern::multi-colored,multi colored belly,a photo of a bird with multi colored belly.,True,oxford_aligned_source_to_target,5105,920,4185,0.1802154750244858,3850200,0.5024674042906861,0.0,0.2,0.2
248,249,has_primary_color::blue,blue primary,a photo of a bird with blue primary.,False,oxford_aligned_source_to_target,5794,367,5427,0.06334138764238868,1991709,0.8169077410404834,0.0,0.6,0.8
249,250,has_primary_color::brown,brown primary,a photo of a bird with brown primary.,False,oxford_aligned_source_to_target,5794,1437,4357,0.2480151881256472,6261009,0.582811013368612,0.0,0.0,0.1
250,251,has_primary_color::iridescent,iridescent primary,a photo of a bird with iridescent primary.,False,oxford_aligned_source_to_target,5794,110,5684,0.018985157059026578,625240,0.6291823939607191,0.0,0.2,0.3
251,252,has_primary_color::purple,purple primary,a photo of a bird with purple primary.,False,oxford_aligned_source_to_target,5794,44,5750,0.0075940628236106315,253000,0.5798893280632411,0.0,0.0,0.0
252,253,has_primary_color::rufous,rufous primary,a photo of a bird with rufous primary.,False,oxford_aligned_source_to_target,5794,107,5687,0.018467380048325856,608509,0.6037609961397449,0.0,0.0,0.1
253,254,has_primary_color::grey,grey primary,a photo of a bird with grey primary.,False,oxford_aligned_source_to_target,5794,1728,4066,0.2982395581636175,7026048,0.599533194193948,0.0,0.6,0.7
254,255,has_primary_color::yellow,yellow primary,a photo of a bird with yellow primary.,False,oxford_aligned_source_to_target,5794,901,4893,0.1555056955471177,4408593,0.7773244207392245,1.0,0.8,0.7
255,256,has_primary_color::olive,olive primary,a photo of a bird with olive primary.,False,oxford_aligned_source_to_target,5794,248,5546,0.042802899551259925,1375408,0.5806088084408408,0.0,0.2,0.3
256,257,has_primary_color::green,green primary,a photo of a bird with green primary.,False,oxford_aligned_source_to_target,5794,107,5687,0.018467380048325856,608509,0.683807470390742,0.0,0.2,0.4
257,258,has_primary_color::pink,pink primary,a photo of a bird with pink primary.,False,oxford_aligned_source_to_target,5794,45,5749,0.007766655160510874,258705,0.5195087068282407,0.0,0.0,0.0
258,259,has_primary_color::orange,orange primary,a photo of a bird with orange primary.,False,oxford_aligned_source_to_target,5794,228,5566,0.03935105281325509,1269048,0.6958448380203113,1.0,0.2,0.1
259,260,has_primary_color::black,black primary,a photo of a bird with black primary.,False,oxford_aligned_source_to_target,5794,2060,3734,0.35554021401449776,7692040,0.6297490002652092,0.0,0.6,0.6
260,261,has_primary_color::white,white primary,a photo of a bird with white primary.,False,oxford_aligned_source_to_target,5794,1680,4114,0.2899551259924059,6911520,0.6587202959696276,1.0,0.8,0.9
261,262,has_primary_color::red,red primary,a photo of a bird with red primary.,False,oxford_aligned_source_to_target,5794,232,5562,0.04004142216085606,1290384,0.78992919937011,0.0,0.0,0.0
262,263,has_primary_color::buff,buff primary,a photo of a bird with buff primary.,False,oxford_aligned_source_to_target,5794,1109,4685,0.19140490162236798,5195665,0.5040637723948715,0.0,0.2,0.1
263,264,has_leg_color::blue,blue leg,a photo of a bird with blue leg.,False,oxford_aligned_source_to_target,4785,77,4708,0.016091954022988506,362516,0.6557365743856823,0.0,0.2,0.1
264,265,has_leg_color::brown,brown leg,a photo of a bird with brown leg.,False,oxford_aligned_source_to_target,4785,446,4339,0.09320794148380356,1935194,0.5261526751323123,0.0,0.2,0.2
265,266,has_leg_color::iridescent,iridescent leg,a photo of a bird with iridescent leg.,False,oxford_aligned_source_to_target,4785,22,4763,0.004597701149425287,104786,0.520260340121772,0.0,0.0,0.0
266,267,has_leg_color::purple,purple leg,a photo of a bird with purple leg.,False,oxford_aligned_source_to_target,4785,23,4762,0.004806687565308255,109526,0.5751784964300714,0.0,0.0,0.0
267,268,has_leg_color::rufous,rufous leg,a photo of a bird with rufous leg.,False,oxford_aligned_source_to_target,4785,66,4719,0.013793103448275862,311454,0.5213932073436206,0.0,0.0,0.0
268,269,has_leg_color::grey,grey leg,a photo of a bird with grey leg.,False,oxford_aligned_source_to_target,4785,1467,3318,0.3065830721003135,4867506,0.5131114373562149,1.0,0.8,0.5
269,270,has_leg_color::yellow,yellow leg,a photo of a bird with yellow leg.,False,oxford_aligned_source_to_target,4785,107,4678,0.022361546499477535,500546,0.5910825378686474,0.0,0.2,0.1
270,271,has_leg_color::olive,olive leg,a photo of a bird with olive leg.,False,oxford_aligned_source_to_target,4785,29,4756,0.006060606060606061,137924,0.4866303181462255,0.0,0.0,0.0
271,272,has_leg_color::green,green leg,a photo of a bird with green leg.,False,oxford_aligned_source_to_target,4785,7,4778,0.0014629049111807733,33446,0.557346169945584,0.0,0.0,0.0
272,273,has_leg_color::pink,pink leg,a photo of a bird with pink leg.,False,oxford_aligned_source_to_target,4785,147,4638,0.030721003134796237,681786,0.5673019099834845,0.0,0.0,0.0
273,274,has_leg_color::orange,orange leg,a photo of a bird with orange leg.,False,oxford_aligned_source_to_target,4785,478,4307,0.09989550679205851,2058746,0.5044019514792014,0.0,0.2,0.1
274,275,has_leg_color::black,black leg,a photo of a bird with black leg.,False,oxford_aligned_source_to_target,4785,1423,3362,0.2973876698014629,4784126,0.5570437526101947,0.0,0.0,0.4
275,276,has_leg_color::white,white leg,a photo of a bird with white leg.,False,oxford_aligned_source_to_target,4785,191,4594,0.039916405433646815,877454,0.5691341084546883,0.0,0.0,0.1
276,277,has_leg_color::red,red leg,a photo of a bird with red leg.,False,oxford_aligned_source_to_target,4785,167,4618,0.03490073145245559,771206,0.6729200758292856,0.0,0.2,0.3
277,278,has_leg_color::buff,buff leg,a photo of a bird with buff leg.,False,oxford_aligned_source_to_target,4785,957,3828,0.2,3663396,0.45569083986552367,0.0,0.2,0.1
278,279,has_bill_color::blue,blue bill,a photo of a bird with blue bill.,True,oxford_aligned_source_to_target,5672,151,5521,0.02662200282087447,833671,0.7257503259679178,0.0,0.0,0.0
279,280,has_bill_color::brown,brown bill,a photo of a bird with brown bill.,True,oxford_aligned_source_to_target,5672,488,5184,0.08603667136812412,2529792,0.5450918494484922,0.0,0.0,0.0
280,281,has_bill_color::iridescent,iridescent bill,a photo of a bird with iridescent bill.,False,oxford_aligned_source_to_target,5672,53,5619,0.009344146685472496,297807,0.5999791811475217,0.0,0.0,0.0
281,282,has_bill_color::purple,purple bill,a photo of a bird with purple bill.,False,oxford_aligned_source_to_target,5672,17,5655,0.002997179125528914,96135,0.552077807250221,0.0,0.0,0.0
282,283,has_bill_color::rufous,rufous bill,a photo of a bird with rufous bill.,False,oxford_aligned_source_to_target,5672,81,5591,0.014280677009873061,452871,0.5109203283054115,0.0,0.0,0.0
283,284,has_bill_color::grey,grey bill,a photo of a bird with grey bill.,True,oxford_aligned_source_to_target,5672,1583,4089,0.27909026798307474,6472887,0.5155771296486406,0.0,0.2,0.2
284,285,has_bill_color::yellow,yellow bill,a photo of a bird with yellow bill.,True,oxford_aligned_source_to_target,5672,336,5336,0.05923836389280677,1792896,0.6352655145641465,0.0,0.0,0.0
285,286,has_bill_color::olive,olive bill,a photo of a bird with olive bill.,False,oxford_aligned_source_to_target,5672,34,5638,0.005994358251057828,191692,0.4998382822444338,0.0,0.0,0.0
286,287,has_bill_color::green,green bill,a photo of a bird with green bill.,False,oxford_aligned_source_to_target,5672,14,5658,0.002468265162200282,79212,0.5166136443973135,0.0,0.0,0.0
287,288,has_bill_color::pink,pink bill,a photo of a bird with pink bill.,False,oxford_aligned_source_to_target,5672,53,5619,0.009344146685472496,297807,0.5446077493141531,0.0,0.0,0.1
288,289,has_bill_color::orange,orange bill,a photo of a bird with orange bill.,True,oxford_aligned_source_to_target,5672,392,5280,0.0691114245416079,2069760,0.6015707135126778,1.0,0.4,0.2
289,290,has_bill_color::black,black bill,a photo of a bird with black bill.,True,oxford_aligned_source_to_target,5672,2575,3097,0.453984485190409,7974775,0.5588106874488622,0.0,0.4,0.4
290,291,has_bill_color::white,white bill,a photo of a bird with white bill.,True,oxford_aligned_source_to_target,5672,319,5353,0.05624118476727786,1707607,0.5371001641478397,0.0,0.2,0.1
291,292,has_bill_color::red,red bill,a photo of a bird with red bill.,True,oxford_aligned_source_to_target,5672,202,5470,0.03561354019746121,1104940,0.6713993520010136,0.0,0.4,0.2
292,293,has_bill_color::buff,buff bill,a photo of a bird with buff bill.,False,oxford_aligned_source_to_target,5672,823,4849,0.145098730606488,3990727,0.47598871082887906,0.0,0.0,0.1
293,294,has_crown_color::blue,blue crown,a photo of a bird with blue crown.,False,oxford_aligned_source_to_target,5527,317,5210,0.057354803690971595,1651570,0.8471399940662521,1.0,0.8,0.7
294,295,has_crown_color::brown,brown crown,a photo of a bird with brown crown.,True,oxford_aligned_source_to_target,5527,1078,4449,0.19504251854532295,4796022,0.6511326470145467,0.0,0.0,0.2
295,296,has_crown_color::iridescent,iridescent crown,a photo of a bird with iridescent crown.,False,oxford_aligned_source_to_target,5527,129,5398,0.02333996743260358,696342,0.624807924841529,0.0,0.2,0.2
296,297,has_crown_color::purple,purple crown,a photo of a bird with purple crown.,False,oxford_aligned_source_to_target,5527,36,5491,0.006513479283517279,197676,0.599222970922115,0.0,0.0,0.0
297,298,has_crown_color::rufous,rufous crown,a photo of a bird with rufous crown.,False,oxford_aligned_source_to_target,5527,97,5430,0.017550208069477113,526710,0.5712953997455905,0.0,0.0,0.0
298,299,has_crown_color::grey,grey crown,a photo of a bird with grey crown.,True,oxford_aligned_source_to_target,5527,1246,4281,0.22543875520173692,5334126,0.608148551421545,0.0,0.6,0.7
299,300,has_crown_color::yellow,yellow crown,a photo of a bird with yellow crown.,True,oxford_aligned_source_to_target,5527,407,5120,0.07363850189976479,2083840,0.7184136018120393,0.0,0.0,0.0
300,301,has_crown_color::olive,olive crown,a photo of a bird with olive crown.,False,oxford_aligned_source_to_target,5527,142,5385,0.02569205717387371,764670,0.5878333137170283,0.0,0.2,0.2
301,302,has_crown_color::green,green crown,a photo of a bird with green crown.,False,oxford_aligned_source_to_target,5527,66,5461,0.011941378686448345,360426,0.6603435934144596,0.0,0.0,0.0
302,303,has_crown_color::pink,pink crown,a photo of a bird with pink crown.,False,oxford_aligned_source_to_target,5527,36,5491,0.006513479283517279,197676,0.6076306683664178,0.0,0.0,0.0
303,304,has_crown_color::orange,orange crown,a photo of a bird with orange crown.,False,oxford_aligned_source_to_target,5527,153,5374,0.027682286954948433,822222,0.6574100425432547,0.0,0.2,0.2
304,305,has_crown_color::black,black crown,a photo of a bird with black crown.,True,oxford_aligned_source_to_target,5527,1855,3672,0.33562511308123755,6811560,0.623090892541503,0.0,0.4,0.7
305,306,has_crown_color::white,white crown,a photo of a bird with white crown.,True,oxford_aligned_source_to_target,5527,712,4815,0.12882214582956397,3428280,0.6151628513423641,1.0,1.0,0.9
306,307,has_crown_color::red,red crown,a photo of a bird with red crown.,True,oxford_aligned_source_to_target,5527,297,5230,0.05373620408901755,1553310,0.7688561845349609,0.0,0.2,0.2
307,308,has_crown_color::buff,buff crown,a photo of a bird with buff crown.,False,oxford_aligned_source_to_target,5527,718,4809,0.12990772571015016,3452862,0.5380026771993783,0.0,0.2,0.2
308,309,has_wing_pattern::solid,solid wing,a photo of a bird with solid wing.,True,oxford_aligned_source_to_target,5175,1650,3525,0.3188405797101449,5816250,0.5324657640232109,0.0,0.4,0.4
309,310,has_wing_pattern::spotted,spotted wing,a photo of a bird with spotted wing.,True,oxford_aligned_source_to_target,5175,430,4745,0.08309178743961353,2040350,0.5409243512142524,1.0,0.6,0.4
310,311,has_wing_pattern::striped,striped wing,a photo of a bird with striped wing.,True,oxford_aligned_source_to_target,5175,1303,3872,0.25178743961352656,5045216,0.5126073888610517,0.0,0.0,0.1
311,312,has_wing_pattern::multi-colored,multi colored wing,a photo of a bird with multi colored wing.,True,oxford_aligned_source_to_target,5175,1792,3383,0.346280193236715,6062336,0.5403406376683839,1.0,0.8,0.6
0,1,has_bill_shape::curved_(up_or_down),curved up or down bill,a photo of a bird with curved up or down bill.,False,cub_train_aligned_source_to_target,5670,119,5551,0.020987654320987655,660569,0.47987568293395544,0.0,0.2,0.1
1,2,has_bill_shape::dagger,dagger bill,a photo of a bird with dagger bill.,True,cub_train_aligned_source_to_target,5670,786,4884,0.13862433862433862,3838824,0.5533744188324341,0.0,0.2,0.1
2,3,has_bill_shape::hooked,hooked bill,a photo of a bird with hooked bill.,True,cub_train_aligned_source_to_target,5670,95,5575,0.01675485008818342,529625,0.5240198253481236,0.0,0.0,0.0
3,4,has_bill_shape::needle,needle bill,a photo of a bird with needle bill.,True,cub_train_aligned_source_to_target,5670,149,5521,0.026278659611992945,822629,0.4353615056118858,0.0,0.0,0.0
4,5,has_bill_shape::hooked_seabird,hooked seabird bill,a photo of a bird with hooked seabird bill.,False,cub_train_aligned_source_to_target,5670,373,5297,0.06578483245149912,1975781,0.8408077615889615,0.0,0.2,0.3
5,6,has_bill_shape::spatulate,spatulate bill,a photo of a bird with spatulate bill.,False,cub_train_aligned_source_to_target,5670,224,5446,0.03950617283950617,1219904,0.5573979591836735,0.0,0.0,0.0
6,7,has_bill_shape::all-purpose,all purpose bill,a photo of a bird with all purpose bill.,False,cub_train_aligned_source_to_target,5670,2337,3333,0.4121693121693122,7789221,0.472641294938223,0.0,0.2,0.2
7,8,has_bill_shape::cone,cone bill,a photo of a bird with cone bill.,True,cub_train_aligned_source_to_target,5670,1468,4202,0.2589065255731922,6168536,0.4716269792378613,1.0,0.2,0.1
8,9,has_bill_shape::specialized,specialized bill,a photo of a bird with specialized bill.,False,cub_train_aligned_source_to_target,5670,119,5551,0.020987654320987655,660569,0.582040634664963,0.0,0.0,0.1
9,10,has_wing_color::blue,blue wing,a photo of a bird with blue wing.,True,cub_train_aligned_source_to_target,5349,296,5053,0.05533744625163582,1495688,0.8282272104877488,1.0,1.0,0.8
10,11,has_wing_color::brown,brown wing,a photo of a bird with brown wing.,True,cub_train_aligned_source_to_target,5349,1557,3792,0.29108244531688166,5904144,0.5795145748477679,0.0,0.0,0.3
11,12,has_wing_color::iridescent,iridescent wing,a photo of a bird with iridescent wing.,False,cub_train_aligned_source_to_target,5349,112,5237,0.020938493176294634,586544,0.6476172290569846,0.0,0.4,0.2
12,13,has_wing_color::purple,purple wing,a photo of a bird with purple wing.,False,cub_train_aligned_source_to_target,5349,26,5323,0.004860721630211255,138398,0.6353054234887787,0.0,0.0,0.1
13,14,has_wing_color::rufous,rufous wing,a photo of a bird with rufous wing.,False,cub_train_aligned_source_to_target,5349,69,5280,0.012899607403252944,364320,0.5965154259991217,0.0,0.0,0.0
14,15,has_wing_color::grey,grey wing,a photo of a bird with grey wing.,True,cub_train_aligned_source_to_target,5349,1768,3581,0.3305290708543653,6331208,0.5347935970513052,1.0,0.4,0.4
15,16,has_wing_color::yellow,yellow wing,a photo of a bird with yellow wing.,True,cub_train_aligned_source_to_target,5349,546,4803,0.10207515423443635,2622438,0.715862872639887,0.0,0.4,0.4
16,17,has_wing_color::olive,olive wing,a photo of a bird with olive wing.,False,cub_train_aligned_source_to_target,5349,210,5139,0.03925967470555244,1079190,0.667228198926973,0.0,0.0,0.2
17,18,has_wing_color::green,green wing,a photo of a bird with green wing.,False,cub_train_aligned_source_to_target,5349,95,5254,0.0177603290334642,499130,0.637028429467273,0.0,0.2,0.3
18,19,has_wing_color::pink,pink wing,a photo of a bird with pink wing.,False,cub_train_aligned_source_to_target,5349,25,5324,0.004673770798280052,133100,0.506175807663411,0.0,0.0,0.0
19,20,has_wing_color::orange,orange wing,a photo of a bird with orange wing.,False,cub_train_aligned_source_to_target,5349,144,5205,0.0269209197980931,749520,0.6560305262034368,1.0,0.4,0.2
20,21,has_wing_color::black,black wing,a photo of a bird with black wing.,True,cub_train_aligned_source_to_target,5349,2461,2888,0.46008599738268835,7107368,0.5300504349852153,0.0,0.4,0.4
21,22,has_wing_color::white,white wing,a photo of a bird with white wing.,True,cub_train_aligned_source_to_target,5349,1510,3839,0.28229575621611513,5796890,0.5200710208404852,1.0,0.8,0.5
22,23,has_wing_color::red,red wing,a photo of a bird with red wing.,True,cub_train_aligned_source_to_target,5349,122,5227,0.022808001495606654,637694,0.6643421452922562,0.0,0.0,0.2
23,24,has_wing_color::buff,buff wing,a photo of a bird with buff wing.,False,cub_train_aligned_source_to_target,5349,1058,4291,0.19779398018321181,4539878,0.5061481828366313,1.0,0.4,0.3
24,25,has_upperparts_color::blue,blue upperparts,a photo of a bird with blue upperparts.,False,cub_train_aligned_source_to_target,5050,301,4749,0.0596039603960396,1429449,0.8420111525489892,1.0,1.0,0.8
25,26,has_upperparts_color::brown,brown upperparts,a photo of a bird with brown upperparts.,False,cub_train_aligned_source_to_target,5050,1383,3667,0.2738613861386139,5071461,0.6210870003732653,1.0,0.4,0.2
26,27,has_upperparts_color::iridescent,iridescent upperparts,a photo of a bird with iridescent upperparts.,False,cub_train_aligned_source_to_target,5050,149,4901,0.029504950495049503,730249,0.6440693516868904,1.0,0.4,0.3
27,28,has_upperparts_color::purple,purple upperparts,a photo of a bird with purple upperparts.,False,cub_train_aligned_source_to_target,5050,31,5019,0.006138613861386139,155589,0.5370688159188631,0.0,0.0,0.0
28,29,has_upperparts_color::rufous,rufous upperparts,a photo of a bird with rufous upperparts.,False,cub_train_aligned_source_to_target,5050,70,4980,0.013861386138613862,348600,0.5734968445209409,0.0,0.0,0.1
29,30,has_upperparts_color::grey,grey upperparts,a photo of a bird with grey upperparts.,False,cub_train_aligned_source_to_target,5050,1711,3339,0.33881188118811884,5713029,0.5949593464342645,1.0,0.6,0.7
30,31,has_upperparts_color::yellow,yellow upperparts,a photo of a bird with yellow upperparts.,False,cub_train_aligned_source_to_target,5050,543,4507,0.10752475247524752,2447301,0.7770165991024398,1.0,0.4,0.4
31,32,has_upperparts_color::olive,olive upperparts,a photo of a bird with olive upperparts.,False,cub_train_aligned_source_to_target,5050,223,4827,0.044158415841584156,1076421,0.5961803049178713,0.0,0.4,0.4
32,33,has_upperparts_color::green,green upperparts,a photo of a bird with green upperparts.,False,cub_train_aligned_source_to_target,5050,108,4942,0.021386138613861388,533736,0.7230259903772651,1.0,0.4,0.5
33,34,has_upperparts_color::pink,pink upperparts,a photo of a bird with pink upperparts.,False,cub_train_aligned_source_to_target,5050,28,5022,0.005544554455445544,140616,0.5541830232690448,0.0,0.0,0.0
34,35,has_upperparts_color::orange,orange upperparts,a photo of a bird with orange upperparts.,False,cub_train_aligned_source_to_target,5050,149,4901,0.029504950495049503,730249,0.7166637681119727,0.0,0.0,0.2
35,36,has_upperparts_color::black,black upperparts,a photo of a bird with black upperparts.,False,cub_train_aligned_source_to_target,5050,2273,2777,0.4500990099009901,6312121,0.5572578535804368,0.0,0.2,0.5
36,37,has_upperparts_color::white,white upperparts,a photo of a bird with white upperparts.,False,cub_train_aligned_source_to_target,5050,1349,3701,0.26712871287128714,4992649,0.5322687415037588,1.0,0.8,0.7
37,38,has_upperparts_color::red,red upperparts,a photo of a bird with red upperparts.,False,cub_train_aligned_source_to_target,5050,126,4924,0.024950495049504952,620424,0.7674155093935761,0.0,0.4,0.4
38,39,has_upperparts_color::buff,buff upperparts,a photo of a bird with buff upperparts.,False,cub_train_aligned_source_to_target,5050,997,4053,0.19742574257425743,4040841,0.5307287517623188,1.0,0.4,0.3
39,40,has_underparts_color::blue,blue underparts,a photo of a bird with blue underparts.,False,cub_train_aligned_source_to_target,5234,174,5060,0.03324417271685136,880440,0.8300048839216755,1.0,0.8,0.7
40,41,has_underparts_color::brown,brown underparts,a photo of a bird with brown underparts.,False,cub_train_aligned_source_to_target,5234,593,4641,0.11329766908674055,2752113,0.5913499918062958,1.0,0.2,0.1
41,42,has_underparts_color::iridescent,iridescent underparts,a photo of a bird with iridescent underparts.,False,cub_train_aligned_source_to_target,5234,92,5142,0.01757737867787543,473064,0.6817576480137995,0.0,0.2,0.1
42,43,has_underparts_color::purple,purple underparts,a photo of a bird with purple underparts.,False,cub_train_aligned_source_to_target,5234,24,5210,0.0045854031333588076,125040,0.5972728726807421,0.0,0.0,0.0
43,44,has_underparts_color::rufous,rufous underparts,a photo of a bird with rufous underparts.,False,cub_train_aligned_source_to_target,5234,88,5146,0.016813144822315627,452848,0.6207005441119317,0.0,0.0,0.0
44,45,has_underparts_color::grey,grey underparts,a photo of a bird with grey underparts.,False,cub_train_aligned_source_to_target,5234,1081,4153,0.2065341994650363,4489393,0.6022650500858356,1.0,0.8,0.6
45,46,has_underparts_color::yellow,yellow underparts,a photo of a bird with yellow underparts.,False,cub_train_aligned_source_to_target,5234,866,4368,0.16545662972869699,3782688,0.7914116892537794,1.0,0.8,0.6
46,47,has_underparts_color::olive,olive underparts,a photo of a bird with olive underparts.,False,cub_train_aligned_source_to_target,5234,132,5102,0.025219717233473445,673464,0.6597056412814939,0.0,0.2,0.1
47,48,has_underparts_color::green,green underparts,a photo of a bird with green underparts.,False,cub_train_aligned_source_to_target,5234,81,5153,0.015475735575085976,417393,0.7466775916222841,1.0,0.4,0.2
48,49,has_underparts_color::pink,pink underparts,a photo of a bird with pink underparts.,False,cub_train_aligned_source_to_target,5234,24,5210,0.0045854031333588076,125040,0.605286308381318,0.0,0.0,0.0
49,50,has_underparts_color::orange,orange underparts,a photo of a bird with orange underparts.,False,cub_train_aligned_source_to_target,5234,189,5045,0.03611004967520061,953505,0.7395503956455394,0.0,0.2,0.1
50,51,has_underparts_color::black,black underparts,a photo of a bird with black underparts.,False,cub_train_aligned_source_to_target,5234,1024,4210,0.19564386702330913,4311040,0.6203366241092637,0.0,0.6,0.5
51,52,has_underparts_color::white,white underparts,a photo of a bird with white underparts.,False,cub_train_aligned_source_to_target,5234,2267,2967,0.43312953763851736,6726189,0.5900614746329608,0.0,0.8,0.8
52,53,has_underparts_color::red,red underparts,a photo of a bird with red underparts.,False,cub_train_aligned_source_to_target,5234,211,5023,0.04031333588077952,1059853,0.7944045070401272,1.0,0.6,0.4
53,54,has_underparts_color::buff,buff underparts,a photo of a bird with buff underparts.,False,cub_train_aligned_source_to_target,5234,1053,4181,0.20118456247611768,4402593,0.5227376230326083,1.0,0.6,0.4
54,55,has_breast_pattern::solid,solid breast,a photo of a bird with solid breast.,True,cub_train_aligned_source_to_target,5265,3154,2111,0.5990503323836657,6658094,0.5118264326096928,1.0,0.6,0.5
55,56,has_breast_pattern::spotted,spotted breast,a photo of a bird with spotted breast.,True,cub_train_aligned_source_to_target,5265,311,4954,0.059069325735992405,1540694,0.6116655870666077,0.0,0.4,0.4
56,57,has_breast_pattern::striped,striped breast,a photo of a bird with striped breast.,True,cub_train_aligned_source_to_target,5265,682,4583,0.1295346628679962,3125606,0.5863045438228619,1.0,0.4,0.2
57,58,has_breast_pattern::multi-colored,multi colored breast,a photo of a bird with multi colored breast.,True,cub_train_aligned_source_to_target,5265,1118,4147,0.2123456790123457,4636346,0.541883522066731,0.0,0.4,0.5
58,59,has_back_color::blue,blue back,a photo of a bird with blue back.,False,cub_train_aligned_source_to_target,4530,249,4281,0.05496688741721854,1065969,0.8677306750946792,0.0,0.8,0.7
59,60,has_back_color::brown,brown back,a photo of a bird with brown back.,True,cub_train_aligned_source_to_target,4530,1105,3425,0.24392935982339956,3784625,0.5986733163787694,1.0,0.4,0.3
60,61,has_back_color::iridescent,iridescent back,a photo of a bird with iridescent back.,False,cub_train_aligned_source_to_target,4530,102,4428,0.022516556291390728,451656,0.6568605310236109,1.0,0.4,0.4
61,62,has_back_color::purple,purple back,a photo of a bird with purple back.,False,cub_train_aligned_source_to_target,4530,17,4513,0.0037527593818984547,76721,0.63970751163306,0.0,0.0,0.0
62,63,has_back_color::rufous,rufous back,a photo of a bird with rufous back.,False,cub_train_aligned_source_to_target,4530,57,4473,0.012582781456953643,254961,0.5497625126980205,0.0,0.0,0.0
63,64,has_back_color::grey,grey back,a photo of a bird with grey back.,True,cub_train_aligned_source_to_target,4530,1427,3103,0.3150110375275938,4427981,0.6057474049685398,0.0,0.8,0.8
64,65,has_back_color::yellow,yellow back,a photo of a bird with yellow back.,True,cub_train_aligned_source_to_target,4530,422,4108,0.09315673289183223,1733576,0.7901447643483759,1.0,0.4,0.6
65,66,has_back_color::olive,olive back,a photo of a bird with olive back.,False,cub_train_aligned_source_to_target,4530,196,4334,0.04326710816777042,849464,0.5851807728167409,0.0,0.2,0.1
66,67,has_back_color::green,green back,a photo of a bird with green back.,False,cub_train_aligned_source_to_target,4530,87,4443,0.019205298013245033,386541,0.7221252079339578,0.0,0.4,0.4
67,68,has_back_color::pink,pink back,a photo of a bird with pink back.,False,cub_train_aligned_source_to_target,4530,20,4510,0.004415011037527594,90200,0.6029711751662972,0.0,0.0,0.0
68,69,has_back_color::orange,orange back,a photo of a bird with orange back.,False,cub_train_aligned_source_to_target,4530,94,4436,0.02075055187637969,416984,0.6438376532432899,0.0,0.0,0.0
69,70,has_back_color::black,black back,a photo of a bird with black back.,True,cub_train_aligned_source_to_target,4530,1663,2867,0.36710816777041944,4767821,0.5972766175575803,1.0,0.6,0.7
70,71,has_back_color::white,white back,a photo of a bird with white back.,True,cub_train_aligned_source_to_target,4530,893,3637,0.19713024282560707,3247841,0.5904074429751949,1.0,0.6,0.6
71,72,has_back_color::red,red back,a photo of a bird with red back.,False,cub_train_aligned_source_to_target,4530,103,4427,0.022737306843267108,455981,0.7890898962895384,0.0,0.2,0.1
72,73,has_back_color::buff,buff back,a photo of a bird with buff back.,False,cub_train_aligned_source_to_target,4530,841,3689,0.1856512141280353,3102449,0.47575205909911816,0.0,0.0,0.2
73,74,has_tail_shape::forked_tail,forked tail,a photo of a bird with forked tail.,True,cub_train_aligned_source_to_target,4586,198,4388,0.043174880069777585,868824,0.5451898198023996,0.0,0.0,0.0
74,75,has_tail_shape::rounded_tail,rounded tail,a photo of a bird with rounded tail.,True,cub_train_aligned_source_to_target,4586,652,3934,0.14217182730047973,2564968,0.5151036972001211,0.0,0.0,0.2
75,76,has_tail_shape::notched_tail,notched tail,a photo of a bird with notched tail.,True,cub_train_aligned_source_to_target,4586,1715,2871,0.373964238988225,4923765,0.48043164123389315,0.0,0.0,0.1
76,77,has_tail_shape::fan-shaped_tail,fan shaped tail,a photo of a bird with fan shaped tail.,True,cub_train_aligned_source_to_target,4586,436,4150,0.09507195813344962,1809400,0.5210484138388416,0.0,0.0,0.1
77,78,has_tail_shape::pointed_tail,pointed tail,a photo of a bird with pointed tail.,True,cub_train_aligned_source_to_target,4586,1048,3538,0.2285215874400349,3707824,0.48959834663133955,0.0,0.6,0.3
78,79,has_tail_shape::squared_tail,squared tail,a photo of a bird with squared tail.,True,cub_train_aligned_source_to_target,4586,537,4049,0.11709550806803315,2174313,0.521219346064711,0.0,0.2,0.3
79,80,has_upper_tail_color::blue,blue upper tail,a photo of a bird with blue upper tail.,False,cub_train_aligned_source_to_target,3855,214,3641,0.05551232166018158,779174,0.8504801238234335,1.0,1.0,0.9
80,81,has_upper_tail_color::brown,brown upper tail,a photo of a bird with brown upper tail.,False,cub_train_aligned_source_to_target,3855,828,3027,0.21478599221789882,2506356,0.5942803017608034,0.0,0.4,0.3
81,82,has_upper_tail_color::iridescent,iridescent upper tail,a photo of a bird with iridescent upper tail.,False,cub_train_aligned_source_to_target,3855,63,3792,0.01634241245136187,238896,0.6314588775031813,0.0,0.2,0.1
82,83,has_upper_tail_color::purple,purple upper tail,a photo of a bird with purple upper tail.,False,cub_train_aligned_source_to_target,3855,16,3839,0.004150453955901427,61424,0.48901081010679864,0.0,0.0,0.0
83,84,has_upper_tail_color::rufous,rufous upper tail,a photo of a bird with rufous upper tail.,False,cub_train_aligned_source_to_target,3855,40,3815,0.010376134889753566,152600,0.5155963302752293,0.0,0.0,0.0
84,85,has_upper_tail_color::grey,grey upper tail,a photo of a bird with grey upper tail.,False,cub_train_aligned_source_to_target,3855,1070,2785,0.2775616083009079,2979950,0.5838003993355593,0.0,0.2,0.4
85,86,has_upper_tail_color::yellow,yellow upper tail,a photo of a bird with yellow upper tail.,False,cub_train_aligned_source_to_target,3855,258,3597,0.0669260700389105,928026,0.7318588056800133,1.0,0.8,0.6
86,87,has_upper_tail_color::olive,olive upper tail,a photo of a bird with olive upper tail.,False,cub_train_aligned_source_to_target,3855,131,3724,0.03398184176394293,487844,0.5892375431490394,0.0,0.2,0.3
87,88,has_upper_tail_color::green,green upper tail,a photo of a bird with green upper tail.,False,cub_train_aligned_source_to_target,3855,46,3809,0.011932555123216601,175214,0.7092926364331618,0.0,0.0,0.2
88,89,has_upper_tail_color::pink,pink upper tail,a photo of a bird with pink upper tail.,False,cub_train_aligned_source_to_target,3855,29,3826,0.007522697795071336,110954,0.511374082953296,0.0,0.0,0.0
89,90,has_upper_tail_color::orange,orange upper tail,a photo of a bird with orange upper tail.,False,cub_train_aligned_source_to_target,3855,87,3768,0.022568093385214007,327816,0.6288649730336531,0.0,0.0,0.0
90,91,has_upper_tail_color::black,black upper tail,a photo of a bird with black upper tail.,False,cub_train_aligned_source_to_target,3855,1480,2375,0.383916990920882,3515000,0.562677240398293,0.0,0.8,0.7
91,92,has_upper_tail_color::white,white upper tail,a photo of a bird with white upper tail.,False,cub_train_aligned_source_to_target,3855,730,3125,0.1893644617380026,2281250,0.5160346301369862,1.0,0.6,0.4
92,93,has_upper_tail_color::red,red upper tail,a photo of a bird with red upper tail.,False,cub_train_aligned_source_to_target,3855,83,3772,0.02153047989623865,313076,0.6911293104549694,0.0,0.0,0.0
93,94,has_upper_tail_color::buff,buff upper tail,a photo of a bird with buff upper tail.,False,cub_train_aligned_source_to_target,3855,631,3224,0.16368352788586252,2034344,0.49667509526412446,0.0,0.4,0.2
94,95,has_head_pattern::spotted,spotted head,a photo of a bird with spotted head.,False,cub_train_aligned_source_to_target,5592,159,5433,0.028433476394849784,863847,0.5228692117932922,0.0,0.0,0.0
95,96,has_head_pattern::malar,malar head,a photo of a bird with malar head.,False,cub_train_aligned_source_to_target,5592,558,5034,0.09978540772532189,2808972,0.47185055600411824,0.0,0.0,0.0
96,97,has_head_pattern::crested,crested head,a photo of a bird with crested head.,True,cub_train_aligned_source_to_target,5592,227,5365,0.040593705293276106,1217855,0.6326147201432026,1.0,0.6,0.5
97,98,has_head_pattern::masked,masked head,a photo of a bird with masked head.,True,cub_train_aligned_source_to_target,5592,252,5340,0.045064377682403435,1345680,0.5736943404078235,0.0,0.2,0.2
98,99,has_head_pattern::unique_pattern,unique pattern head,a photo of a bird with unique pattern head.,False,cub_train_aligned_source_to_target,5592,185,5407,0.0330829756795422,1000295,0.5653202305319931,0.0,0.0,0.0
99,100,has_head_pattern::eyebrow,eyebrow head,a photo of a bird with eyebrow head.,False,cub_train_aligned_source_to_target,5592,708,4884,0.12660944206008584,3457872,0.46368966231254366,0.0,0.0,0.1
100,101,has_head_pattern::eyering,eyering head,a photo of a bird with eyering head.,True,cub_train_aligned_source_to_target,5592,926,4666,0.1655937052932761,4320716,0.5168270721797036,0.0,0.0,0.0
101,102,has_head_pattern::plain,plain head,a photo of a bird with plain head.,True,cub_train_aligned_source_to_target,5592,1537,4055,0.2748569384835479,6232535,0.5555199449341239,1.0,0.4,0.3
102,103,has_head_pattern::eyeline,eyeline head,a photo of a bird with eyeline head.,True,cub_train_aligned_source_to_target,5592,670,4922,0.1198140200286123,3297740,0.49025605414617285,0.0,0.0,0.1
103,104,has_head_pattern::striped,striped head,a photo of a bird with striped head.,True,cub_train_aligned_source_to_target,5592,392,5200,0.07010014306151645,2038400,0.5534080651491365,0.0,0.0,0.0
104,105,has_head_pattern::capped,capped head,a photo of a bird with capped head.,True,cub_train_aligned_source_to_target,5592,668,4924,0.11945636623748211,3289232,0.5200650182170184,0.0,0.0,0.1
105,106,has_breast_color::blue,blue breast,a photo of a bird with blue breast.,False,cub_train_aligned_source_to_target,5317,178,5139,0.033477524920067704,914742,0.8421117648473558,1.0,0.4,0.4
106,107,has_breast_color::brown,brown breast,a photo of a bird with brown breast.,True,cub_train_aligned_source_to_target,5317,639,4678,0.12018055294338913,2989242,0.5891642429753094,0.0,0.2,0.4
107,108,has_breast_color::iridescent,iridescent breast,a photo of a bird with iridescent breast.,False,cub_train_aligned_source_to_target,5317,90,5227,0.016926838442730862,470430,0.6865123397742491,1.0,0.4,0.3
108,109,has_breast_color::purple,purple breast,a photo of a bird with purple breast.,False,cub_train_aligned_source_to_target,5317,17,5300,0.003197291705849163,90100,0.6073251942286348,0.0,0.0,0.0
109,110,has_breast_color::rufous,rufous breast,a photo of a bird with rufous breast.,False,cub_train_aligned_source_to_target,5317,77,5240,0.014481850667669738,403480,0.6024462179042331,0.0,0.0,0.1
110,111,has_breast_color::grey,grey breast,a photo of a bird with grey breast.,True,cub_train_aligned_source_to_target,5317,1084,4233,0.2038743652435584,4588572,0.6019079574211759,1.0,0.6,0.5
111,112,has_breast_color::yellow,yellow breast,a photo of a bird with yellow breast.,True,cub_train_aligned_source_to_target,5317,794,4523,0.14933233026142562,3591262,0.7924222738413405,1.0,0.6,0.7
112,113,has_breast_color::olive,olive breast,a photo of a bird with olive breast.,False,cub_train_aligned_source_to_target,5317,104,5213,0.019559902200488997,542152,0.6629782791541855,1.0,0.6,0.3
113,114,has_breast_color::green,green breast,a photo of a bird with green breast.,False,cub_train_aligned_source_to_target,5317,63,5254,0.011848786909911604,331002,0.7341949595470723,0.0,0.0,0.0
114,115,has_breast_color::pink,pink breast,a photo of a bird with pink breast.,False,cub_train_aligned_source_to_target,5317,25,5292,0.0047018995674252394,132300,0.5784958427815571,0.0,0.0,0.0
115,116,has_breast_color::orange,orange breast,a photo of a bird with orange breast.,True,cub_train_aligned_source_to_target,5317,170,5147,0.03197291705849163,874990,0.7249339992457057,0.0,0.0,0.1
116,117,has_breast_color::black,black breast,a photo of a bird with black breast.,True,cub_train_aligned_source_to_target,5317,1176,4141,0.22117735565168328,4869816,0.5930268207258754,1.0,0.4,0.6
117,118,has_breast_color::white,white breast,a photo of a bird with white breast.,True,cub_train_aligned_source_to_target,5317,2080,3237,0.39119804400978,6732960,0.5829627682326941,1.0,0.8,0.8
118,119,has_breast_color::red,red breast,a photo of a bird with red breast.,True,cub_train_aligned_source_to_target,5317,233,5084,0.043821703968403236,1184572,0.7956325153726409,0.0,0.2,0.2
119,120,has_breast_color::buff,buff breast,a photo of a bird with buff breast.,False,cub_train_aligned_source_to_target,5317,996,4321,0.18732367876622155,4303716,0.5095360613943857,0.0,0.0,0.2
120,121,has_throat_color::blue,blue throat,a photo of a bird with blue throat.,False,cub_train_aligned_source_to_target,5522,182,5340,0.03295907279971025,971880,0.8273768366464995,1.0,0.6,0.7
121,122,has_throat_color::brown,brown throat,a photo of a bird with brown throat.,True,cub_train_aligned_source_to_target,5522,476,5046,0.08620065193770374,2401896,0.5663563285004846,0.0,0.2,0.2
122,123,has_throat_color::iridescent,iridescent throat,a photo of a bird with iridescent throat.,False,cub_train_aligned_source_to_target,5522,88,5434,0.01593625498007968,478192,0.6618387593267976,0.0,0.2,0.1
123,124,has_throat_color::purple,purple throat,a photo of a bird with purple throat.,False,cub_train_aligned_source_to_target,5522,28,5494,0.0050706265845708075,153832,0.5660265744448489,0.0,0.0,0.1
124,125,has_throat_color::rufous,rufous throat,a photo of a bird with rufous throat.,False,cub_train_aligned_source_to_target,5522,74,5448,0.013400941687794278,403152,0.541098642695559,0.0,0.0,0.0
125,126,has_throat_color::grey,grey throat,a photo of a bird with grey throat.,True,cub_train_aligned_source_to_target,5522,992,4530,0.17964505613908005,4493760,0.5803895846685181,1.0,0.4,0.3
126,127,has_throat_color::yellow,yellow throat,a photo of a bird with yellow throat.,True,cub_train_aligned_source_to_target,5522,653,4869,0.11825425570445491,3179457,0.7780086348077675,0.0,0.4,0.5
127,128,has_throat_color::olive,olive throat,a photo of a bird with olive throat.,False,cub_train_aligned_source_to_target,5522,88,5434,0.01593625498007968,478192,0.6630391139960518,0.0,0.0,0.2
128,129,has_throat_color::green,green throat,a photo of a bird with green throat.,False,cub_train_aligned_source_to_target,5522,60,5462,0.010865628395508874,327720,0.7632002929329916,0.0,0.0,0.3
129,130,has_throat_color::pink,pink throat,a photo of a bird with pink throat.,False,cub_train_aligned_source_to_target,5522,26,5496,0.004708438971387179,142896,0.5280133803605419,0.0,0.0,0.0
130,131,has_throat_color::orange,orange throat,a photo of a bird with orange throat.,True,cub_train_aligned_source_to_target,5522,136,5386,0.02462875769648678,732496,0.6581769729800573,0.0,0.0,0.0
131,132,has_throat_color::black,black throat,a photo of a bird with black throat.,True,cub_train_aligned_source_to_target,5522,1259,4263,0.22799710249909452,5367117,0.5996493089306605,0.0,0.4,0.6
132,133,has_throat_color::white,white throat,a photo of a bird with white throat.,True,cub_train_aligned_source_to_target,5522,2016,3506,0.36508511408909816,7068096,0.5366614997872129,1.0,0.6,0.5
133,134,has_throat_color::red,red throat,a photo of a bird with red throat.,True,cub_train_aligned_source_to_target,5522,218,5304,0.039478449837015574,1156272,0.7269824920088007,1.0,0.2,0.1
134,135,has_throat_color::buff,buff throat,a photo of a bird with buff throat.,False,cub_train_aligned_source_to_target,5522,796,4726,0.1441506700470844,3761896,0.5555317052890351,0.0,0.0,0.1
135,136,has_eye_color::blue,blue eye,a photo of a bird with blue eye.,False,cub_train_aligned_source_to_target,5527,56,5471,0.010132078885471322,306376,0.6626922474345249,0.0,0.0,0.0
136,137,has_eye_color::brown,brown eye,a photo of a bird with brown eye.,False,cub_train_aligned_source_to_target,5527,200,5327,0.03618599601954044,1065400,0.5497770790313498,1.0,0.2,0.1
137,138,has_eye_color::purple,purple eye,a photo of a bird with purple eye.,False,cub_train_aligned_source_to_target,5527,10,5517,0.0018092998009770218,55170,0.4488852637302882,0.0,0.0,0.0
138,139,has_eye_color::rufous,rufous eye,a photo of a bird with rufous eye.,False,cub_train_aligned_source_to_target,5527,67,5460,0.012122308666546046,365820,0.45946640424252366,0.0,0.0,0.0
139,140,has_eye_color::grey,grey eye,a photo of a bird with grey eye.,False,cub_train_aligned_source_to_target,5527,101,5426,0.018273927989867923,548026,0.5465452369048184,0.0,0.0,0.0
140,141,has_eye_color::yellow,yellow eye,a photo of a bird with yellow eye.,False,cub_train_aligned_source_to_target,5527,126,5401,0.022797177492310475,680526,0.5444259293546463,0.0,0.0,0.0
141,142,has_eye_color::olive,olive eye,a photo of a bird with olive eye.,False,cub_train_aligned_source_to_target,5527,17,5510,0.003075809661660937,93670,0.4997331055834312,0.0,0.0,0.0
142,143,has_eye_color::green,green eye,a photo of a bird with green eye.,False,cub_train_aligned_source_to_target,5527,3,5524,0.0005427899402931065,16572,0.6736664252956794,0.0,0.0,0.0
143,144,has_eye_color::pink,pink eye,a photo of a bird with pink eye.,False,cub_train_aligned_source_to_target,5527,23,5504,0.0041613895422471505,126592,0.45420721688574317,0.0,0.0,0.0
144,145,has_eye_color::orange,orange eye,a photo of a bird with orange eye.,False,cub_train_aligned_source_to_target,5527,69,5458,0.01248416862674145,376602,0.5280534888290556,0.0,0.0,0.0
145,146,has_eye_color::black,black eye,a photo of a bird with black eye.,False,cub_train_aligned_source_to_target,5527,4877,650,0.8823955129364935,3170050,0.4578637560921752,0.0,0.8,0.8
146,147,has_eye_color::white,white eye,a photo of a bird with white eye.,False,cub_train_aligned_source_to_target,5527,162,5365,0.029310656775827754,869130,0.5815182999091045,0.0,0.0,0.0
147,148,has_eye_color::red,red eye,a photo of a bird with red eye.,False,cub_train_aligned_source_to_target,5527,132,5395,0.02388275737289669,712140,0.6068287134552195,0.0,0.2,0.2
148,149,has_eye_color::buff,buff eye,a photo of a bird with buff eye.,False,cub_train_aligned_source_to_target,5527,89,5438,0.016102768228695497,483982,0.5363773859358406,0.0,0.0,0.0
149,150,has_bill_length::about_the_same_as_head,bill about the same length as head,a photo of a bird with bill about the same length as head.,True,cub_train_aligned_source_to_target,5667,2119,3548,0.37391918122463386,7518212,0.542188488433154,1.0,0.6,0.6
150,151,has_bill_length::longer_than_head,bill longer than head,a photo of a bird with bill longer than head.,True,cub_train_aligned_source_to_target,5667,348,5319,0.0614081524616199,1851012,0.5300721983433927,0.0,0.2,0.1
151,152,has_bill_length::shorter_than_head,bill shorter than head,a photo of a bird with bill shorter than head.,True,cub_train_aligned_source_to_target,5667,3247,2420,0.5729662961002294,7857740,0.44857885346168236,0.0,0.4,0.4
152,153,has_forehead_color::blue,blue forehead,a photo of a bird with blue forehead.,False,cub_train_aligned_source_to_target,5515,303,5212,0.05494106980961015,1579236,0.8442917967928796,1.0,0.8,0.8
153,154,has_forehead_color::brown,brown forehead,a photo of a bird with brown forehead.,False,cub_train_aligned_source_to_target,5515,998,4517,0.18096101541251133,4507966,0.5461135909188313,0.0,0.0,0.1
154,155,has_forehead_color::iridescent,iridescent forehead,a photo of a bird with iridescent forehead.,False,cub_train_aligned_source_to_target,5515,124,5391,0.022484134179510427,668484,0.6169287522214444,0.0,0.0,0.1
155,156,has_forehead_color::purple,purple forehead,a photo of a bird with purple forehead.,False,cub_train_aligned_source_to_target,5515,32,5483,0.005802357207615594,175456,0.5867225971183658,0.0,0.0,0.0
156,157,has_forehead_color::rufous,rufous forehead,a photo of a bird with rufous forehead.,False,cub_train_aligned_source_to_target,5515,88,5427,0.015956482320942884,477576,0.5240778431076939,0.0,0.0,0.0
157,158,has_forehead_color::grey,grey forehead,a photo of a bird with grey forehead.,False,cub_train_aligned_source_to_target,5515,1181,4334,0.21414324569356302,5118454,0.605632091252554,0.0,0.2,0.3
158,159,has_forehead_color::yellow,yellow forehead,a photo of a bird with yellow forehead.,False,cub_train_aligned_source_to_target,5515,483,5032,0.08757932910244787,2430456,0.7424207638402012,0.0,0.0,0.0
159,160,has_forehead_color::olive,olive forehead,a photo of a bird with olive forehead.,False,cub_train_aligned_source_to_target,5515,128,5387,0.023209428830462377,689536,0.5552429459810655,0.0,0.0,0.0
160,161,has_forehead_color::green,green forehead,a photo of a bird with green forehead.,False,cub_train_aligned_source_to_target,5515,53,5462,0.009610154125113327,289486,0.7558362062414072,1.0,0.2,0.1
161,162,has_forehead_color::pink,pink forehead,a photo of a bird with pink forehead.,False,cub_train_aligned_source_to_target,5515,24,5491,0.004351767905711695,131784,0.5729147696230195,0.0,0.0,0.0
162,163,has_forehead_color::orange,orange forehead,a photo of a bird with orange forehead.,False,cub_train_aligned_source_to_target,5515,159,5356,0.028830462375339982,851604,0.65385965777521,0.0,0.4,0.2
163,164,has_forehead_color::black,black forehead,a photo of a bird with black forehead.,False,cub_train_aligned_source_to_target,5515,1864,3651,0.3379873073436083,6805464,0.5519968954357851,0.0,0.6,0.6
164,165,has_forehead_color::white,white forehead,a photo of a bird with white forehead.,False,cub_train_aligned_source_to_target,5515,807,4708,0.14632819582955575,3799356,0.5832947741669904,1.0,1.0,0.9
165,166,has_forehead_color::red,red forehead,a photo of a bird with red forehead.,False,cub_train_aligned_source_to_target,5515,254,5261,0.04605621033544877,1336294,0.6438268824076139,0.0,0.2,0.1
166,167,has_forehead_color::buff,buff forehead,a photo of a bird with buff forehead.,False,cub_train_aligned_source_to_target,5515,708,4807,0.12837715321849502,3403356,0.48640488976175283,0.0,0.0,0.1
167,168,has_under_tail_color::blue,blue under tail,a photo of a bird with blue under tail.,False,cub_train_aligned_source_to_target,4343,203,4140,0.04674188349067465,840420,0.8676792556102901,1.0,1.0,0.7
168,169,has_under_tail_color::brown,brown under tail,a photo of a bird with brown under tail.,False,cub_train_aligned_source_to_target,4343,891,3452,0.20515772507483307,3075732,0.6091931936852756,0.0,0.0,0.3
169,170,has_under_tail_color::iridescent,iridescent under tail,a photo of a bird with iridescent under tail.,False,cub_train_aligned_source_to_target,4343,65,4278,0.014966612940363803,278070,0.5966699032617686,0.0,0.0,0.0
170,171,has_under_tail_color::purple,purple under tail,a photo of a bird with purple under tail.,False,cub_train_aligned_source_to_target,4343,18,4325,0.004144600506562284,77850,0.6079254977520874,0.0,0.0,0.0
171,172,has_under_tail_color::rufous,rufous under tail,a photo of a bird with rufous under tail.,False,cub_train_aligned_source_to_target,4343,52,4291,0.011973290352291043,223132,0.488042952153882,0.0,0.0,0.0
172,173,has_under_tail_color::grey,grey under tail,a photo of a bird with grey under tail.,False,cub_train_aligned_source_to_target,4343,1213,3130,0.2793000230255584,3796690,0.5625443478398289,1.0,0.4,0.4
173,174,has_under_tail_color::yellow,yellow under tail,a photo of a bird with yellow under tail.,False,cub_train_aligned_source_to_target,4343,383,3960,0.08818788855629749,1516680,0.7751213176147902,1.0,0.6,0.6
174,175,has_under_tail_color::olive,olive under tail,a photo of a bird with olive under tail.,False,cub_train_aligned_source_to_target,4343,125,4218,0.028781947962238083,527250,0.6189037458511143,0.0,0.0,0.0
175,176,has_under_tail_color::green,green under tail,a photo of a bird with green under tail.,False,cub_train_aligned_source_to_target,4343,56,4287,0.012894312687082661,240072,0.6838531773801193,0.0,0.2,0.2
176,177,has_under_tail_color::pink,pink under tail,a photo of a bird with pink under tail.,False,cub_train_aligned_source_to_target,4343,23,4320,0.0052958784250518075,99360,0.46279186795491145,0.0,0.0,0.0
177,178,has_under_tail_color::orange,orange under tail,a photo of a bird with orange under tail.,False,cub_train_aligned_source_to_target,4343,109,4234,0.02509785862307161,461506,0.6409342457086148,0.0,0.2,0.1
178,179,has_under_tail_color::black,black under tail,a photo of a bird with black under tail.,False,cub_train_aligned_source_to_target,4343,1808,2535,0.41630209532581164,4583280,0.570069033530572,1.0,0.6,0.6
179,180,has_under_tail_color::white,white under tail,a photo of a bird with white under tail.,False,cub_train_aligned_source_to_target,4343,1034,3309,0.23808427354363343,3421506,0.582798919540109,1.0,0.8,0.5
180,181,has_under_tail_color::red,red under tail,a photo of a bird with red under tail.,False,cub_train_aligned_source_to_target,4343,83,4260,0.01911121344692609,353580,0.7268850048079643,0.0,0.0,0.0
181,182,has_under_tail_color::buff,buff under tail,a photo of a bird with buff under tail.,False,cub_train_aligned_source_to_target,4343,694,3649,0.15979737508634584,2532406,0.5013911671351277,0.0,0.2,0.2
182,183,has_nape_color::blue,blue nape,a photo of a bird with blue nape.,False,cub_train_aligned_source_to_target,5367,289,5078,0.053847587106390905,1467542,0.8482752112034954,1.0,1.0,0.7
183,184,has_nape_color::brown,brown nape,a photo of a bird with brown nape.,False,cub_train_aligned_source_to_target,5367,1012,4355,0.18855971678777717,4407260,0.5879625890008758,0.0,0.2,0.1
184,185,has_nape_color::iridescent,iridescent nape,a photo of a bird with iridescent nape.,False,cub_train_aligned_source_to_target,5367,119,5248,0.02217253586733743,624512,0.6534221920475507,1.0,0.4,0.3
185,186,has_nape_color::purple,purple nape,a photo of a bird with purple nape.,False,cub_train_aligned_source_to_target,5367,34,5333,0.006335010247810695,181322,0.7415647301485755,0.0,0.0,0.1
186,187,has_nape_color::rufous,rufous nape,a photo of a bird with rufous nape.,False,cub_train_aligned_source_to_target,5367,80,5287,0.014905906465436929,422960,0.5704676565159826,0.0,0.0,0.1
187,188,has_nape_color::grey,grey nape,a photo of a bird with grey nape.,False,cub_train_aligned_source_to_target,5367,1427,3940,0.2658841065772312,5622380,0.588535726863001,0.0,0.4,0.5
188,189,has_nape_color::yellow,yellow nape,a photo of a bird with yellow nape.,False,cub_train_aligned_source_to_target,5367,464,4903,0.08645425749953418,2274992,0.7916654212410418,0.0,0.0,0.0
189,190,has_nape_color::olive,olive nape,a photo of a bird with olive nape.,False,cub_train_aligned_source_to_target,5367,183,5184,0.03409726103968697,948672,0.5674390094785131,1.0,0.2,0.1
190,191,has_nape_color::green,green nape,a photo of a bird with green nape.,False,cub_train_aligned_source_to_target,5367,80,5287,0.014905906465436929,422960,0.7376040287497636,0.0,0.0,0.1
191,192,has_nape_color::pink,pink nape,a photo of a bird with pink nape.,False,cub_train_aligned_source_to_target,5367,33,5334,0.006148686416992733,176022,0.6256888343502517,0.0,0.0,0.0
192,193,has_nape_color::orange,orange nape,a photo of a bird with orange nape.,False,cub_train_aligned_source_to_target,5367,126,5241,0.023476802683063163,660366,0.6998149511028733,0.0,0.0,0.0
193,194,has_nape_color::black,black nape,a photo of a bird with black nape.,False,cub_train_aligned_source_to_target,5367,1507,3860,0.28079001304266815,5817020,0.6832337691807833,1.0,1.0,0.9
194,195,has_nape_color::white,white nape,a photo of a bird with white nape.,False,cub_train_aligned_source_to_target,5367,1274,4093,0.2373765604620831,5214482,0.6274215732262571,1.0,0.8,0.8
195,196,has_nape_color::red,red nape,a photo of a bird with red nape.,False,cub_train_aligned_source_to_target,5367,199,5168,0.03707844233277436,1028432,0.8008954408264232,0.0,0.0,0.0
196,197,has_nape_color::buff,buff nape,a photo of a bird with buff nape.,False,cub_train_aligned_source_to_target,5367,889,4478,0.1656418855971679,3980942,0.4791752806245356,1.0,0.4,0.4
197,198,has_belly_color::blue,blue belly,a photo of a bird with blue belly.,False,cub_train_aligned_source_to_target,5144,144,5000,0.027993779160186624,720000,0.8457236111111112,1.0,0.4,0.6
198,199,has_belly_color::brown,brown belly,a photo of a bird with brown belly.,True,cub_train_aligned_source_to_target,5144,513,4631,0.09972783825816485,2375703,0.5598932189756043,0.0,0.0,0.0
199,200,has_belly_color::iridescent,iridescent belly,a photo of a bird with iridescent belly.,False,cub_train_aligned_source_to_target,5144,81,5063,0.015746500777604977,410103,0.6840208435441828,0.0,0.0,0.1
200,201,has_belly_color::purple,purple belly,a photo of a bird with purple belly.,False,cub_train_aligned_source_to_target,5144,19,5125,0.0036936236391912907,97375,0.6624390243902439,0.0,0.0,0.0
201,202,has_belly_color::rufous,rufous belly,a photo of a bird with rufous belly.,False,cub_train_aligned_source_to_target,5144,79,5065,0.015357698289269051,400135,0.6392217626551039,0.0,0.0,0.0
202,203,has_belly_color::grey,grey belly,a photo of a bird with grey belly.,True,cub_train_aligned_source_to_target,5144,996,4148,0.19362363919129083,4131408,0.576133850735633,1.0,0.6,0.5
203,204,has_belly_color::yellow,yellow belly,a photo of a bird with yellow belly.,True,cub_train_aligned_source_to_target,5144,844,4300,0.1640746500777605,3629200,0.7465850600683346,1.0,0.6,0.8
204,205,has_belly_color::olive,olive belly,a photo of a bird with olive belly.,False,cub_train_aligned_source_to_target,5144,117,5027,0.022744945567651633,588159,0.6794251214382505,1.0,0.2,0.2
205,206,has_belly_color::green,green belly,a photo of a bird with green belly.,False,cub_train_aligned_source_to_target,5144,68,5076,0.013219284603421462,345168,0.735812705696936,0.0,0.4,0.2
206,207,has_belly_color::pink,pink belly,a photo of a bird with pink belly.,False,cub_train_aligned_source_to_target,5144,31,5113,0.0060264385692068425,158503,0.5754591395746452,0.0,0.0,0.0
207,208,has_belly_color::orange,orange belly,a photo of a bird with orange belly.,True,cub_train_aligned_source_to_target,5144,165,4979,0.03207620528771384,821535,0.6960957232497702,0.0,0.2,0.1
208,209,has_belly_color::black,black belly,a photo of a bird with black belly.,True,cub_train_aligned_source_to_target,5144,852,4292,0.1656298600311042,3656784,0.6074047578418632,1.0,0.6,0.6
209,210,has_belly_color::white,white belly,a photo of a bird with white belly.,True,cub_train_aligned_source_to_target,5144,2167,2977,0.4212674961119751,6451159,0.5530572103400335,1.0,0.8,0.8
210,211,has_belly_color::red,red belly,a photo of a bird with red belly.,True,cub_train_aligned_source_to_target,5144,200,4944,0.038880248833592534,988800,0.7134430622977346,0.0,0.4,0.2
211,212,has_belly_color::buff,buff belly,a photo of a bird with buff belly.,False,cub_train_aligned_source_to_target,5144,948,4196,0.18429237947122862,3977808,0.518482038348759,0.0,0.4,0.3
212,213,has_wing_shape::rounded-wings,rounded wings,a photo of a bird with rounded wings.,True,cub_train_aligned_source_to_target,3830,1653,2177,0.4315926892950392,3598581,0.4789999169116938,1.0,0.4,0.3
213,214,has_wing_shape::pointed-wings,pointed wings,a photo of a bird with pointed wings.,True,cub_train_aligned_source_to_target,3830,1163,2667,0.30365535248041775,3101721,0.4856010582512096,0.0,0.4,0.5
214,215,has_wing_shape::broad-wings,broad wings,a photo of a bird with broad wings.,True,cub_train_aligned_source_to_target,3830,335,3495,0.08746736292428199,1170825,0.5145145517049944,0.0,0.0,0.0
215,216,has_wing_shape::tapered-wings,tapered wings,a photo of a bird with tapered wings.,True,cub_train_aligned_source_to_target,3830,470,3360,0.1227154046997389,1579200,0.5410511651469099,1.0,0.4,0.2
216,217,has_wing_shape::long-wings,long wings,a photo of a bird with long wings.,True,cub_train_aligned_source_to_target,3830,379,3451,0.0989556135770235,1307929,0.5981043313513196,0.0,0.0,0.1
217,218,has_size::large_(16_-_32_in),large bird,a photo of a bird with large bird.,True,cub_train_aligned_source_to_target,5794,208,5586,0.03589920607525026,1161888,0.5614947395962434,0.0,0.2,0.1
218,219,has_size::small_(5_-_9_in),small bird,a photo of a bird with small bird.,True,cub_train_aligned_source_to_target,5794,2958,2836,0.5105281325509148,8388888,0.5368600701308683,1.0,0.6,0.5
219,220,has_size::very_large_(32_-_72_in),very bird,a photo of a bird with very bird.,False,cub_train_aligned_source_to_target,5794,96,5698,0.016568864342423197,547008,0.5175372206622206,0.0,0.0,0.0
220,221,has_size::medium_(9_-_16_in),medium bird,a photo of a bird with medium bird.,True,cub_train_aligned_source_to_target,5794,1148,4646,0.1981360027614774,5333608,0.5573474841045686,0.0,0.4,0.3
221,222,has_size::very_small_(3_-_5_in),very bird,a photo of a bird with very bird.,False,cub_train_aligned_source_to_target,5794,1384,4410,0.2388677942699344,6103440,0.4690680173803625,0.0,0.0,0.2
222,223,has_shape::upright-perching_water-like,upright perching water like body shape,a photo of a bird with upright perching water like body shape.,False,cub_train_aligned_source_to_target,5794,125,5669,0.021574042112530202,708625,0.6160409243252778,0.0,0.2,0.1
223,224,has_shape::chicken-like-marsh,chicken like marsh body shape,a photo of a bird with chicken like marsh body shape.,False,cub_train_aligned_source_to_target,5794,95,5699,0.016396272005522954,541405,0.602689299138353,0.0,0.0,0.0
224,225,has_shape::long-legged-like,long legged like body shape,a photo of a bird with long legged like body shape.,False,cub_train_aligned_source_to_target,5794,64,5730,0.011045909561615464,366720,0.6317735602094241,0.0,0.0,0.0
225,226,has_shape::duck-like,duck like body shape,a photo of a bird with duck like body shape.,False,cub_train_aligned_source_to_target,5794,354,5440,0.06109768726268554,1925760,0.7749911723163841,0.0,0.0,0.2
226,227,has_shape::owl-like,owl like body shape,a photo of a bird with owl like body shape.,False,cub_train_aligned_source_to_target,5794,26,5768,0.0044874007594062825,149968,0.44882241544862905,0.0,0.0,0.0
227,228,has_shape::gull-like,gull like body shape,a photo of a bird with gull like body shape.,False,cub_train_aligned_source_to_target,5794,404,5390,0.06972730410769762,2177560,0.7836151472290086,1.0,0.6,0.4
228,229,has_shape::hummingbird-like,hummingbird like body shape,a photo of a bird with hummingbird like body shape.,False,cub_train_aligned_source_to_target,5794,320,5474,0.055229547808077324,1751680,0.6789456407563025,1.0,0.4,0.5
229,230,has_shape::pigeon-like,pigeon like body shape,a photo of a bird with pigeon like body shape.,False,cub_train_aligned_source_to_target,5794,370,5424,0.0638591646530894,2006880,0.5790709957745356,0.0,0.0,0.1
230,231,has_shape::tree-clinging-like,tree clinging like body shape,a photo of a bird with tree clinging like body shape.,False,cub_train_aligned_source_to_target,5794,365,5429,0.0629962029685882,1981585,0.5479265335577328,0.0,0.0,0.0
231,232,has_shape::hawk-like,hawk like body shape,a photo of a bird with hawk like body shape.,False,cub_train_aligned_source_to_target,5794,189,5605,0.03261995167414567,1059345,0.5749146878495675,0.0,0.0,0.0
232,233,has_shape::sandpiper-like,sandpiper like body shape,a photo of a bird with sandpiper like body shape.,False,cub_train_aligned_source_to_target,5794,312,5482,0.05384880911287539,1710384,0.5839258903263829,0.0,0.2,0.2
233,234,has_shape::upland-ground-like,upland ground like body shape,a photo of a bird with upland ground like body shape.,False,cub_train_aligned_source_to_target,5794,132,5662,0.022782188470831896,747384,0.5334500069576015,0.0,0.2,0.1
234,235,has_shape::swallow-like,swallow like body shape,a photo of a bird with swallow like body shape.,False,cub_train_aligned_source_to_target,5794,211,5583,0.03641698308595098,1178013,0.5949807005525406,0.0,0.0,0.0
235,236,has_shape::perching-like,perching like body shape,a photo of a bird with perching like body shape.,False,cub_train_aligned_source_to_target,5794,2827,2967,0.4879185364169831,8387709,0.47188010456729007,0.0,0.0,0.0
236,237,has_back_pattern::solid,solid back,a photo of a bird with solid back.,True,cub_train_aligned_source_to_target,4520,2115,2405,0.46792035398230086,5086575,0.5394622118026373,1.0,0.4,0.6
237,238,has_back_pattern::spotted,spotted back,a photo of a bird with spotted back.,True,cub_train_aligned_source_to_target,4520,356,4164,0.07876106194690266,1482384,0.6202589882243738,1.0,0.6,0.5
238,239,has_back_pattern::striped,striped back,a photo of a bird with striped back.,True,cub_train_aligned_source_to_target,4520,898,3622,0.1986725663716814,3252556,0.5804362784222624,0.0,0.2,0.3
239,240,has_back_pattern::multi-colored,multi colored back,a photo of a bird with multi colored back.,True,cub_train_aligned_source_to_target,4520,1151,3369,0.25464601769911505,3877719,0.5291323326935242,0.0,0.2,0.2
240,241,has_tail_pattern::solid,solid tail,a photo of a bird with solid tail.,True,cub_train_aligned_source_to_target,4405,2077,2328,0.47150964812712826,4835256,0.5073398388834014,0.0,0.6,0.6
241,242,has_tail_pattern::spotted,spotted tail,a photo of a bird with spotted tail.,True,cub_train_aligned_source_to_target,4405,263,4142,0.05970488081725312,1089346,0.5665399239543726,0.0,0.4,0.3
242,243,has_tail_pattern::striped,striped tail,a photo of a bird with striped tail.,True,cub_train_aligned_source_to_target,4405,708,3697,0.16072644721906923,2617476,0.5438640125067049,0.0,0.2,0.2
243,244,has_tail_pattern::multi-colored,multi colored tail,a photo of a bird with multi colored tail.,True,cub_train_aligned_source_to_target,4405,1357,3048,0.3080590238365494,4136136,0.5203755389087786,0.0,0.6,0.4
244,245,has_belly_pattern::solid,solid belly,a photo of a bird with solid belly.,True,cub_train_aligned_source_to_target,5105,3321,1784,0.6505386875612145,5924664,0.527587471627083,1.0,0.8,0.9
245,246,has_belly_pattern::spotted,spotted belly,a photo of a bird with spotted belly.,True,cub_train_aligned_source_to_target,5105,298,4807,0.0583741429970617,1432486,0.58473311432014,0.0,0.2,0.2
246,247,has_belly_pattern::striped,striped belly,a photo of a bird with striped belly.,True,cub_train_aligned_source_to_target,5105,566,4539,0.110871694417238,2569074,0.5549661084110462,0.0,0.4,0.4
247,248,has_belly_pattern::multi-colored,multi colored belly,a photo of a bird with multi colored belly.,True,cub_train_aligned_source_to_target,5105,920,4185,0.1802154750244858,3850200,0.5273431250324658,0.0,0.2,0.3
248,249,has_primary_color::blue,blue primary,a photo of a bird with blue primary.,False,cub_train_aligned_source_to_target,5794,367,5427,0.06334138764238868,1991709,0.8147053610743337,1.0,0.8,0.7
249,250,has_primary_color::brown,brown primary,a photo of a bird with brown primary.,False,cub_train_aligned_source_to_target,5794,1437,4357,0.2480151881256472,6261009,0.6026460750974802,1.0,0.4,0.4
250,251,has_primary_color::iridescent,iridescent primary,a photo of a bird with iridescent primary.,False,cub_train_aligned_source_to_target,5794,110,5684,0.018985157059026578,625240,0.6343819973130318,0.0,0.0,0.1
251,252,has_primary_color::purple,purple primary,a photo of a bird with purple primary.,False,cub_train_aligned_source_to_target,5794,44,5750,0.0075940628236106315,253000,0.615102766798419,0.0,0.2,0.1
252,253,has_primary_color::rufous,rufous primary,a photo of a bird with rufous primary.,False,cub_train_aligned_source_to_target,5794,107,5687,0.018467380048325856,608509,0.5972417827838208,0.0,0.0,0.1
253,254,has_primary_color::grey,grey primary,a photo of a bird with grey primary.,False,cub_train_aligned_source_to_target,5794,1728,4066,0.2982395581636175,7026048,0.633020511673134,0.0,0.6,0.7
254,255,has_primary_color::yellow,yellow primary,a photo of a bird with yellow primary.,False,cub_train_aligned_source_to_target,5794,901,4893,0.1555056955471177,4408593,0.8459838547128301,1.0,0.8,0.8
255,256,has_primary_color::olive,olive primary,a photo of a bird with olive primary.,False,cub_train_aligned_source_to_target,5794,248,5546,0.042802899551259925,1375408,0.6454750154136082,0.0,0.4,0.2
256,257,has_primary_color::green,green primary,a photo of a bird with green primary.,False,cub_train_aligned_source_to_target,5794,107,5687,0.018467380048325856,608509,0.7277887426480134,0.0,0.4,0.5
257,258,has_primary_color::pink,pink primary,a photo of a bird with pink primary.,False,cub_train_aligned_source_to_target,5794,45,5749,0.007766655160510874,258705,0.5222628089909356,0.0,0.0,0.1
258,259,has_primary_color::orange,orange primary,a photo of a bird with orange primary.,False,cub_train_aligned_source_to_target,5794,228,5566,0.03935105281325509,1269048,0.7108178729252164,0.0,0.0,0.1
259,260,has_primary_color::black,black primary,a photo of a bird with black primary.,False,cub_train_aligned_source_to_target,5794,2060,3734,0.35554021401449776,7692040,0.6161929735154783,1.0,0.6,0.6
260,261,has_primary_color::white,white primary,a photo of a bird with white primary.,False,cub_train_aligned_source_to_target,5794,1680,4114,0.2899551259924059,6911520,0.6461946142093201,1.0,0.8,0.9
261,262,has_primary_color::red,red primary,a photo of a bird with red primary.,False,cub_train_aligned_source_to_target,5794,232,5562,0.04004142216085606,1290384,0.8264958337983112,0.0,0.6,0.5
262,263,has_primary_color::buff,buff primary,a photo of a bird with buff primary.,False,cub_train_aligned_source_to_target,5794,1109,4685,0.19140490162236798,5195665,0.5242341451960433,0.0,0.0,0.1
263,264,has_leg_color::blue,blue leg,a photo of a bird with blue leg.,False,cub_train_aligned_source_to_target,4785,77,4708,0.016091954022988506,362516,0.6665250637213254,0.0,0.0,0.1
264,265,has_leg_color::brown,brown leg,a photo of a bird with brown leg.,False,cub_train_aligned_source_to_target,4785,446,4339,0.09320794148380356,1935194,0.5159911616096371,0.0,0.2,0.1
265,266,has_leg_color::iridescent,iridescent leg,a photo of a bird with iridescent leg.,False,cub_train_aligned_source_to_target,4785,22,4763,0.004597701149425287,104786,0.559645372473422,0.0,0.0,0.0
266,267,has_leg_color::purple,purple leg,a photo of a bird with purple leg.,False,cub_train_aligned_source_to_target,4785,23,4762,0.004806687565308255,109526,0.6084582656172963,0.0,0.0,0.0
267,268,has_leg_color::rufous,rufous leg,a photo of a bird with rufous leg.,False,cub_train_aligned_source_to_target,4785,66,4719,0.013793103448275862,311454,0.49491417673235855,0.0,0.0,0.0
268,269,has_leg_color::grey,grey leg,a photo of a bird with grey leg.,False,cub_train_aligned_source_to_target,4785,1467,3318,0.3065830721003135,4867506,0.5076178642614925,1.0,0.8,0.4
269,270,has_leg_color::yellow,yellow leg,a photo of a bird with yellow leg.,False,cub_train_aligned_source_to_target,4785,107,4678,0.022361546499477535,500546,0.6235450887630707,0.0,0.2,0.1
270,271,has_leg_color::olive,olive leg,a photo of a bird with olive leg.,False,cub_train_aligned_source_to_target,4785,29,4756,0.006060606060606061,137924,0.4680693715379484,0.0,0.0,0.0
271,272,has_leg_color::green,green leg,a photo of a bird with green leg.,False,cub_train_aligned_source_to_target,4785,7,4778,0.0014629049111807733,33446,0.48887759373318185,0.0,0.0,0.0
272,273,has_leg_color::pink,pink leg,a photo of a bird with pink leg.,False,cub_train_aligned_source_to_target,4785,147,4638,0.030721003134796237,681786,0.568960054914592,0.0,0.0,0.0
273,274,has_leg_color::orange,orange leg,a photo of a bird with orange leg.,False,cub_train_aligned_source_to_target,4785,478,4307,0.09989550679205851,2058746,0.48611266275684323,0.0,0.0,0.1
274,275,has_leg_color::black,black leg,a photo of a bird with black leg.,False,cub_train_aligned_source_to_target,4785,1423,3362,0.2973876698014629,4784126,0.5564126028453263,0.0,0.2,0.2
275,276,has_leg_color::white,white leg,a photo of a bird with white leg.,False,cub_train_aligned_source_to_target,4785,191,4594,0.039916405433646815,877454,0.5810976985688139,0.0,0.2,0.1
276,277,has_leg_color::red,red leg,a photo of a bird with red leg.,False,cub_train_aligned_source_to_target,4785,167,4618,0.03490073145245559,771206,0.6766324432123194,1.0,0.2,0.2
277,278,has_leg_color::buff,buff leg,a photo of a bird with buff leg.,False,cub_train_aligned_source_to_target,4785,957,3828,0.2,3663396,0.46854134797330127,0.0,0.0,0.0
278,279,has_bill_color::blue,blue bill,a photo of a bird with blue bill.,True,cub_train_aligned_source_to_target,5672,151,5521,0.02662200282087447,833671,0.7391764856879992,0.0,0.2,0.1
279,280,has_bill_color::brown,brown bill,a photo of a bird with brown bill.,True,cub_train_aligned_source_to_target,5672,488,5184,0.08603667136812412,2529792,0.5443664933717871,0.0,0.0,0.0
280,281,has_bill_color::iridescent,iridescent bill,a photo of a bird with iridescent bill.,False,cub_train_aligned_source_to_target,5672,53,5619,0.009344146685472496,297807,0.5855705205048908,0.0,0.0,0.0
281,282,has_bill_color::purple,purple bill,a photo of a bird with purple bill.,False,cub_train_aligned_source_to_target,5672,17,5655,0.002997179125528914,96135,0.5759920944505122,0.0,0.0,0.0
282,283,has_bill_color::rufous,rufous bill,a photo of a bird with rufous bill.,False,cub_train_aligned_source_to_target,5672,81,5591,0.014280677009873061,452871,0.4687648359024976,0.0,0.0,0.0
283,284,has_bill_color::grey,grey bill,a photo of a bird with grey bill.,True,cub_train_aligned_source_to_target,5672,1583,4089,0.27909026798307474,6472887,0.5044155722168485,0.0,0.2,0.2
284,285,has_bill_color::yellow,yellow bill,a photo of a bird with yellow bill.,True,cub_train_aligned_source_to_target,5672,336,5336,0.05923836389280677,1792896,0.6493048118797744,0.0,0.0,0.0
285,286,has_bill_color::olive,olive bill,a photo of a bird with olive bill.,False,cub_train_aligned_source_to_target,5672,34,5638,0.005994358251057828,191692,0.48771988398055216,0.0,0.0,0.0
286,287,has_bill_color::green,green bill,a photo of a bird with green bill.,False,cub_train_aligned_source_to_target,5672,14,5658,0.002468265162200282,79212,0.564321062465283,0.0,0.0,0.0
287,288,has_bill_color::pink,pink bill,a photo of a bird with pink bill.,False,cub_train_aligned_source_to_target,5672,53,5619,0.009344146685472496,297807,0.5671156151467226,0.0,0.0,0.1
288,289,has_bill_color::orange,orange bill,a photo of a bird with orange bill.,True,cub_train_aligned_source_to_target,5672,392,5280,0.0691114245416079,2069760,0.5851093846629561,1.0,0.6,0.5
289,290,has_bill_color::black,black bill,a photo of a bird with black bill.,True,cub_train_aligned_source_to_target,5672,2575,3097,0.453984485190409,7974775,0.5628640933443263,1.0,0.6,0.4
290,291,has_bill_color::white,white bill,a photo of a bird with white bill.,True,cub_train_aligned_source_to_target,5672,319,5353,0.05624118476727786,1707607,0.5559675030613016,0.0,0.0,0.1
291,292,has_bill_color::red,red bill,a photo of a bird with red bill.,True,cub_train_aligned_source_to_target,5672,202,5470,0.03561354019746121,1104940,0.6906990424819447,0.0,0.2,0.2
292,293,has_bill_color::buff,buff bill,a photo of a bird with buff bill.,False,cub_train_aligned_source_to_target,5672,823,4849,0.145098730606488,3990727,0.500145587508241,0.0,0.0,0.1
293,294,has_crown_color::blue,blue crown,a photo of a bird with blue crown.,False,cub_train_aligned_source_to_target,5527,317,5210,0.057354803690971595,1651570,0.8545014743547049,1.0,0.6,0.7
294,295,has_crown_color::brown,brown crown,a photo of a bird with brown crown.,True,cub_train_aligned_source_to_target,5527,1078,4449,0.19504251854532295,4796022,0.5963676772124898,0.0,0.2,0.1
295,296,has_crown_color::iridescent,iridescent crown,a photo of a bird with iridescent crown.,False,cub_train_aligned_source_to_target,5527,129,5398,0.02333996743260358,696342,0.6624733248892067,1.0,0.2,0.2
296,297,has_crown_color::purple,purple crown,a photo of a bird with purple crown.,False,cub_train_aligned_source_to_target,5527,36,5491,0.006513479283517279,197676,0.6355197393714968,0.0,0.0,0.1
297,298,has_crown_color::rufous,rufous crown,a photo of a bird with rufous crown.,False,cub_train_aligned_source_to_target,5527,97,5430,0.017550208069477113,526710,0.5984621518482657,0.0,0.0,0.0
298,299,has_crown_color::grey,grey crown,a photo of a bird with grey crown.,True,cub_train_aligned_source_to_target,5527,1246,4281,0.22543875520173692,5334126,0.6194043785242418,1.0,0.6,0.6
299,300,has_crown_color::yellow,yellow crown,a photo of a bird with yellow crown.,True,cub_train_aligned_source_to_target,5527,407,5120,0.07363850189976479,2083840,0.807927671990172,0.0,0.0,0.1
300,301,has_crown_color::olive,olive crown,a photo of a bird with olive crown.,False,cub_train_aligned_source_to_target,5527,142,5385,0.02569205717387371,764670,0.623623262322309,0.0,0.2,0.1
301,302,has_crown_color::green,green crown,a photo of a bird with green crown.,False,cub_train_aligned_source_to_target,5527,66,5461,0.011941378686448345,360426,0.6950996875919051,0.0,0.0,0.0
302,303,has_crown_color::pink,pink crown,a photo of a bird with pink crown.,False,cub_train_aligned_source_to_target,5527,36,5491,0.006513479283517279,197676,0.6206165644792488,0.0,0.0,0.0
303,304,has_crown_color::orange,orange crown,a photo of a bird with orange crown.,False,cub_train_aligned_source_to_target,5527,153,5374,0.027682286954948433,822222,0.6448629445575526,0.0,0.2,0.2
304,305,has_crown_color::black,black crown,a photo of a bird with black crown.,True,cub_train_aligned_source_to_target,5527,1855,3672,0.33562511308123755,6811560,0.6356063809171467,0.0,0.8,0.7
305,306,has_crown_color::white,white crown,a photo of a bird with white crown.,True,cub_train_aligned_source_to_target,5527,712,4815,0.12882214582956397,3428280,0.5930742238090237,1.0,0.6,0.5
306,307,has_crown_color::red,red crown,a photo of a bird with red crown.,True,cub_train_aligned_source_to_target,5527,297,5230,0.05373620408901755,1553310,0.8255139025693519,0.0,0.4,0.3
307,308,has_crown_color::buff,buff crown,a photo of a bird with buff crown.,False,cub_train_aligned_source_to_target,5527,718,4809,0.12990772571015016,3452862,0.5032286259920031,0.0,0.2,0.3
308,309,has_wing_pattern::solid,solid wing,a photo of a bird with solid wing.,True,cub_train_aligned_source_to_target,5175,1650,3525,0.3188405797101449,5816250,0.5312926713947991,1.0,0.2,0.2
309,310,has_wing_pattern::spotted,spotted wing,a photo of a bird with spotted wing.,True,cub_train_aligned_source_to_target,5175,430,4745,0.08309178743961353,2040350,0.5587367363442547,1.0,0.4,0.3
310,311,has_wing_pattern::striped,striped wing,a photo of a bird with striped wing.,True,cub_train_aligned_source_to_target,5175,1303,3872,0.25178743961352656,5045216,0.56010555345896,0.0,0.0,0.3
311,312,has_wing_pattern::multi-colored,multi colored wing,a photo of a bird with multi colored wing.,True,cub_train_aligned_source_to_target,5175,1792,3383,0.346280193236715,6062336,0.5440925742156159,1.0,0.6,0.7
