attribute_index,attribute_id,raw_attribute_name,attribute_phrase,attribute_prompt,clip_readable_subset,condition,visible,positive,negative,positive_prevalence,pair_count,ranking_accuracy,precision_at_1,precision_at_5,precision_at_10
0,1,has_bill_shape::curved_(up_or_down),curved up or down bill,a photo of a bird with curved up or down bill.,False,native_source,5670,119,5551,0.020987654320987655,660569,0.433277977016784,0.0,0.0,0.0
1,2,has_bill_shape::dagger,dagger bill,a photo of a bird with dagger bill.,True,native_source,5670,786,4884,0.13862433862433862,3838824,0.5697780101406056,0.0,0.4,0.2
2,3,has_bill_shape::hooked,hooked bill,a photo of a bird with hooked bill.,True,native_source,5670,95,5575,0.01675485008818342,529625,0.5136426717016758,0.0,0.0,0.0
3,4,has_bill_shape::needle,needle bill,a photo of a bird with needle bill.,True,native_source,5670,149,5521,0.026278659611992945,822629,0.5934813871137535,0.0,0.0,0.0
4,5,has_bill_shape::hooked_seabird,hooked seabird bill,a photo of a bird with hooked seabird bill.,False,native_source,5670,373,5297,0.06578483245149912,1975781,0.8869505274116919,0.0,0.2,0.2
5,6,has_bill_shape::spatulate,spatulate bill,a photo of a bird with spatulate bill.,False,native_source,5670,224,5446,0.03950617283950617,1219904,0.2701220751796863,0.0,0.2,0.1
6,7,has_bill_shape::all-purpose,all purpose bill,a photo of a bird with all purpose bill.,False,native_source,5670,2337,3333,0.4121693121693122,7789221,0.5302880737367703,1.0,0.2,0.2
7,8,has_bill_shape::cone,cone bill,a photo of a bird with cone bill.,True,native_source,5670,1468,4202,0.2589065255731922,6168536,0.560085083397422,0.0,0.2,0.2
8,9,has_bill_shape::specialized,specialized bill,a photo of a bird with specialized bill.,False,native_source,5670,119,5551,0.020987654320987655,660569,0.3820092980445646,1.0,0.2,0.1
9,10,has_wing_color::blue,blue wing,a photo of a bird with blue wing.,True,native_source,5349,296,5053,0.05533744625163582,1495688,0.8886010986248469,1.0,0.8,0.8
10,11,has_wing_color::brown,brown wing,a photo of a bird with brown wing.,True,native_source,5349,1557,3792,0.29108244531688166,5904144,0.6559814598017935,0.0,0.6,0.5
11,12,has_wing_color::iridescent,iridescent wing,a photo of a bird with iridescent wing.,False,native_source,5349,112,5237,0.020938493176294634,586544,0.6892901470307428,0.0,0.2,0.1
12,13,has_wing_color::purple,purple wing,a photo of a bird with purple wing.,False,native_source,5349,26,5323,0.004860721630211255,138398,0.6752770993800489,0.0,0.0,0.1
13,14,has_wing_color::rufous,rufous wing,a photo of a bird with rufous wing.,False,native_source,5349,69,5280,0.012899607403252944,364320,0.7998572683355292,0.0,0.0,0.0
14,15,has_wing_color::grey,grey wing,a photo of a bird with grey wing.,True,native_source,5349,1768,3581,0.3305290708543653,6331208,0.5915353752396068,1.0,0.8,0.6
15,16,has_wing_color::yellow,yellow wing,a photo of a bird with yellow wing.,True,native_source,5349,546,4803,0.10207515423443635,2622438,0.8226432807944363,0.0,0.8,0.5
16,17,has_wing_color::olive,olive wing,a photo of a bird with olive wing.,False,native_source,5349,210,5139,0.03925967470555244,1079190,0.5864157377292228,0.0,0.0,0.0
17,18,has_wing_color::green,green wing,a photo of a bird with green wing.,False,native_source,5349,95,5254,0.0177603290334642,499130,0.6609240077735259,1.0,0.2,0.1
18,19,has_wing_color::pink,pink wing,a photo of a bird with pink wing.,False,native_source,5349,25,5324,0.004673770798280052,133100,0.5564913598797896,0.0,0.0,0.1
19,20,has_wing_color::orange,orange wing,a photo of a bird with orange wing.,False,native_source,5349,144,5205,0.0269209197980931,749520,0.7376107375386914,1.0,0.8,0.6
20,21,has_wing_color::black,black wing,a photo of a bird with black wing.,True,native_source,5349,2461,2888,0.46008599738268835,7107368,0.615980838476353,1.0,0.8,0.9
21,22,has_wing_color::white,white wing,a photo of a bird with white wing.,True,native_source,5349,1510,3839,0.28229575621611513,5796890,0.6027235293407327,1.0,0.4,0.4
22,23,has_wing_color::red,red wing,a photo of a bird with red wing.,True,native_source,5349,122,5227,0.022808001495606654,637694,0.7664114763507263,1.0,0.2,0.1
23,24,has_wing_color::buff,buff wing,a photo of a bird with buff wing.,False,native_source,5349,1058,4291,0.19779398018321181,4539878,0.5034235501482639,1.0,0.8,0.5
24,25,has_upperparts_color::blue,blue upperparts,a photo of a bird with blue upperparts.,False,native_source,5050,301,4749,0.0596039603960396,1429449,0.8733309128202545,1.0,1.0,0.9
25,26,has_upperparts_color::brown,brown upperparts,a photo of a bird with brown upperparts.,False,native_source,5050,1383,3667,0.2738613861386139,5071461,0.6277237466678735,1.0,0.4,0.5
26,27,has_upperparts_color::iridescent,iridescent upperparts,a photo of a bird with iridescent upperparts.,False,native_source,5050,149,4901,0.029504950495049503,730249,0.6055386587314738,0.0,0.2,0.1
27,28,has_upperparts_color::purple,purple upperparts,a photo of a bird with purple upperparts.,False,native_source,5050,31,5019,0.006138613861386139,155589,0.7237336829724467,0.0,0.0,0.0
28,29,has_upperparts_color::rufous,rufous upperparts,a photo of a bird with rufous upperparts.,False,native_source,5050,70,4980,0.013861386138613862,348600,0.7540390131956397,0.0,0.0,0.1
29,30,has_upperparts_color::grey,grey upperparts,a photo of a bird with grey upperparts.,False,native_source,5050,1711,3339,0.33881188118811884,5713029,0.5867837359131207,1.0,0.6,0.6
30,31,has_upperparts_color::yellow,yellow upperparts,a photo of a bird with yellow upperparts.,False,native_source,5050,543,4507,0.10752475247524752,2447301,0.8355472007734235,1.0,0.6,0.3
31,32,has_upperparts_color::olive,olive upperparts,a photo of a bird with olive upperparts.,False,native_source,5050,223,4827,0.044158415841584156,1076421,0.5809316243365746,0.0,0.0,0.1
32,33,has_upperparts_color::green,green upperparts,a photo of a bird with green upperparts.,False,native_source,5050,108,4942,0.021386138613861388,533736,0.7532122622420073,0.0,0.2,0.1
33,34,has_upperparts_color::pink,pink upperparts,a photo of a bird with pink upperparts.,False,native_source,5050,28,5022,0.005544554455445544,140616,0.5468296637651476,0.0,0.4,0.2
34,35,has_upperparts_color::orange,orange upperparts,a photo of a bird with orange upperparts.,False,native_source,5050,149,4901,0.029504950495049503,730249,0.7576073366755723,1.0,0.8,0.6
35,36,has_upperparts_color::black,black upperparts,a photo of a bird with black upperparts.,False,native_source,5050,2273,2777,0.4500990099009901,6312121,0.581475862075521,1.0,1.0,0.9
36,37,has_upperparts_color::white,white upperparts,a photo of a bird with white upperparts.,False,native_source,5050,1349,3701,0.26712871287128714,4992649,0.5686670543032366,0.0,0.2,0.1
37,38,has_upperparts_color::red,red upperparts,a photo of a bird with red upperparts.,False,native_source,5050,126,4924,0.024950495049504952,620424,0.8126926102149498,1.0,0.6,0.4
38,39,has_upperparts_color::buff,buff upperparts,a photo of a bird with buff upperparts.,False,native_source,5050,997,4053,0.19742574257425743,4040841,0.478436419547317,0.0,0.2,0.3
39,40,has_underparts_color::blue,blue underparts,a photo of a bird with blue underparts.,False,native_source,5234,174,5060,0.03324417271685136,880440,0.8824087956021989,1.0,0.8,0.8
40,41,has_underparts_color::brown,brown underparts,a photo of a bird with brown underparts.,False,native_source,5234,593,4641,0.11329766908674055,2752113,0.6628808482791223,0.0,0.4,0.3
41,42,has_underparts_color::iridescent,iridescent underparts,a photo of a bird with iridescent underparts.,False,native_source,5234,92,5142,0.01757737867787543,473064,0.7112779666176247,1.0,0.4,0.2
42,43,has_underparts_color::purple,purple underparts,a photo of a bird with purple underparts.,False,native_source,5234,24,5210,0.0045854031333588076,125040,0.6188899552143314,0.0,0.0,0.1
43,44,has_underparts_color::rufous,rufous underparts,a photo of a bird with rufous underparts.,False,native_source,5234,88,5146,0.016813144822315627,452848,0.7612245168356712,1.0,0.2,0.2
44,45,has_underparts_color::grey,grey underparts,a photo of a bird with grey underparts.,False,native_source,5234,1081,4153,0.2065341994650363,4489393,0.6509214051877392,1.0,0.6,0.6
45,46,has_underparts_color::yellow,yellow underparts,a photo of a bird with yellow underparts.,False,native_source,5234,866,4368,0.16545662972869699,3782688,0.9175390621695472,1.0,1.0,1.0
46,47,has_underparts_color::olive,olive underparts,a photo of a bird with olive underparts.,False,native_source,5234,132,5102,0.025219717233473445,673464,0.690932997160947,1.0,0.4,0.2
47,48,has_underparts_color::green,green underparts,a photo of a bird with green underparts.,False,native_source,5234,81,5153,0.015475735575085976,417393,0.8532438253636261,0.0,0.0,0.2
48,49,has_underparts_color::pink,pink underparts,a photo of a bird with pink underparts.,False,native_source,5234,24,5210,0.0045854031333588076,125040,0.6509516954574536,0.0,0.4,0.4
49,50,has_underparts_color::orange,orange underparts,a photo of a bird with orange underparts.,False,native_source,5234,189,5045,0.03611004967520061,953505,0.8123764427034992,1.0,0.8,0.8
50,51,has_underparts_color::black,black underparts,a photo of a bird with black underparts.,False,native_source,5234,1024,4210,0.19564386702330913,4311040,0.7187647296244062,1.0,1.0,0.7
51,52,has_underparts_color::white,white underparts,a photo of a bird with white underparts.,False,native_source,5234,2267,2967,0.43312953763851736,6726189,0.6519845784886509,1.0,1.0,1.0
52,53,has_underparts_color::red,red underparts,a photo of a bird with red underparts.,False,native_source,5234,211,5023,0.04031333588077952,1059853,0.9036932480259054,1.0,1.0,0.8
53,54,has_underparts_color::buff,buff underparts,a photo of a bird with buff underparts.,False,native_source,5234,1053,4181,0.20118456247611768,4402593,0.4922147016542297,0.0,0.0,0.2
54,55,has_breast_pattern::solid,solid breast,a photo of a bird with solid breast.,True,native_source,5265,3154,2111,0.5990503323836657,6658094,0.5347134630421259,0.0,0.6,0.6
55,56,has_breast_pattern::spotted,spotted breast,a photo of a bird with spotted breast.,True,native_source,5265,311,4954,0.059069325735992405,1540694,0.6564970071928624,0.0,0.2,0.3
56,57,has_breast_pattern::striped,striped breast,a photo of a bird with striped breast.,True,native_source,5265,682,4583,0.1295346628679962,3125606,0.5968573774173712,0.0,0.2,0.1
57,58,has_breast_pattern::multi-colored,multi colored breast,a photo of a bird with multi colored breast.,True,native_source,5265,1118,4147,0.2123456790123457,4636346,0.5680281411266545,1.0,0.4,0.4
58,59,has_back_color::blue,blue back,a photo of a bird with blue back.,False,native_source,4530,249,4281,0.05496688741721854,1065969,0.9123783149416165,1.0,0.6,0.8
59,60,has_back_color::brown,brown back,a photo of a bird with brown back.,True,native_source,4530,1105,3425,0.24392935982339956,3784625,0.6896895993658553,1.0,0.8,0.5
60,61,has_back_color::iridescent,iridescent back,a photo of a bird with iridescent back.,False,native_source,4530,102,4428,0.022516556291390728,451656,0.6603499123226526,0.0,0.4,0.2
61,62,has_back_color::purple,purple back,a photo of a bird with purple back.,False,native_source,4530,17,4513,0.0037527593818984547,76721,0.6881166825249931,0.0,0.0,0.2
62,63,has_back_color::rufous,rufous back,a photo of a bird with rufous back.,False,native_source,4530,57,4473,0.012582781456953643,254961,0.7586905448284247,0.0,0.0,0.0
63,64,has_back_color::grey,grey back,a photo of a bird with grey back.,True,native_source,4530,1427,3103,0.3150110375275938,4427981,0.6377383958964593,1.0,0.8,0.8
64,65,has_back_color::yellow,yellow back,a photo of a bird with yellow back.,True,native_source,4530,422,4108,0.09315673289183223,1733576,0.887413069862527,0.0,0.2,0.4
65,66,has_back_color::olive,olive back,a photo of a bird with olive back.,False,native_source,4530,196,4334,0.04326710816777042,849464,0.6856664908695366,0.0,0.0,0.1
66,67,has_back_color::green,green back,a photo of a bird with green back.,False,native_source,4530,87,4443,0.019205298013245033,386541,0.8196569057357435,0.0,0.2,0.1
67,68,has_back_color::pink,pink back,a photo of a bird with pink back.,False,native_source,4530,20,4510,0.004415011037527594,90200,0.5820787139689578,0.0,0.0,0.1
68,69,has_back_color::orange,orange back,a photo of a bird with orange back.,False,native_source,4530,94,4436,0.02075055187637969,416984,0.6994872704947912,1.0,0.2,0.2
69,70,has_back_color::black,black back,a photo of a bird with black back.,True,native_source,4530,1663,2867,0.36710816777041944,4767821,0.6695649857660344,1.0,0.8,0.9
70,71,has_back_color::white,white back,a photo of a bird with white back.,True,native_source,4530,893,3637,0.19713024282560707,3247841,0.6341388017455288,1.0,0.8,0.9
71,72,has_back_color::red,red back,a photo of a bird with red back.,False,native_source,4530,103,4427,0.022737306843267108,455981,0.8211021950476006,1.0,1.0,0.8
72,73,has_back_color::buff,buff back,a photo of a bird with buff back.,False,native_source,4530,841,3689,0.1856512141280353,3102449,0.5271147084126121,0.0,0.2,0.2
73,74,has_tail_shape::forked_tail,forked tail,a photo of a bird with forked tail.,True,native_source,4586,198,4388,0.043174880069777585,868824,0.5558041674723534,0.0,0.0,0.1
74,75,has_tail_shape::rounded_tail,rounded tail,a photo of a bird with rounded tail.,True,native_source,4586,652,3934,0.14217182730047973,2564968,0.5226735772142187,0.0,0.0,0.0
75,76,has_tail_shape::notched_tail,notched tail,a photo of a bird with notched tail.,True,native_source,4586,1715,2871,0.373964238988225,4923765,0.5376058768036248,0.0,0.2,0.3
76,77,has_tail_shape::fan-shaped_tail,fan shaped tail,a photo of a bird with fan shaped tail.,True,native_source,4586,436,4150,0.09507195813344962,1809400,0.49951226926052833,0.0,0.2,0.2
77,78,has_tail_shape::pointed_tail,pointed tail,a photo of a bird with pointed tail.,True,native_source,4586,1048,3538,0.2285215874400349,3707824,0.4906217231454352,0.0,0.2,0.1
78,79,has_tail_shape::squared_tail,squared tail,a photo of a bird with squared tail.,True,native_source,4586,537,4049,0.11709550806803315,2174313,0.489476906038827,0.0,0.2,0.3
79,80,has_upper_tail_color::blue,blue upper tail,a photo of a bird with blue upper tail.,False,native_source,3855,214,3641,0.05551232166018158,779174,0.8910455174325632,0.0,0.8,0.8
80,81,has_upper_tail_color::brown,brown upper tail,a photo of a bird with brown upper tail.,False,native_source,3855,828,3027,0.21478599221789882,2506356,0.64787444401354,0.0,0.4,0.6
81,82,has_upper_tail_color::iridescent,iridescent upper tail,a photo of a bird with iridescent upper tail.,False,native_source,3855,63,3792,0.01634241245136187,238896,0.6453770678454223,0.0,0.2,0.2
82,83,has_upper_tail_color::purple,purple upper tail,a photo of a bird with purple upper tail.,False,native_source,3855,16,3839,0.004150453955901427,61424,0.5147662151601979,0.0,0.2,0.1
83,84,has_upper_tail_color::rufous,rufous upper tail,a photo of a bird with rufous upper tail.,False,native_source,3855,40,3815,0.010376134889753566,152600,0.7389711664482307,0.0,0.2,0.1
84,85,has_upper_tail_color::grey,grey upper tail,a photo of a bird with grey upper tail.,False,native_source,3855,1070,2785,0.2775616083009079,2979950,0.5850299501669491,0.0,0.8,0.7
85,86,has_upper_tail_color::yellow,yellow upper tail,a photo of a bird with yellow upper tail.,False,native_source,3855,258,3597,0.0669260700389105,928026,0.8261902144983007,0.0,0.2,0.3
86,87,has_upper_tail_color::olive,olive upper tail,a photo of a bird with olive upper tail.,False,native_source,3855,131,3724,0.03398184176394293,487844,0.6870372496125811,0.0,0.2,0.1
87,88,has_upper_tail_color::green,green upper tail,a photo of a bird with green upper tail.,False,native_source,3855,46,3809,0.011932555123216601,175214,0.8067848459597977,0.0,0.2,0.1
88,89,has_upper_tail_color::pink,pink upper tail,a photo of a bird with pink upper tail.,False,native_source,3855,29,3826,0.007522697795071336,110954,0.5581502244173261,0.0,0.0,0.0
89,90,has_upper_tail_color::orange,orange upper tail,a photo of a bird with orange upper tail.,False,native_source,3855,87,3768,0.022568093385214007,327816,0.65810546160041,1.0,0.4,0.3
90,91,has_upper_tail_color::black,black upper tail,a photo of a bird with black upper tail.,False,native_source,3855,1480,2375,0.383916990920882,3515000,0.6149477951635847,1.0,0.6,0.7
91,92,has_upper_tail_color::white,white upper tail,a photo of a bird with white upper tail.,False,native_source,3855,730,3125,0.1893644617380026,2281250,0.5744328767123288,1.0,0.4,0.6
92,93,has_upper_tail_color::red,red upper tail,a photo of a bird with red upper tail.,False,native_source,3855,83,3772,0.02153047989623865,313076,0.8416135379268932,0.0,0.4,0.2
93,94,has_upper_tail_color::buff,buff upper tail,a photo of a bird with buff upper tail.,False,native_source,3855,631,3224,0.16368352788586252,2034344,0.47762669440369965,0.0,0.2,0.2
94,95,has_head_pattern::spotted,spotted head,a photo of a bird with spotted head.,False,native_source,5592,159,5433,0.028433476394849784,863847,0.5942105488587678,0.0,0.0,0.0
95,96,has_head_pattern::malar,malar head,a photo of a bird with malar head.,False,native_source,5592,558,5034,0.09978540772532189,2808972,0.48195407430191545,0.0,0.0,0.0
96,97,has_head_pattern::crested,crested head,a photo of a bird with crested head.,True,native_source,5592,227,5365,0.040593705293276106,1217855,0.6118532173370393,0.0,0.0,0.3
97,98,has_head_pattern::masked,masked head,a photo of a bird with masked head.,True,native_source,5592,252,5340,0.045064377682403435,1345680,0.5340582456453243,0.0,0.2,0.2
98,99,has_head_pattern::unique_pattern,unique pattern head,a photo of a bird with unique pattern head.,False,native_source,5592,185,5407,0.0330829756795422,1000295,0.5151460319205834,0.0,0.0,0.0
99,100,has_head_pattern::eyebrow,eyebrow head,a photo of a bird with eyebrow head.,False,native_source,5592,708,4884,0.12660944206008584,3457872,0.5275590016056118,0.0,0.0,0.0
100,101,has_head_pattern::eyering,eyering head,a photo of a bird with eyering head.,True,native_source,5592,926,4666,0.1655937052932761,4320716,0.486906683984784,0.0,0.6,0.6
101,102,has_head_pattern::plain,plain head,a photo of a bird with plain head.,True,native_source,5592,1537,4055,0.2748569384835479,6232535,0.5439349317733474,0.0,0.4,0.3
102,103,has_head_pattern::eyeline,eyeline head,a photo of a bird with eyeline head.,True,native_source,5592,670,4922,0.1198140200286123,3297740,0.5223985214116335,0.0,0.0,0.0
103,104,has_head_pattern::striped,striped head,a photo of a bird with striped head.,True,native_source,5592,392,5200,0.07010014306151645,2038400,0.5753993328100471,1.0,0.4,0.4
104,105,has_head_pattern::capped,capped head,a photo of a bird with capped head.,True,native_source,5592,668,4924,0.11945636623748211,3289232,0.4862425332114001,0.0,0.2,0.1
105,106,has_breast_color::blue,blue breast,a photo of a bird with blue breast.,False,native_source,5317,178,5139,0.033477524920067704,914742,0.8905893683683487,0.0,0.8,0.8
106,107,has_breast_color::brown,brown breast,a photo of a bird with brown breast.,True,native_source,5317,639,4678,0.12018055294338913,2989242,0.6747749094921054,0.0,0.0,0.1
107,108,has_breast_color::iridescent,iridescent breast,a photo of a bird with iridescent breast.,False,native_source,5317,90,5227,0.016926838442730862,470430,0.6565355100652595,1.0,0.8,0.4
108,109,has_breast_color::purple,purple breast,a photo of a bird with purple breast.,False,native_source,5317,17,5300,0.003197291705849163,90100,0.7670699223085461,0.0,0.2,0.1
109,110,has_breast_color::rufous,rufous breast,a photo of a bird with rufous breast.,False,native_source,5317,77,5240,0.014481850667669738,403480,0.779104292653911,1.0,0.2,0.2
110,111,has_breast_color::grey,grey breast,a photo of a bird with grey breast.,True,native_source,5317,1084,4233,0.2038743652435584,4588572,0.6436883849703132,0.0,0.4,0.5
111,112,has_breast_color::yellow,yellow breast,a photo of a bird with yellow breast.,True,native_source,5317,794,4523,0.14933233026142562,3591262,0.9022173820790574,1.0,0.8,0.8
112,113,has_breast_color::olive,olive breast,a photo of a bird with olive breast.,False,native_source,5317,104,5213,0.019559902200488997,542152,0.6106534698756069,0.0,0.2,0.2
113,114,has_breast_color::green,green breast,a photo of a bird with green breast.,False,native_source,5317,63,5254,0.011848786909911604,331002,0.8028561760956127,0.0,0.0,0.0
114,115,has_breast_color::pink,pink breast,a photo of a bird with pink breast.,False,native_source,5317,25,5292,0.0047018995674252394,132300,0.5227286470143613,0.0,0.4,0.2
115,116,has_breast_color::orange,orange breast,a photo of a bird with orange breast.,True,native_source,5317,170,5147,0.03197291705849163,874990,0.7904958913816158,0.0,0.6,0.5
116,117,has_breast_color::black,black breast,a photo of a bird with black breast.,True,native_source,5317,1176,4141,0.22117735565168328,4869816,0.7433053938793581,1.0,1.0,1.0
117,118,has_breast_color::white,white breast,a photo of a bird with white breast.,True,native_source,5317,2080,3237,0.39119804400978,6732960,0.657066876975357,1.0,1.0,1.0
118,119,has_breast_color::red,red breast,a photo of a bird with red breast.,True,native_source,5317,233,5084,0.043821703968403236,1184572,0.8454370017187642,1.0,0.4,0.4
119,120,has_breast_color::buff,buff breast,a photo of a bird with buff breast.,False,native_source,5317,996,4321,0.18732367876622155,4303716,0.7219674811256133,1.0,0.6,0.4
120,121,has_throat_color::blue,blue throat,a photo of a bird with blue throat.,False,native_source,5522,182,5340,0.03295907279971025,971880,0.8616094579577726,0.0,0.4,0.5
121,122,has_throat_color::brown,brown throat,a photo of a bird with brown throat.,True,native_source,5522,476,5046,0.08620065193770374,2401896,0.5850559308146565,1.0,0.2,0.1
122,123,has_throat_color::iridescent,iridescent throat,a photo of a bird with iridescent throat.,False,native_source,5522,88,5434,0.01593625498007968,478192,0.6714039548967778,1.0,0.4,0.3
123,124,has_throat_color::purple,purple throat,a photo of a bird with purple throat.,False,native_source,5522,28,5494,0.0050706265845708075,153832,0.7220149253731343,0.0,0.2,0.1
124,125,has_throat_color::rufous,rufous throat,a photo of a bird with rufous throat.,False,native_source,5522,74,5448,0.013400941687794278,403152,0.7346261459697583,0.0,0.4,0.2
125,126,has_throat_color::grey,grey throat,a photo of a bird with grey throat.,True,native_source,5522,992,4530,0.17964505613908005,4493760,0.6171538978494624,1.0,0.8,0.5
126,127,has_throat_color::yellow,yellow throat,a photo of a bird with yellow throat.,True,native_source,5522,653,4869,0.11825425570445491,3179457,0.8918868850876108,0.0,0.4,0.5
127,128,has_throat_color::olive,olive throat,a photo of a bird with olive throat.,False,native_source,5522,88,5434,0.01593625498007968,478192,0.5783116405125974,0.0,0.0,0.0
128,129,has_throat_color::green,green throat,a photo of a bird with green throat.,False,native_source,5522,60,5462,0.010865628395508874,327720,0.7974734529476383,0.0,0.0,0.0
129,130,has_throat_color::pink,pink throat,a photo of a bird with pink throat.,False,native_source,5522,26,5496,0.004708438971387179,142896,0.6822724219012428,0.0,0.0,0.0
130,131,has_throat_color::orange,orange throat,a photo of a bird with orange throat.,True,native_source,5522,136,5386,0.02462875769648678,732496,0.7098775966012101,0.0,0.0,0.0
131,132,has_throat_color::black,black throat,a photo of a bird with black throat.,True,native_source,5522,1259,4263,0.22799710249909452,5367117,0.6320707187862683,0.0,0.6,0.4
132,133,has_throat_color::white,white throat,a photo of a bird with white throat.,True,native_source,5522,2016,3506,0.36508511408909816,7068096,0.6119080018154819,0.0,0.6,0.6
133,134,has_throat_color::red,red throat,a photo of a bird with red throat.,True,native_source,5522,218,5304,0.039478449837015574,1156272,0.8846318167351627,0.0,0.4,0.5
134,135,has_throat_color::buff,buff throat,a photo of a bird with buff throat.,False,native_source,5522,796,4726,0.1441506700470844,3761896,0.5262806308308363,0.0,0.0,0.1
135,136,has_eye_color::blue,blue eye,a photo of a bird with blue eye.,False,native_source,5527,56,5471,0.010132078885471322,306376,0.6111085724730396,0.0,0.2,0.2
136,137,has_eye_color::brown,brown eye,a photo of a bird with brown eye.,False,native_source,5527,200,5327,0.03618599601954044,1065400,0.5624014454664915,1.0,0.2,0.1
137,138,has_eye_color::purple,purple eye,a photo of a bird with purple eye.,False,native_source,5527,10,5517,0.0018092998009770218,55170,0.5177270255573682,0.0,0.0,0.0
138,139,has_eye_color::rufous,rufous eye,a photo of a bird with rufous eye.,False,native_source,5527,67,5460,0.012122308666546046,365820,0.481072658684599,0.0,0.0,0.0
139,140,has_eye_color::grey,grey eye,a photo of a bird with grey eye.,False,native_source,5527,101,5426,0.018273927989867923,548026,0.5553313163973972,0.0,0.0,0.2
140,141,has_eye_color::yellow,yellow eye,a photo of a bird with yellow eye.,False,native_source,5527,126,5401,0.022797177492310475,680526,0.47027446416448454,0.0,0.0,0.0
141,142,has_eye_color::olive,olive eye,a photo of a bird with olive eye.,False,native_source,5527,17,5510,0.003075809661660937,93670,0.524041849044518,0.0,0.0,0.0
142,143,has_eye_color::green,green eye,a photo of a bird with green eye.,False,native_source,5527,3,5524,0.0005427899402931065,16572,0.42451122375090516,0.0,0.0,0.0
143,144,has_eye_color::pink,pink eye,a photo of a bird with pink eye.,False,native_source,5527,23,5504,0.0041613895422471505,126592,0.29577698432760363,0.0,0.0,0.0
144,145,has_eye_color::orange,orange eye,a photo of a bird with orange eye.,False,native_source,5527,69,5458,0.01248416862674145,376602,0.5401073281607639,0.0,0.0,0.0
145,146,has_eye_color::black,black eye,a photo of a bird with black eye.,False,native_source,5527,4877,650,0.8823955129364935,3170050,0.5467434267598302,1.0,0.8,0.9
146,147,has_eye_color::white,white eye,a photo of a bird with white eye.,False,native_source,5527,162,5365,0.029310656775827754,869130,0.42974928951940444,0.0,0.0,0.0
147,148,has_eye_color::red,red eye,a photo of a bird with red eye.,False,native_source,5527,132,5395,0.02388275737289669,712140,0.42514533659111975,0.0,0.0,0.1
148,149,has_eye_color::buff,buff eye,a photo of a bird with buff eye.,False,native_source,5527,89,5438,0.016102768228695497,483982,0.4789083065072668,0.0,0.0,0.1
149,150,has_bill_length::about_the_same_as_head,bill about the same length as head,a photo of a bird with bill about the same length as head.,True,native_source,5667,2119,3548,0.37391918122463386,7518212,0.507859115970659,1.0,0.8,0.6
150,151,has_bill_length::longer_than_head,bill longer than head,a photo of a bird with bill longer than head.,True,native_source,5667,348,5319,0.0614081524616199,1851012,0.5152967673899467,0.0,0.0,0.0
151,152,has_bill_length::shorter_than_head,bill shorter than head,a photo of a bird with bill shorter than head.,True,native_source,5667,3247,2420,0.5729662961002294,7857740,0.5055047634561591,0.0,0.2,0.3
152,153,has_forehead_color::blue,blue forehead,a photo of a bird with blue forehead.,False,native_source,5515,303,5212,0.05494106980961015,1579236,0.8659092117960837,1.0,0.6,0.7
153,154,has_forehead_color::brown,brown forehead,a photo of a bird with brown forehead.,False,native_source,5515,998,4517,0.18096101541251133,4507966,0.6377690071309322,0.0,0.2,0.2
154,155,has_forehead_color::iridescent,iridescent forehead,a photo of a bird with iridescent forehead.,False,native_source,5515,124,5391,0.022484134179510427,668484,0.6456040832690086,0.0,0.2,0.3
155,156,has_forehead_color::purple,purple forehead,a photo of a bird with purple forehead.,False,native_source,5515,32,5483,0.005802357207615594,175456,0.7220841692504104,0.0,0.0,0.1
156,157,has_forehead_color::rufous,rufous forehead,a photo of a bird with rufous forehead.,False,native_source,5515,88,5427,0.015956482320942884,477576,0.74480710923497,0.0,0.2,0.1
157,158,has_forehead_color::grey,grey forehead,a photo of a bird with grey forehead.,False,native_source,5515,1181,4334,0.21414324569356302,5118454,0.6522772305856417,0.0,0.4,0.5
158,159,has_forehead_color::yellow,yellow forehead,a photo of a bird with yellow forehead.,False,native_source,5515,483,5032,0.08757932910244787,2430456,0.8607767431296843,0.0,0.8,0.7
159,160,has_forehead_color::olive,olive forehead,a photo of a bird with olive forehead.,False,native_source,5515,128,5387,0.023209428830462377,689536,0.5511068312604418,0.0,0.0,0.0
160,161,has_forehead_color::green,green forehead,a photo of a bird with green forehead.,False,native_source,5515,53,5462,0.009610154125113327,289486,0.7281319303869617,0.0,0.2,0.1
161,162,has_forehead_color::pink,pink forehead,a photo of a bird with pink forehead.,False,native_source,5515,24,5491,0.004351767905711695,131784,0.7046075396102713,0.0,0.4,0.2
162,163,has_forehead_color::orange,orange forehead,a photo of a bird with orange forehead.,False,native_source,5515,159,5356,0.028830462375339982,851604,0.7141547010112681,1.0,0.4,0.3
163,164,has_forehead_color::black,black forehead,a photo of a bird with black forehead.,False,native_source,5515,1864,3651,0.3379873073436083,6805464,0.6180370655108894,1.0,0.8,0.9
164,165,has_forehead_color::white,white forehead,a photo of a bird with white forehead.,False,native_source,5515,807,4708,0.14632819582955575,3799356,0.6841100175924552,0.0,0.6,0.6
165,166,has_forehead_color::red,red forehead,a photo of a bird with red forehead.,False,native_source,5515,254,5261,0.04605621033544877,1336294,0.8802119892778086,1.0,1.0,0.8
166,167,has_forehead_color::buff,buff forehead,a photo of a bird with buff forehead.,False,native_source,5515,708,4807,0.12837715321849502,3403356,0.48006644030186674,0.0,0.6,0.4
167,168,has_under_tail_color::blue,blue under tail,a photo of a bird with blue under tail.,False,native_source,4343,203,4140,0.04674188349067465,840420,0.9066847528616644,0.0,0.6,0.7
168,169,has_under_tail_color::brown,brown under tail,a photo of a bird with brown under tail.,False,native_source,4343,891,3452,0.20515772507483307,3075732,0.6626752590927948,0.0,0.2,0.5
169,170,has_under_tail_color::iridescent,iridescent under tail,a photo of a bird with iridescent under tail.,False,native_source,4343,65,4278,0.014966612940363803,278070,0.6437138130686518,0.0,0.2,0.1
170,171,has_under_tail_color::purple,purple under tail,a photo of a bird with purple under tail.,False,native_source,4343,18,4325,0.004144600506562284,77850,0.6012074502247913,0.0,0.0,0.1
171,172,has_under_tail_color::rufous,rufous under tail,a photo of a bird with rufous under tail.,False,native_source,4343,52,4291,0.011973290352291043,223132,0.6766129465966334,0.0,0.0,0.0
172,173,has_under_tail_color::grey,grey under tail,a photo of a bird with grey under tail.,False,native_source,4343,1213,3130,0.2793000230255584,3796690,0.5974056349083017,1.0,0.8,0.9
173,174,has_under_tail_color::yellow,yellow under tail,a photo of a bird with yellow under tail.,False,native_source,4343,383,3960,0.08818788855629749,1516680,0.8327003718648627,0.0,0.0,0.1
174,175,has_under_tail_color::olive,olive under tail,a photo of a bird with olive under tail.,False,native_source,4343,125,4218,0.028781947962238083,527250,0.6647567567567567,1.0,0.2,0.1
175,176,has_under_tail_color::green,green under tail,a photo of a bird with green under tail.,False,native_source,4343,56,4287,0.012894312687082661,240072,0.7678571428571429,0.0,0.2,0.1
176,177,has_under_tail_color::pink,pink under tail,a photo of a bird with pink under tail.,False,native_source,4343,23,4320,0.0052958784250518075,99360,0.4980374396135266,0.0,0.0,0.0
177,178,has_under_tail_color::orange,orange under tail,a photo of a bird with orange under tail.,False,native_source,4343,109,4234,0.02509785862307161,461506,0.6717095769069091,1.0,0.8,0.5
178,179,has_under_tail_color::black,black under tail,a photo of a bird with black under tail.,False,native_source,4343,1808,2535,0.41630209532581164,4583280,0.6309723604056483,1.0,0.8,0.9
179,180,has_under_tail_color::white,white under tail,a photo of a bird with white under tail.,False,native_source,4343,1034,3309,0.23808427354363343,3421506,0.6011285673618576,1.0,0.6,0.7
180,181,has_under_tail_color::red,red under tail,a photo of a bird with red under tail.,False,native_source,4343,83,4260,0.01911121344692609,353580,0.7938373211154477,0.0,0.0,0.1
181,182,has_under_tail_color::buff,buff under tail,a photo of a bird with buff under tail.,False,native_source,4343,694,3649,0.15979737508634584,2532406,0.5016026261191926,0.0,0.2,0.1
182,183,has_nape_color::blue,blue nape,a photo of a bird with blue nape.,False,native_source,5367,289,5078,0.053847587106390905,1467542,0.8918218354227682,1.0,1.0,1.0
183,184,has_nape_color::brown,brown nape,a photo of a bird with brown nape.,False,native_source,5367,1012,4355,0.18855971678777717,4407260,0.6777891479059551,0.0,0.6,0.4
184,185,has_nape_color::iridescent,iridescent nape,a photo of a bird with iridescent nape.,False,native_source,5367,119,5248,0.02217253586733743,624512,0.6231793784587005,0.0,0.4,0.3
185,186,has_nape_color::purple,purple nape,a photo of a bird with purple nape.,False,native_source,5367,34,5333,0.006335010247810695,181322,0.7678715213818511,0.0,0.2,0.2
186,187,has_nape_color::rufous,rufous nape,a photo of a bird with rufous nape.,False,native_source,5367,80,5287,0.014905906465436929,422960,0.7886443162473993,0.0,0.0,0.1
187,188,has_nape_color::grey,grey nape,a photo of a bird with grey nape.,False,native_source,5367,1427,3940,0.2658841065772312,5622380,0.6463615052700102,1.0,1.0,0.9
188,189,has_nape_color::yellow,yellow nape,a photo of a bird with yellow nape.,False,native_source,5367,464,4903,0.08645425749953418,2274992,0.8966750212748,1.0,0.6,0.8
189,190,has_nape_color::olive,olive nape,a photo of a bird with olive nape.,False,native_source,5367,183,5184,0.03409726103968697,948672,0.6940112072454968,0.0,0.0,0.0
190,191,has_nape_color::green,green nape,a photo of a bird with green nape.,False,native_source,5367,80,5287,0.014905906465436929,422960,0.8610223188954038,0.0,0.0,0.1
191,192,has_nape_color::pink,pink nape,a photo of a bird with pink nape.,False,native_source,5367,33,5334,0.006148686416992733,176022,0.6377214211859881,0.0,0.4,0.2
192,193,has_nape_color::orange,orange nape,a photo of a bird with orange nape.,False,native_source,5367,126,5241,0.023476802683063163,660366,0.7701759327403288,0.0,0.0,0.1
193,194,has_nape_color::black,black nape,a photo of a bird with black nape.,False,native_source,5367,1507,3860,0.28079001304266815,5817020,0.6965978284413669,1.0,1.0,0.9
194,195,has_nape_color::white,white nape,a photo of a bird with white nape.,False,native_source,5367,1274,4093,0.2373765604620831,5214482,0.687399630490622,1.0,0.8,0.8
195,196,has_nape_color::red,red nape,a photo of a bird with red nape.,False,native_source,5367,199,5168,0.03707844233277436,1028432,0.8910871112528587,1.0,1.0,0.8
196,197,has_nape_color::buff,buff nape,a photo of a bird with buff nape.,False,native_source,5367,889,4478,0.1656418855971679,3980942,0.46539412028610316,0.0,0.0,0.1
197,198,has_belly_color::blue,blue belly,a photo of a bird with blue belly.,False,native_source,5144,144,5000,0.027993779160186624,720000,0.8598916666666667,1.0,0.8,0.5
198,199,has_belly_color::brown,brown belly,a photo of a bird with brown belly.,True,native_source,5144,513,4631,0.09972783825816485,2375703,0.5936076605535288,0.0,0.4,0.4
199,200,has_belly_color::iridescent,iridescent belly,a photo of a bird with iridescent belly.,False,native_source,5144,81,5063,0.015746500777604977,410103,0.6787221746731918,0.0,0.4,0.2
200,201,has_belly_color::purple,purple belly,a photo of a bird with purple belly.,False,native_source,5144,19,5125,0.0036936236391912907,97375,0.6586598202824133,0.0,0.0,0.0
201,202,has_belly_color::rufous,rufous belly,a photo of a bird with rufous belly.,False,native_source,5144,79,5065,0.015357698289269051,400135,0.7759056318492509,0.0,0.0,0.1
202,203,has_belly_color::grey,grey belly,a photo of a bird with grey belly.,True,native_source,5144,996,4148,0.19362363919129083,4131408,0.6128086356999841,1.0,0.8,0.7
203,204,has_belly_color::yellow,yellow belly,a photo of a bird with yellow belly.,True,native_source,5144,844,4300,0.1640746500777605,3629200,0.8802408244241156,1.0,0.6,0.8
204,205,has_belly_color::olive,olive belly,a photo of a bird with olive belly.,False,native_source,5144,117,5027,0.022744945567651633,588159,0.5576570281165467,0.0,0.0,0.0
205,206,has_belly_color::green,green belly,a photo of a bird with green belly.,False,native_source,5144,68,5076,0.013219284603421462,345168,0.8292541602929588,0.0,0.2,0.1
206,207,has_belly_color::pink,pink belly,a photo of a bird with pink belly.,False,native_source,5144,31,5113,0.0060264385692068425,158503,0.5842539257932027,0.0,0.6,0.4
207,208,has_belly_color::orange,orange belly,a photo of a bird with orange belly.,True,native_source,5144,165,4979,0.03207620528771384,821535,0.7878094055639747,1.0,0.6,0.7
208,209,has_belly_color::black,black belly,a photo of a bird with black belly.,True,native_source,5144,852,4292,0.1656298600311042,3656784,0.6520308555276987,0.0,0.6,0.6
209,210,has_belly_color::white,white belly,a photo of a bird with white belly.,True,native_source,5144,2167,2977,0.4212674961119751,6451159,0.6687526225907624,1.0,1.0,1.0
210,211,has_belly_color::red,red belly,a photo of a bird with red belly.,True,native_source,5144,200,4944,0.038880248833592534,988800,0.8902892394822006,1.0,0.8,0.8
211,212,has_belly_color::buff,buff belly,a photo of a bird with buff belly.,False,native_source,5144,948,4196,0.18429237947122862,3977808,0.4739679491820621,1.0,0.2,0.3
212,213,has_wing_shape::rounded-wings,rounded wings,a photo of a bird with rounded wings.,True,native_source,3830,1653,2177,0.4315926892950392,3598581,0.5064758859116969,1.0,0.4,0.2
213,214,has_wing_shape::pointed-wings,pointed wings,a photo of a bird with pointed wings.,True,native_source,3830,1163,2667,0.30365535248041775,3101721,0.47808265153442236,0.0,0.2,0.4
214,215,has_wing_shape::broad-wings,broad wings,a photo of a bird with broad wings.,True,native_source,3830,335,3495,0.08746736292428199,1170825,0.4714308286891722,0.0,0.0,0.1
215,216,has_wing_shape::tapered-wings,tapered wings,a photo of a bird with tapered wings.,True,native_source,3830,470,3360,0.1227154046997389,1579200,0.5257370820668693,0.0,0.0,0.0
216,217,has_wing_shape::long-wings,long wings,a photo of a bird with long wings.,True,native_source,3830,379,3451,0.0989556135770235,1307929,0.6322403586127382,0.0,0.6,0.4
217,218,has_size::large_(16_-_32_in),large bird,a photo of a bird with large bird.,True,native_source,5794,208,5586,0.03589920607525026,1161888,0.5900319135751466,0.0,0.2,0.1
218,219,has_size::small_(5_-_9_in),small bird,a photo of a bird with small bird.,True,native_source,5794,2958,2836,0.5105281325509148,8388888,0.6181390787432136,0.0,0.6,0.6
219,220,has_size::very_large_(32_-_72_in),very bird,a photo of a bird with very bird.,False,native_source,5794,96,5698,0.016568864342423197,547008,0.339324104949105,0.0,0.0,0.0
220,221,has_size::medium_(9_-_16_in),medium bird,a photo of a bird with medium bird.,True,native_source,5794,1148,4646,0.1981360027614774,5333608,0.4564965216791335,0.0,0.4,0.5
221,222,has_size::very_small_(3_-_5_in),very bird,a photo of a bird with very bird.,False,native_source,5794,1384,4410,0.2388677942699344,6103440,0.4901542408871063,0.0,0.0,0.0
222,223,has_shape::upright-perching_water-like,upright perching water like body shape,a photo of a bird with upright perching water like body shape.,False,native_source,5794,125,5669,0.021574042112530202,708625,0.5813455635914624,1.0,0.2,0.1
223,224,has_shape::chicken-like-marsh,chicken like marsh body shape,a photo of a bird with chicken like marsh body shape.,False,native_source,5794,95,5699,0.016396272005522954,541405,0.5605729537037892,0.0,0.2,0.1
224,225,has_shape::long-legged-like,long legged like body shape,a photo of a bird with long legged like body shape.,False,native_source,5794,64,5730,0.011045909561615464,366720,0.6306964441535776,0.0,0.0,0.1
225,226,has_shape::duck-like,duck like body shape,a photo of a bird with duck like body shape.,False,native_source,5794,354,5440,0.06109768726268554,1925760,0.9086443793619142,1.0,0.8,0.7
226,227,has_shape::owl-like,owl like body shape,a photo of a bird with owl like body shape.,False,native_source,5794,26,5768,0.0044874007594062825,149968,0.6087632028166009,0.0,0.0,0.0
227,228,has_shape::gull-like,gull like body shape,a photo of a bird with gull like body shape.,False,native_source,5794,404,5390,0.06972730410769762,2177560,0.8506318999246864,0.0,0.4,0.3
228,229,has_shape::hummingbird-like,hummingbird like body shape,a photo of a bird with hummingbird like body shape.,False,native_source,5794,320,5474,0.055229547808077324,1751680,0.6863354037267081,0.0,0.6,0.6
229,230,has_shape::pigeon-like,pigeon like body shape,a photo of a bird with pigeon like body shape.,False,native_source,5794,370,5424,0.0638591646530894,2006880,0.6060442079247389,0.0,0.0,0.0
230,231,has_shape::tree-clinging-like,tree clinging like body shape,a photo of a bird with tree clinging like body shape.,False,native_source,5794,365,5429,0.0629962029685882,1981585,0.6304877156417716,0.0,0.0,0.2
231,232,has_shape::hawk-like,hawk like body shape,a photo of a bird with hawk like body shape.,False,native_source,5794,189,5605,0.03261995167414567,1059345,0.6658808037041757,0.0,0.2,0.1
232,233,has_shape::sandpiper-like,sandpiper like body shape,a photo of a bird with sandpiper like body shape.,False,native_source,5794,312,5482,0.05384880911287539,1710384,0.597695312865415,1.0,0.6,0.3
233,234,has_shape::upland-ground-like,upland ground like body shape,a photo of a bird with upland ground like body shape.,False,native_source,5794,132,5662,0.022782188470831896,747384,0.5563793177268981,0.0,0.0,0.0
234,235,has_shape::swallow-like,swallow like body shape,a photo of a bird with swallow like body shape.,False,native_source,5794,211,5583,0.03641698308595098,1178013,0.5883237281761746,0.0,0.0,0.0
235,236,has_shape::perching-like,perching like body shape,a photo of a bird with perching like body shape.,False,native_source,5794,2827,2967,0.4879185364169831,8387709,0.5600065524447737,1.0,0.6,0.7
236,237,has_back_pattern::solid,solid back,a photo of a bird with solid back.,True,native_source,4520,2115,2405,0.46792035398230086,5086575,0.5163586499756713,1.0,0.6,0.6
237,238,has_back_pattern::spotted,spotted back,a photo of a bird with spotted back.,True,native_source,4520,356,4164,0.07876106194690266,1482384,0.6957839534155792,0.0,0.4,0.4
238,239,has_back_pattern::striped,striped back,a photo of a bird with striped back.,True,native_source,4520,898,3622,0.1986725663716814,3252556,0.6156262951352721,0.0,0.4,0.5
239,240,has_back_pattern::multi-colored,multi colored back,a photo of a bird with multi colored back.,True,native_source,4520,1151,3369,0.25464601769911505,3877719,0.5484630268464528,1.0,0.6,0.6
240,241,has_tail_pattern::solid,solid tail,a photo of a bird with solid tail.,True,native_source,4405,2077,2328,0.47150964812712826,4835256,0.5063727752987639,1.0,0.8,0.6
241,242,has_tail_pattern::spotted,spotted tail,a photo of a bird with spotted tail.,True,native_source,4405,263,4142,0.05970488081725312,1089346,0.6390862040159876,0.0,0.2,0.3
242,243,has_tail_pattern::striped,striped tail,a photo of a bird with striped tail.,True,native_source,4405,708,3697,0.16072644721906923,2617476,0.5405252999454436,0.0,0.2,0.2
243,244,has_tail_pattern::multi-colored,multi colored tail,a photo of a bird with multi colored tail.,True,native_source,4405,1357,3048,0.3080590238365494,4136136,0.5436125649640148,1.0,0.6,0.5
244,245,has_belly_pattern::solid,solid belly,a photo of a bird with solid belly.,True,native_source,5105,3321,1784,0.6505386875612145,5924664,0.5300217024965467,1.0,0.8,0.9
245,246,has_belly_pattern::spotted,spotted belly,a photo of a bird with spotted belly.,True,native_source,5105,298,4807,0.0583741429970617,1432486,0.6729824933716629,1.0,0.2,0.2
246,247,has_belly_pattern::striped,striped belly,a photo of a bird with striped belly.,True,native_source,5105,566,4539,0.110871694417238,2569074,0.5545025172494058,1.0,0.4,0.4
247,248,has_belly_pattern::multi-colored,multi colored belly,a photo of a bird with multi colored belly.,True,native_source,5105,920,4185,0.1802154750244858,3850200,0.5881572385850086,0.0,0.2,0.1
248,249,has_primary_color::blue,blue primary,a photo of a bird with blue primary.,False,native_source,5794,367,5427,0.06334138764238868,1991709,0.8658611775113734,1.0,0.6,0.7
249,250,has_primary_color::brown,brown primary,a photo of a bird with brown primary.,False,native_source,5794,1437,4357,0.2480151881256472,6261009,0.6757457943280388,1.0,0.4,0.6
250,251,has_primary_color::iridescent,iridescent primary,a photo of a bird with iridescent primary.,False,native_source,5794,110,5684,0.018985157059026578,625240,0.6928011643528885,0.0,0.4,0.3
251,252,has_primary_color::purple,purple primary,a photo of a bird with purple primary.,False,native_source,5794,44,5750,0.0075940628236106315,253000,0.6886284584980237,0.0,0.0,0.2
252,253,has_primary_color::rufous,rufous primary,a photo of a bird with rufous primary.,False,native_source,5794,107,5687,0.018467380048325856,608509,0.7786326907243771,0.0,0.0,0.2
253,254,has_primary_color::grey,grey primary,a photo of a bird with grey primary.,False,native_source,5794,1728,4066,0.2982395581636175,7026048,0.6567948297535116,1.0,0.6,0.6
254,255,has_primary_color::yellow,yellow primary,a photo of a bird with yellow primary.,False,native_source,5794,901,4893,0.1555056955471177,4408593,0.9256800298870864,1.0,0.8,0.8
255,256,has_primary_color::olive,olive primary,a photo of a bird with olive primary.,False,native_source,5794,248,5546,0.042802899551259925,1375408,0.5918425659876924,0.0,0.0,0.1
256,257,has_primary_color::green,green primary,a photo of a bird with green primary.,False,native_source,5794,107,5687,0.018467380048325856,608509,0.7794231473979842,0.0,0.0,0.2
257,258,has_primary_color::pink,pink primary,a photo of a bird with pink primary.,False,native_source,5794,45,5749,0.007766655160510874,258705,0.5188071355404805,0.0,0.2,0.2
258,259,has_primary_color::orange,orange primary,a photo of a bird with orange primary.,False,native_source,5794,228,5566,0.03935105281325509,1269048,0.7580123052871128,1.0,0.4,0.6
259,260,has_primary_color::black,black primary,a photo of a bird with black primary.,False,native_source,5794,2060,3734,0.35554021401449776,7692040,0.6612956380882055,1.0,1.0,1.0
260,261,has_primary_color::white,white primary,a photo of a bird with white primary.,False,native_source,5794,1680,4114,0.2899551259924059,6911520,0.6609629285598537,1.0,0.8,0.9
261,262,has_primary_color::red,red primary,a photo of a bird with red primary.,False,native_source,5794,232,5562,0.04004142216085606,1290384,0.8956442423340649,1.0,0.6,0.7
262,263,has_primary_color::buff,buff primary,a photo of a bird with buff primary.,False,native_source,5794,1109,4685,0.19140490162236798,5195665,0.4679340373176485,0.0,0.2,0.1
263,264,has_leg_color::blue,blue leg,a photo of a bird with blue leg.,False,native_source,4785,77,4708,0.016091954022988506,362516,0.6870069183153296,1.0,0.4,0.3
264,265,has_leg_color::brown,brown leg,a photo of a bird with brown leg.,False,native_source,4785,446,4339,0.09320794148380356,1935194,0.5475838598094042,0.0,0.2,0.2
265,266,has_leg_color::iridescent,iridescent leg,a photo of a bird with iridescent leg.,False,native_source,4785,22,4763,0.004597701149425287,104786,0.5926745939343042,1.0,0.2,0.1
266,267,has_leg_color::purple,purple leg,a photo of a bird with purple leg.,False,native_source,4785,23,4762,0.004806687565308255,109526,0.5602961853806402,0.0,0.0,0.0
267,268,has_leg_color::rufous,rufous leg,a photo of a bird with rufous leg.,False,native_source,4785,66,4719,0.013793103448275862,311454,0.47031664387036287,0.0,0.0,0.0
268,269,has_leg_color::grey,grey leg,a photo of a bird with grey leg.,False,native_source,4785,1467,3318,0.3065830721003135,4867506,0.5059465771588161,1.0,0.6,0.6
269,270,has_leg_color::yellow,yellow leg,a photo of a bird with yellow leg.,False,native_source,4785,107,4678,0.022361546499477535,500546,0.6452813527627831,0.0,0.2,0.2
270,271,has_leg_color::olive,olive leg,a photo of a bird with olive leg.,False,native_source,4785,29,4756,0.006060606060606061,137924,0.41602621733708417,0.0,0.0,0.0
271,272,has_leg_color::green,green leg,a photo of a bird with green leg.,False,native_source,4785,7,4778,0.0014629049111807733,33446,0.6216288943371404,0.0,0.0,0.0
272,273,has_leg_color::pink,pink leg,a photo of a bird with pink leg.,False,native_source,4785,147,4638,0.030721003134796237,681786,0.5700659737806291,0.0,0.0,0.1
273,274,has_leg_color::orange,orange leg,a photo of a bird with orange leg.,False,native_source,4785,478,4307,0.09989550679205851,2058746,0.5274111036524175,0.0,0.0,0.0
274,275,has_leg_color::black,black leg,a photo of a bird with black leg.,False,native_source,4785,1423,3362,0.2973876698014629,4784126,0.6064298891793402,1.0,0.6,0.6
275,276,has_leg_color::white,white leg,a photo of a bird with white leg.,False,native_source,4785,191,4594,0.039916405433646815,877454,0.5646843025389365,0.0,0.0,0.0
276,277,has_leg_color::red,red leg,a photo of a bird with red leg.,False,native_source,4785,167,4618,0.03490073145245559,771206,0.6763951525273403,0.0,0.0,0.0
277,278,has_leg_color::buff,buff leg,a photo of a bird with buff leg.,False,native_source,4785,957,3828,0.2,3663396,0.5295949441447225,0.0,0.2,0.3
278,279,has_bill_color::blue,blue bill,a photo of a bird with blue bill.,True,native_source,5672,151,5521,0.02662200282087447,833671,0.7852762060812959,0.0,0.6,0.5
279,280,has_bill_color::brown,brown bill,a photo of a bird with brown bill.,True,native_source,5672,488,5184,0.08603667136812412,2529792,0.6341084563473993,0.0,0.2,0.1
280,281,has_bill_color::iridescent,iridescent bill,a photo of a bird with iridescent bill.,False,native_source,5672,53,5619,0.009344146685472496,297807,0.5749361163438066,0.0,0.2,0.1
281,282,has_bill_color::purple,purple bill,a photo of a bird with purple bill.,False,native_source,5672,17,5655,0.002997179125528914,96135,0.6674676236542362,0.0,0.0,0.0
282,283,has_bill_color::rufous,rufous bill,a photo of a bird with rufous bill.,False,native_source,5672,81,5591,0.014280677009873061,452871,0.4585323414393944,0.0,0.0,0.0
283,284,has_bill_color::grey,grey bill,a photo of a bird with grey bill.,True,native_source,5672,1583,4089,0.27909026798307474,6472887,0.5054557572223956,0.0,0.2,0.2
284,285,has_bill_color::yellow,yellow bill,a photo of a bird with yellow bill.,True,native_source,5672,336,5336,0.05923836389280677,1792896,0.5898610404619119,0.0,0.0,0.0
285,286,has_bill_color::olive,olive bill,a photo of a bird with olive bill.,False,native_source,5672,34,5638,0.005994358251057828,191692,0.5950483066585982,0.0,0.0,0.0
286,287,has_bill_color::green,green bill,a photo of a bird with green bill.,False,native_source,5672,14,5658,0.002468265162200282,79212,0.6544967934151391,0.0,0.0,0.0
287,288,has_bill_color::pink,pink bill,a photo of a bird with pink bill.,False,native_source,5672,53,5619,0.009344146685472496,297807,0.6201029525833845,0.0,0.2,0.1
288,289,has_bill_color::orange,orange bill,a photo of a bird with orange bill.,True,native_source,5672,392,5280,0.0691114245416079,2069760,0.5949996617965368,0.0,0.0,0.0
289,290,has_bill_color::black,black bill,a photo of a bird with black bill.,True,native_source,5672,2575,3097,0.453984485190409,7974775,0.6140101131379883,1.0,1.0,0.7
290,291,has_bill_color::white,white bill,a photo of a bird with white bill.,True,native_source,5672,319,5353,0.05624118476727786,1707607,0.5511394015133458,0.0,0.0,0.0
291,292,has_bill_color::red,red bill,a photo of a bird with red bill.,True,native_source,5672,202,5470,0.03561354019746121,1104940,0.6647591724437526,0.0,0.0,0.1
292,293,has_bill_color::buff,buff bill,a photo of a bird with buff bill.,False,native_source,5672,823,4849,0.145098730606488,3990727,0.48034668871110453,0.0,0.0,0.0
293,294,has_crown_color::blue,blue crown,a photo of a bird with blue crown.,False,native_source,5527,317,5210,0.057354803690971595,1651570,0.8827558020550144,1.0,0.6,0.8
294,295,has_crown_color::brown,brown crown,a photo of a bird with brown crown.,True,native_source,5527,1078,4449,0.19504251854532295,4796022,0.7004568577875581,0.0,0.2,0.4
295,296,has_crown_color::iridescent,iridescent crown,a photo of a bird with iridescent crown.,False,native_source,5527,129,5398,0.02333996743260358,696342,0.6761921584508761,0.0,0.2,0.3
296,297,has_crown_color::purple,purple crown,a photo of a bird with purple crown.,False,native_source,5527,36,5491,0.006513479283517279,197676,0.718058843764544,0.0,0.4,0.2
297,298,has_crown_color::rufous,rufous crown,a photo of a bird with rufous crown.,False,native_source,5527,97,5430,0.017550208069477113,526710,0.7526551612841982,0.0,0.0,0.0
298,299,has_crown_color::grey,grey crown,a photo of a bird with grey crown.,True,native_source,5527,1246,4281,0.22543875520173692,5334126,0.6570850594830343,1.0,0.4,0.2
299,300,has_crown_color::yellow,yellow crown,a photo of a bird with yellow crown.,True,native_source,5527,407,5120,0.07363850189976479,2083840,0.8835402430128992,0.0,0.6,0.5
300,301,has_crown_color::olive,olive crown,a photo of a bird with olive crown.,False,native_source,5527,142,5385,0.02569205717387371,764670,0.6670858017183883,0.0,0.0,0.0
301,302,has_crown_color::green,green crown,a photo of a bird with green crown.,False,native_source,5527,66,5461,0.011941378686448345,360426,0.7653498915172602,0.0,0.0,0.0
302,303,has_crown_color::pink,pink crown,a photo of a bird with pink crown.,False,native_source,5527,36,5491,0.006513479283517279,197676,0.6403306420607459,0.0,0.0,0.1
303,304,has_crown_color::orange,orange crown,a photo of a bird with orange crown.,False,native_source,5527,153,5374,0.027682286954948433,822222,0.7196912755922367,0.0,0.4,0.2
304,305,has_crown_color::black,black crown,a photo of a bird with black crown.,True,native_source,5527,1855,3672,0.33562511308123755,6811560,0.6211630669039104,1.0,1.0,0.8
305,306,has_crown_color::white,white crown,a photo of a bird with white crown.,True,native_source,5527,712,4815,0.12882214582956397,3428280,0.6399363529233318,1.0,1.0,0.8
306,307,has_crown_color::red,red crown,a photo of a bird with red crown.,True,native_source,5527,297,5230,0.05373620408901755,1553310,0.8758174479015779,1.0,1.0,0.8
307,308,has_crown_color::buff,buff crown,a photo of a bird with buff crown.,False,native_source,5527,718,4809,0.12990772571015016,3452862,0.49999739346663724,0.0,0.0,0.0
308,309,has_wing_pattern::solid,solid wing,a photo of a bird with solid wing.,True,native_source,5175,1650,3525,0.3188405797101449,5816250,0.5489634214485278,0.0,0.4,0.4
309,310,has_wing_pattern::spotted,spotted wing,a photo of a bird with spotted wing.,True,native_source,5175,430,4745,0.08309178743961353,2040350,0.7003643982650035,0.0,0.8,0.8
310,311,has_wing_pattern::striped,striped wing,a photo of a bird with striped wing.,True,native_source,5175,1303,3872,0.25178743961352656,5045216,0.5905551912940893,0.0,0.4,0.5
311,312,has_wing_pattern::multi-colored,multi colored wing,a photo of a bird with multi colored wing.,True,native_source,5175,1792,3383,0.346280193236715,6062336,0.5718660265613783,0.0,0.2,0.3
0,1,has_bill_shape::curved_(up_or_down),curved up or down bill,a photo of a bird with curved up or down bill.,False,native_target,5670,119,5551,0.020987654320987655,660569,0.5358970826666102,0.0,0.0,0.0
1,2,has_bill_shape::dagger,dagger bill,a photo of a bird with dagger bill.,True,native_target,5670,786,4884,0.13862433862433862,3838824,0.5622148866423675,0.0,0.2,0.2
2,3,has_bill_shape::hooked,hooked bill,a photo of a bird with hooked bill.,True,native_target,5670,95,5575,0.01675485008818342,529625,0.47679867831012507,0.0,0.0,0.0
3,4,has_bill_shape::needle,needle bill,a photo of a bird with needle bill.,True,native_target,5670,149,5521,0.026278659611992945,822629,0.48039942671605307,0.0,0.0,0.0
4,5,has_bill_shape::hooked_seabird,hooked seabird bill,a photo of a bird with hooked seabird bill.,False,native_target,5670,373,5297,0.06578483245149912,1975781,0.837454404106528,0.0,0.2,0.3
5,6,has_bill_shape::spatulate,spatulate bill,a photo of a bird with spatulate bill.,False,native_target,5670,224,5446,0.03950617283950617,1219904,0.19919436283510833,0.0,0.0,0.0
6,7,has_bill_shape::all-purpose,all purpose bill,a photo of a bird with all purpose bill.,False,native_target,5670,2337,3333,0.4121693121693122,7789221,0.4757447503415297,1.0,0.8,0.4
7,8,has_bill_shape::cone,cone bill,a photo of a bird with cone bill.,True,native_target,5670,1468,4202,0.2589065255731922,6168536,0.5184862340107929,0.0,0.2,0.3
8,9,has_bill_shape::specialized,specialized bill,a photo of a bird with specialized bill.,False,native_target,5670,119,5551,0.020987654320987655,660569,0.44839524712785495,0.0,0.0,0.1
9,10,has_wing_color::blue,blue wing,a photo of a bird with blue wing.,True,native_target,5349,296,5053,0.05533744625163582,1495688,0.9002659645594536,1.0,1.0,0.8
10,11,has_wing_color::brown,brown wing,a photo of a bird with brown wing.,True,native_target,5349,1557,3792,0.29108244531688166,5904144,0.7719510228747808,1.0,0.4,0.6
11,12,has_wing_color::iridescent,iridescent wing,a photo of a bird with iridescent wing.,False,native_target,5349,112,5237,0.020938493176294634,586544,0.6361006164925394,0.0,0.0,0.1
12,13,has_wing_color::purple,purple wing,a photo of a bird with purple wing.,False,native_target,5349,26,5323,0.004860721630211255,138398,0.697036806890273,0.0,0.0,0.0
13,14,has_wing_color::rufous,rufous wing,a photo of a bird with rufous wing.,False,native_target,5349,69,5280,0.012899607403252944,364320,0.783885046113307,0.0,0.0,0.0
14,15,has_wing_color::grey,grey wing,a photo of a bird with grey wing.,True,native_target,5349,1768,3581,0.3305290708543653,6331208,0.6518341365502445,1.0,0.6,0.6
15,16,has_wing_color::yellow,yellow wing,a photo of a bird with yellow wing.,True,native_target,5349,546,4803,0.10207515423443635,2622438,0.8604519916200116,1.0,0.6,0.4
16,17,has_wing_color::olive,olive wing,a photo of a bird with olive wing.,False,native_target,5349,210,5139,0.03925967470555244,1079190,0.7320453302940169,1.0,0.4,0.2
17,18,has_wing_color::green,green wing,a photo of a bird with green wing.,False,native_target,5349,95,5254,0.0177603290334642,499130,0.7685372548233927,0.0,0.0,0.4
18,19,has_wing_color::pink,pink wing,a photo of a bird with pink wing.,False,native_target,5349,25,5324,0.004673770798280052,133100,0.5270323065364387,0.0,0.0,0.0
19,20,has_wing_color::orange,orange wing,a photo of a bird with orange wing.,False,native_target,5349,144,5205,0.0269209197980931,749520,0.7807636887608069,1.0,0.2,0.2
20,21,has_wing_color::black,black wing,a photo of a bird with black wing.,True,native_target,5349,2461,2888,0.46008599738268835,7107368,0.6667506171060792,1.0,1.0,0.9
21,22,has_wing_color::white,white wing,a photo of a bird with white wing.,True,native_target,5349,1510,3839,0.28229575621611513,5796890,0.6147105603176876,1.0,0.8,0.8
22,23,has_wing_color::red,red wing,a photo of a bird with red wing.,True,native_target,5349,122,5227,0.022808001495606654,637694,0.8041960564157731,0.0,0.4,0.3
23,24,has_wing_color::buff,buff wing,a photo of a bird with buff wing.,False,native_target,5349,1058,4291,0.19779398018321181,4539878,0.6551423848834704,0.0,0.2,0.3
24,25,has_upperparts_color::blue,blue upperparts,a photo of a bird with blue upperparts.,False,native_target,5050,301,4749,0.0596039603960396,1429449,0.8984755664595239,1.0,0.8,0.8
25,26,has_upperparts_color::brown,brown upperparts,a photo of a bird with brown upperparts.,False,native_target,5050,1383,3667,0.2738613861386139,5071461,0.7684639593994709,1.0,0.8,0.8
26,27,has_upperparts_color::iridescent,iridescent upperparts,a photo of a bird with iridescent upperparts.,False,native_target,5050,149,4901,0.029504950495049503,730249,0.616964213576465,0.0,0.0,0.0
27,28,has_upperparts_color::purple,purple upperparts,a photo of a bird with purple upperparts.,False,native_target,5050,31,5019,0.006138613861386139,155589,0.6555733374467346,0.0,0.0,0.1
28,29,has_upperparts_color::rufous,rufous upperparts,a photo of a bird with rufous upperparts.,False,native_target,5050,70,4980,0.013861386138613862,348600,0.7118445209409064,0.0,0.0,0.0
29,30,has_upperparts_color::grey,grey upperparts,a photo of a bird with grey upperparts.,False,native_target,5050,1711,3339,0.33881188118811884,5713029,0.665988655054963,1.0,0.6,0.8
30,31,has_upperparts_color::yellow,yellow upperparts,a photo of a bird with yellow upperparts.,False,native_target,5050,543,4507,0.10752475247524752,2447301,0.8851395884690931,0.0,0.0,0.2
31,32,has_upperparts_color::olive,olive upperparts,a photo of a bird with olive upperparts.,False,native_target,5050,223,4827,0.044158415841584156,1076421,0.6858589715362298,1.0,0.2,0.3
32,33,has_upperparts_color::green,green upperparts,a photo of a bird with green upperparts.,False,native_target,5050,108,4942,0.021386138613861388,533736,0.7774049342746226,0.0,0.4,0.4
33,34,has_upperparts_color::pink,pink upperparts,a photo of a bird with pink upperparts.,False,native_target,5050,28,5022,0.005544554455445544,140616,0.571378790464812,1.0,0.4,0.2
34,35,has_upperparts_color::orange,orange upperparts,a photo of a bird with orange upperparts.,False,native_target,5050,149,4901,0.029504950495049503,730249,0.800809039108578,0.0,0.4,0.2
35,36,has_upperparts_color::black,black upperparts,a photo of a bird with black upperparts.,False,native_target,5050,2273,2777,0.4500990099009901,6312121,0.6593145156754758,1.0,0.6,0.8
36,37,has_upperparts_color::white,white upperparts,a photo of a bird with white upperparts.,False,native_target,5050,1349,3701,0.26712871287128714,4992649,0.6167622638803569,0.0,0.4,0.6
37,38,has_upperparts_color::red,red upperparts,a photo of a bird with red upperparts.,False,native_target,5050,126,4924,0.024950495049504952,620424,0.8374490670896032,0.0,0.2,0.3
38,39,has_upperparts_color::buff,buff upperparts,a photo of a bird with buff upperparts.,False,native_target,5050,997,4053,0.19742574257425743,4040841,0.655057202201225,0.0,0.2,0.5
39,40,has_underparts_color::blue,blue underparts,a photo of a bird with blue underparts.,False,native_target,5234,174,5060,0.03324417271685136,880440,0.8817926264140656,1.0,0.4,0.7
40,41,has_underparts_color::brown,brown underparts,a photo of a bird with brown underparts.,False,native_target,5234,593,4641,0.11329766908674055,2752113,0.7264585429450027,0.0,0.4,0.5
41,42,has_underparts_color::iridescent,iridescent underparts,a photo of a bird with iridescent underparts.,False,native_target,5234,92,5142,0.01757737867787543,473064,0.6887123095395127,0.0,0.2,0.2
42,43,has_underparts_color::purple,purple underparts,a photo of a bird with purple underparts.,False,native_target,5234,24,5210,0.0045854031333588076,125040,0.5997200895713372,0.0,0.0,0.1
43,44,has_underparts_color::rufous,rufous underparts,a photo of a bird with rufous underparts.,False,native_target,5234,88,5146,0.016813144822315627,452848,0.7521795392714553,0.0,0.0,0.1
44,45,has_underparts_color::grey,grey underparts,a photo of a bird with grey underparts.,False,native_target,5234,1081,4153,0.2065341994650363,4489393,0.6967174626948454,1.0,1.0,0.7
45,46,has_underparts_color::yellow,yellow underparts,a photo of a bird with yellow underparts.,False,native_target,5234,866,4368,0.16545662972869699,3782688,0.9376752721873969,1.0,0.8,0.8
46,47,has_underparts_color::olive,olive underparts,a photo of a bird with olive underparts.,False,native_target,5234,132,5102,0.025219717233473445,673464,0.7544040958388273,0.0,0.0,0.1
47,48,has_underparts_color::green,green underparts,a photo of a bird with green underparts.,False,native_target,5234,81,5153,0.015475735575085976,417393,0.8526879942883565,0.0,0.0,0.1
48,49,has_underparts_color::pink,pink underparts,a photo of a bird with pink underparts.,False,native_target,5234,24,5210,0.0045854031333588076,125040,0.6125959692898273,1.0,0.4,0.2
49,50,has_underparts_color::orange,orange underparts,a photo of a bird with orange underparts.,False,native_target,5234,189,5045,0.03611004967520061,953505,0.8242180166858066,0.0,0.2,0.1
50,51,has_underparts_color::black,black underparts,a photo of a bird with black underparts.,False,native_target,5234,1024,4210,0.19564386702330913,4311040,0.7299085603473872,1.0,0.8,0.6
51,52,has_underparts_color::white,white underparts,a photo of a bird with white underparts.,False,native_target,5234,2267,2967,0.43312953763851736,6726189,0.7307505037399336,1.0,1.0,1.0
52,53,has_underparts_color::red,red underparts,a photo of a bird with red underparts.,False,native_target,5234,211,5023,0.04031333588077952,1059853,0.8872381358546892,0.0,0.0,0.1
53,54,has_underparts_color::buff,buff underparts,a photo of a bird with buff underparts.,False,native_target,5234,1053,4181,0.20118456247611768,4402593,0.6594378585529028,1.0,0.6,0.7
54,55,has_breast_pattern::solid,solid breast,a photo of a bird with solid breast.,True,native_target,5265,3154,2111,0.5990503323836657,6658094,0.5040554398901548,1.0,0.6,0.6
55,56,has_breast_pattern::spotted,spotted breast,a photo of a bird with spotted breast.,True,native_target,5265,311,4954,0.059069325735992405,1540694,0.7108160348518265,1.0,0.4,0.4
56,57,has_breast_pattern::striped,striped breast,a photo of a bird with striped breast.,True,native_target,5265,682,4583,0.1295346628679962,3125606,0.6916052439111008,1.0,0.8,0.7
57,58,has_breast_pattern::multi-colored,multi colored breast,a photo of a bird with multi colored breast.,True,native_target,5265,1118,4147,0.2123456790123457,4636346,0.5824587940589421,0.0,0.4,0.3
58,59,has_back_color::blue,blue back,a photo of a bird with blue back.,False,native_target,4530,249,4281,0.05496688741721854,1065969,0.910043350228759,1.0,1.0,1.0
59,60,has_back_color::brown,brown back,a photo of a bird with brown back.,True,native_target,4530,1105,3425,0.24392935982339956,3784625,0.7596579581860818,1.0,1.0,0.9
60,61,has_back_color::iridescent,iridescent back,a photo of a bird with iridescent back.,False,native_target,4530,102,4428,0.022516556291390728,451656,0.6550527392528828,0.0,0.0,0.1
61,62,has_back_color::purple,purple back,a photo of a bird with purple back.,False,native_target,4530,17,4513,0.0037527593818984547,76721,0.6950769671928155,0.0,0.0,0.1
62,63,has_back_color::rufous,rufous back,a photo of a bird with rufous back.,False,native_target,4530,57,4473,0.012582781456953643,254961,0.7278838724353921,0.0,0.0,0.0
63,64,has_back_color::grey,grey back,a photo of a bird with grey back.,True,native_target,4530,1427,3103,0.3150110375275938,4427981,0.6736182924000803,0.0,0.6,0.6
64,65,has_back_color::yellow,yellow back,a photo of a bird with yellow back.,True,native_target,4530,422,4108,0.09315673289183223,1733576,0.88810239643373,1.0,0.2,0.3
65,66,has_back_color::olive,olive back,a photo of a bird with olive back.,False,native_target,4530,196,4334,0.04326710816777042,849464,0.7605301696128383,0.0,0.2,0.2
66,67,has_back_color::green,green back,a photo of a bird with green back.,False,native_target,4530,87,4443,0.019205298013245033,386541,0.8193826786809161,0.0,0.4,0.3
67,68,has_back_color::pink,pink back,a photo of a bird with pink back.,False,native_target,4530,20,4510,0.004415011037527594,90200,0.5639135254988914,0.0,0.0,0.0
68,69,has_back_color::orange,orange back,a photo of a bird with orange back.,False,native_target,4530,94,4436,0.02075055187637969,416984,0.7464746848799954,0.0,0.2,0.2
69,70,has_back_color::black,black back,a photo of a bird with black back.,True,native_target,4530,1663,2867,0.36710816777041944,4767821,0.6790918744642469,1.0,1.0,0.8
70,71,has_back_color::white,white back,a photo of a bird with white back.,True,native_target,4530,893,3637,0.19713024282560707,3247841,0.6411017349679372,0.0,0.8,0.7
71,72,has_back_color::red,red back,a photo of a bird with red back.,False,native_target,4530,103,4427,0.022737306843267108,455981,0.8328702292420079,0.0,0.0,0.0
72,73,has_back_color::buff,buff back,a photo of a bird with buff back.,False,native_target,4530,841,3689,0.1856512141280353,3102449,0.6329813963098184,0.0,0.4,0.3
73,74,has_tail_shape::forked_tail,forked tail,a photo of a bird with forked tail.,True,native_target,4586,198,4388,0.043174880069777585,868824,0.5150916641345082,0.0,0.4,0.2
74,75,has_tail_shape::rounded_tail,rounded tail,a photo of a bird with rounded tail.,True,native_target,4586,652,3934,0.14217182730047973,2564968,0.5355337766397086,0.0,0.0,0.1
75,76,has_tail_shape::notched_tail,notched tail,a photo of a bird with notched tail.,True,native_target,4586,1715,2871,0.373964238988225,4923765,0.5467123227855106,1.0,0.2,0.3
76,77,has_tail_shape::fan-shaped_tail,fan shaped tail,a photo of a bird with fan shaped tail.,True,native_target,4586,436,4150,0.09507195813344962,1809400,0.4610290704100807,0.0,0.0,0.0
77,78,has_tail_shape::pointed_tail,pointed tail,a photo of a bird with pointed tail.,True,native_target,4586,1048,3538,0.2285215874400349,3707824,0.48584911257923785,0.0,0.0,0.1
78,79,has_tail_shape::squared_tail,squared tail,a photo of a bird with squared tail.,True,native_target,4586,537,4049,0.11709550806803315,2174313,0.4821430953133243,0.0,0.0,0.1
79,80,has_upper_tail_color::blue,blue upper tail,a photo of a bird with blue upper tail.,False,native_target,3855,214,3641,0.05551232166018158,779174,0.9057591757425171,0.0,0.8,0.9
80,81,has_upper_tail_color::brown,brown upper tail,a photo of a bird with brown upper tail.,False,native_target,3855,828,3027,0.21478599221789882,2506356,0.7748147110785539,0.0,0.2,0.5
81,82,has_upper_tail_color::iridescent,iridescent upper tail,a photo of a bird with iridescent upper tail.,False,native_target,3855,63,3792,0.01634241245136187,238896,0.6339913602571831,0.0,0.0,0.1
82,83,has_upper_tail_color::purple,purple upper tail,a photo of a bird with purple upper tail.,False,native_target,3855,16,3839,0.004150453955901427,61424,0.5925045584787705,0.0,0.0,0.0
83,84,has_upper_tail_color::rufous,rufous upper tail,a photo of a bird with rufous upper tail.,False,native_target,3855,40,3815,0.010376134889753566,152600,0.7352817824377458,0.0,0.0,0.1
84,85,has_upper_tail_color::grey,grey upper tail,a photo of a bird with grey upper tail.,False,native_target,3855,1070,2785,0.2775616083009079,2979950,0.6491028372959278,1.0,0.6,0.6
85,86,has_upper_tail_color::yellow,yellow upper tail,a photo of a bird with yellow upper tail.,False,native_target,3855,258,3597,0.0669260700389105,928026,0.875014277617222,0.0,0.2,0.2
86,87,has_upper_tail_color::olive,olive upper tail,a photo of a bird with olive upper tail.,False,native_target,3855,131,3724,0.03398184176394293,487844,0.7532571887734604,0.0,0.2,0.2
87,88,has_upper_tail_color::green,green upper tail,a photo of a bird with green upper tail.,False,native_target,3855,46,3809,0.011932555123216601,175214,0.8148663919549808,0.0,0.4,0.2
88,89,has_upper_tail_color::pink,pink upper tail,a photo of a bird with pink upper tail.,False,native_target,3855,29,3826,0.007522697795071336,110954,0.49653009355228295,0.0,0.0,0.0
89,90,has_upper_tail_color::orange,orange upper tail,a photo of a bird with orange upper tail.,False,native_target,3855,87,3768,0.022568093385214007,327816,0.7060729189545355,0.0,0.0,0.1
90,91,has_upper_tail_color::black,black upper tail,a photo of a bird with black upper tail.,False,native_target,3855,1480,2375,0.383916990920882,3515000,0.6896588904694168,1.0,0.4,0.6
91,92,has_upper_tail_color::white,white upper tail,a photo of a bird with white upper tail.,False,native_target,3855,730,3125,0.1893644617380026,2281250,0.6556105205479452,0.0,0.4,0.3
92,93,has_upper_tail_color::red,red upper tail,a photo of a bird with red upper tail.,False,native_target,3855,83,3772,0.02153047989623865,313076,0.8380680729279791,0.0,0.2,0.2
93,94,has_upper_tail_color::buff,buff upper tail,a photo of a bird with buff upper tail.,False,native_target,3855,631,3224,0.16368352788586252,2034344,0.6378621314782554,0.0,0.0,0.2
94,95,has_head_pattern::spotted,spotted head,a photo of a bird with spotted head.,False,native_target,5592,159,5433,0.028433476394849784,863847,0.6482895697965033,0.0,0.0,0.0
95,96,has_head_pattern::malar,malar head,a photo of a bird with malar head.,False,native_target,5592,558,5034,0.09978540772532189,2808972,0.5265057821865081,0.0,0.0,0.0
96,97,has_head_pattern::crested,crested head,a photo of a bird with crested head.,True,native_target,5592,227,5365,0.040593705293276106,1217855,0.5367141408459957,0.0,0.4,0.3
97,98,has_head_pattern::masked,masked head,a photo of a bird with masked head.,True,native_target,5592,252,5340,0.045064377682403435,1345680,0.46276529338327094,0.0,0.0,0.0
98,99,has_head_pattern::unique_pattern,unique pattern head,a photo of a bird with unique pattern head.,False,native_target,5592,185,5407,0.0330829756795422,1000295,0.47529078921718093,0.0,0.0,0.0
99,100,has_head_pattern::eyebrow,eyebrow head,a photo of a bird with eyebrow head.,False,native_target,5592,708,4884,0.12660944206008584,3457872,0.5438826249207606,0.0,0.2,0.2
100,101,has_head_pattern::eyering,eyering head,a photo of a bird with eyering head.,True,native_target,5592,926,4666,0.1655937052932761,4320716,0.5389002656041267,1.0,0.6,0.3
101,102,has_head_pattern::plain,plain head,a photo of a bird with plain head.,True,native_target,5592,1537,4055,0.2748569384835479,6232535,0.5244230477646736,1.0,0.2,0.4
102,103,has_head_pattern::eyeline,eyeline head,a photo of a bird with eyeline head.,True,native_target,5592,670,4922,0.1198140200286123,3297740,0.518805151406721,0.0,0.0,0.1
103,104,has_head_pattern::striped,striped head,a photo of a bird with striped head.,True,native_target,5592,392,5200,0.07010014306151645,2038400,0.6948749018838305,0.0,0.2,0.2
104,105,has_head_pattern::capped,capped head,a photo of a bird with capped head.,True,native_target,5592,668,4924,0.11945636623748211,3289232,0.4802216748468944,1.0,0.2,0.1
105,106,has_breast_color::blue,blue breast,a photo of a bird with blue breast.,False,native_target,5317,178,5139,0.033477524920067704,914742,0.8995957330044975,1.0,0.8,0.9
106,107,has_breast_color::brown,brown breast,a photo of a bird with brown breast.,True,native_target,5317,639,4678,0.12018055294338913,2989242,0.6931610087105694,1.0,0.4,0.4
107,108,has_breast_color::iridescent,iridescent breast,a photo of a bird with iridescent breast.,False,native_target,5317,90,5227,0.016926838442730862,470430,0.6894203175817869,1.0,0.4,0.4
108,109,has_breast_color::purple,purple breast,a photo of a bird with purple breast.,False,native_target,5317,17,5300,0.003197291705849163,90100,0.6870921198668146,0.0,0.0,0.0
109,110,has_breast_color::rufous,rufous breast,a photo of a bird with rufous breast.,False,native_target,5317,77,5240,0.014481850667669738,403480,0.7144889461683355,0.0,0.0,0.0
110,111,has_breast_color::grey,grey breast,a photo of a bird with grey breast.,True,native_target,5317,1084,4233,0.2038743652435584,4588572,0.6748747758561923,1.0,0.6,0.5
111,112,has_breast_color::yellow,yellow breast,a photo of a bird with yellow breast.,True,native_target,5317,794,4523,0.14933233026142562,3591262,0.9424884622731508,1.0,1.0,1.0
112,113,has_breast_color::olive,olive breast,a photo of a bird with olive breast.,False,native_target,5317,104,5213,0.019559902200488997,542152,0.7290907347017073,0.0,0.0,0.0
113,114,has_breast_color::green,green breast,a photo of a bird with green breast.,False,native_target,5317,63,5254,0.011848786909911604,331002,0.810267007450106,0.0,0.0,0.1
114,115,has_breast_color::pink,pink breast,a photo of a bird with pink breast.,False,native_target,5317,25,5292,0.0047018995674252394,132300,0.6068783068783069,0.0,0.2,0.1
115,116,has_breast_color::orange,orange breast,a photo of a bird with orange breast.,True,native_target,5317,170,5147,0.03197291705849163,874990,0.8123967131052926,0.0,0.0,0.0
116,117,has_breast_color::black,black breast,a photo of a bird with black breast.,True,native_target,5317,1176,4141,0.22117735565168328,4869816,0.653510317432938,1.0,0.6,0.3
117,118,has_breast_color::white,white breast,a photo of a bird with white breast.,True,native_target,5317,2080,3237,0.39119804400978,6732960,0.6621517876238683,1.0,0.8,0.8
118,119,has_breast_color::red,red breast,a photo of a bird with red breast.,True,native_target,5317,233,5084,0.043821703968403236,1184572,0.8748113242588884,0.0,0.0,0.0
119,120,has_breast_color::buff,buff breast,a photo of a bird with buff breast.,False,native_target,5317,996,4321,0.18732367876622155,4303716,0.675155144995627,1.0,0.4,0.7
120,121,has_throat_color::blue,blue throat,a photo of a bird with blue throat.,False,native_target,5522,182,5340,0.03295907279971025,971880,0.8538255751738898,1.0,0.4,0.4
121,122,has_throat_color::brown,brown throat,a photo of a bird with brown throat.,True,native_target,5522,476,5046,0.08620065193770374,2401896,0.6552061371516502,0.0,0.2,0.2
122,123,has_throat_color::iridescent,iridescent throat,a photo of a bird with iridescent throat.,False,native_target,5522,88,5434,0.01593625498007968,478192,0.6660316358282865,0.0,0.0,0.1
123,124,has_throat_color::purple,purple throat,a photo of a bird with purple throat.,False,native_target,5522,28,5494,0.0050706265845708075,153832,0.732090852358417,0.0,0.0,0.2
124,125,has_throat_color::rufous,rufous throat,a photo of a bird with rufous throat.,False,native_target,5522,74,5448,0.013400941687794278,403152,0.6658679604714847,0.0,0.0,0.1
125,126,has_throat_color::grey,grey throat,a photo of a bird with grey throat.,True,native_target,5522,992,4530,0.17964505613908005,4493760,0.6408646656697287,0.0,0.6,0.4
126,127,has_throat_color::yellow,yellow throat,a photo of a bird with yellow throat.,True,native_target,5522,653,4869,0.11825425570445491,3179457,0.933610361769321,1.0,1.0,1.0
127,128,has_throat_color::olive,olive throat,a photo of a bird with olive throat.,False,native_target,5522,88,5434,0.01593625498007968,478192,0.7042673235855054,1.0,0.4,0.2
128,129,has_throat_color::green,green throat,a photo of a bird with green throat.,False,native_target,5522,60,5462,0.010865628395508874,327720,0.8275250213596973,1.0,0.2,0.3
129,130,has_throat_color::pink,pink throat,a photo of a bird with pink throat.,False,native_target,5522,26,5496,0.004708438971387179,142896,0.6654699921621319,0.0,0.4,0.5
130,131,has_throat_color::orange,orange throat,a photo of a bird with orange throat.,True,native_target,5522,136,5386,0.02462875769648678,732496,0.7560368930342282,0.0,0.0,0.1
131,132,has_throat_color::black,black throat,a photo of a bird with black throat.,True,native_target,5522,1259,4263,0.22799710249909452,5367117,0.6484840930428757,0.0,0.4,0.3
132,133,has_throat_color::white,white throat,a photo of a bird with white throat.,True,native_target,5522,2016,3506,0.36508511408909816,7068096,0.6072971419743025,1.0,0.8,0.8
133,134,has_throat_color::red,red throat,a photo of a bird with red throat.,True,native_target,5522,218,5304,0.039478449837015574,1156272,0.877236497986633,0.0,0.4,0.2
134,135,has_throat_color::buff,buff throat,a photo of a bird with buff throat.,False,native_target,5522,796,4726,0.1441506700470844,3761896,0.6512790358904127,0.0,0.4,0.4
135,136,has_eye_color::blue,blue eye,a photo of a bird with blue eye.,False,native_target,5527,56,5471,0.010132078885471322,306376,0.6507624618116301,0.0,0.2,0.3
136,137,has_eye_color::brown,brown eye,a photo of a bird with brown eye.,False,native_target,5527,200,5327,0.03618599601954044,1065400,0.5950628871785245,0.0,0.0,0.0
137,138,has_eye_color::purple,purple eye,a photo of a bird with purple eye.,False,native_target,5527,10,5517,0.0018092998009770218,55170,0.5774152619177089,0.0,0.0,0.0
138,139,has_eye_color::rufous,rufous eye,a photo of a bird with rufous eye.,False,native_target,5527,67,5460,0.012122308666546046,365820,0.47719096823574436,0.0,0.0,0.0
139,140,has_eye_color::grey,grey eye,a photo of a bird with grey eye.,False,native_target,5527,101,5426,0.018273927989867923,548026,0.49341819548707544,0.0,0.0,0.0
140,141,has_eye_color::yellow,yellow eye,a photo of a bird with yellow eye.,False,native_target,5527,126,5401,0.022797177492310475,680526,0.5152411516973635,0.0,0.0,0.0
141,142,has_eye_color::olive,olive eye,a photo of a bird with olive eye.,False,native_target,5527,17,5510,0.003075809661660937,93670,0.45630404611935516,0.0,0.0,0.0
142,143,has_eye_color::green,green eye,a photo of a bird with green eye.,False,native_target,5527,3,5524,0.0005427899402931065,16572,0.47465604634322955,0.0,0.0,0.0
143,144,has_eye_color::pink,pink eye,a photo of a bird with pink eye.,False,native_target,5527,23,5504,0.0041613895422471505,126592,0.3670887575834176,0.0,0.0,0.0
144,145,has_eye_color::orange,orange eye,a photo of a bird with orange eye.,False,native_target,5527,69,5458,0.01248416862674145,376602,0.48626666879092517,0.0,0.0,0.0
145,146,has_eye_color::black,black eye,a photo of a bird with black eye.,False,native_target,5527,4877,650,0.8823955129364935,3170050,0.5670457879213262,1.0,1.0,0.6
146,147,has_eye_color::white,white eye,a photo of a bird with white eye.,False,native_target,5527,162,5365,0.029310656775827754,869130,0.44610012311161734,0.0,0.2,0.1
147,148,has_eye_color::red,red eye,a photo of a bird with red eye.,False,native_target,5527,132,5395,0.02388275737289669,712140,0.4854705535428427,0.0,0.0,0.0
148,149,has_eye_color::buff,buff eye,a photo of a bird with buff eye.,False,native_target,5527,89,5438,0.016102768228695497,483982,0.47862420503241854,0.0,0.0,0.0
149,150,has_bill_length::about_the_same_as_head,bill about the same length as head,a photo of a bird with bill about the same length as head.,True,native_target,5667,2119,3548,0.37391918122463386,7518212,0.490431102501499,0.0,0.6,0.5
150,151,has_bill_length::longer_than_head,bill longer than head,a photo of a bird with bill longer than head.,True,native_target,5667,348,5319,0.0614081524616199,1851012,0.4215783041925174,0.0,0.0,0.0
151,152,has_bill_length::shorter_than_head,bill shorter than head,a photo of a bird with bill shorter than head.,True,native_target,5667,3247,2420,0.5729662961002294,7857740,0.5918925798002989,1.0,0.8,0.9
152,153,has_forehead_color::blue,blue forehead,a photo of a bird with blue forehead.,False,native_target,5515,303,5212,0.05494106980961015,1579236,0.8788851064692041,1.0,0.6,0.6
153,154,has_forehead_color::brown,brown forehead,a photo of a bird with brown forehead.,False,native_target,5515,998,4517,0.18096101541251133,4507966,0.6893184198816051,1.0,0.8,0.6
154,155,has_forehead_color::iridescent,iridescent forehead,a photo of a bird with iridescent forehead.,False,native_target,5515,124,5391,0.022484134179510427,668484,0.6659441362844885,0.0,0.0,0.1
155,156,has_forehead_color::purple,purple forehead,a photo of a bird with purple forehead.,False,native_target,5515,32,5483,0.005802357207615594,175456,0.7154215301842057,0.0,0.0,0.1
156,157,has_forehead_color::rufous,rufous forehead,a photo of a bird with rufous forehead.,False,native_target,5515,88,5427,0.015956482320942884,477576,0.6608958574132704,0.0,0.0,0.0
157,158,has_forehead_color::grey,grey forehead,a photo of a bird with grey forehead.,False,native_target,5515,1181,4334,0.21414324569356302,5118454,0.6738057038316648,1.0,1.0,1.0
158,159,has_forehead_color::yellow,yellow forehead,a photo of a bird with yellow forehead.,False,native_target,5515,483,5032,0.08757932910244787,2430456,0.882630666837828,1.0,0.6,0.6
159,160,has_forehead_color::olive,olive forehead,a photo of a bird with olive forehead.,False,native_target,5515,128,5387,0.023209428830462377,689536,0.6753244210599592,1.0,0.2,0.2
160,161,has_forehead_color::green,green forehead,a photo of a bird with green forehead.,False,native_target,5515,53,5462,0.009610154125113327,289486,0.8126990597127323,0.0,0.2,0.1
161,162,has_forehead_color::pink,pink forehead,a photo of a bird with pink forehead.,False,native_target,5515,24,5491,0.004351767905711695,131784,0.6808489649729861,0.0,0.6,0.3
162,163,has_forehead_color::orange,orange forehead,a photo of a bird with orange forehead.,False,native_target,5515,159,5356,0.028830462375339982,851604,0.7380895345724069,0.0,0.6,0.4
163,164,has_forehead_color::black,black forehead,a photo of a bird with black forehead.,False,native_target,5515,1864,3651,0.3379873073436083,6805464,0.5657979382449162,1.0,0.8,0.8
164,165,has_forehead_color::white,white forehead,a photo of a bird with white forehead.,False,native_target,5515,807,4708,0.14632819582955575,3799356,0.6187626271399679,0.0,0.0,0.2
165,166,has_forehead_color::red,red forehead,a photo of a bird with red forehead.,False,native_target,5515,254,5261,0.04605621033544877,1336294,0.8866177652522573,0.0,0.0,0.3
166,167,has_forehead_color::buff,buff forehead,a photo of a bird with buff forehead.,False,native_target,5515,708,4807,0.12837715321849502,3403356,0.6055436163598519,0.0,0.2,0.3
167,168,has_under_tail_color::blue,blue under tail,a photo of a bird with blue under tail.,False,native_target,4343,203,4140,0.04674188349067465,840420,0.9120594464672426,0.0,0.8,0.8
168,169,has_under_tail_color::brown,brown under tail,a photo of a bird with brown under tail.,False,native_target,4343,891,3452,0.20515772507483307,3075732,0.7374293338951509,0.0,0.6,0.7
169,170,has_under_tail_color::iridescent,iridescent under tail,a photo of a bird with iridescent under tail.,False,native_target,4343,65,4278,0.014966612940363803,278070,0.6256949688927248,0.0,0.0,0.1
170,171,has_under_tail_color::purple,purple under tail,a photo of a bird with purple under tail.,False,native_target,4343,18,4325,0.004144600506562284,77850,0.5978805394990366,0.0,0.0,0.0
171,172,has_under_tail_color::rufous,rufous under tail,a photo of a bird with rufous under tail.,False,native_target,4343,52,4291,0.011973290352291043,223132,0.6788582543068676,0.0,0.0,0.1
172,173,has_under_tail_color::grey,grey under tail,a photo of a bird with grey under tail.,False,native_target,4343,1213,3130,0.2793000230255584,3796690,0.6209095290898125,1.0,0.6,0.6
173,174,has_under_tail_color::yellow,yellow under tail,a photo of a bird with yellow under tail.,False,native_target,4343,383,3960,0.08818788855629749,1516680,0.8478044149062426,0.0,0.2,0.2
174,175,has_under_tail_color::olive,olive under tail,a photo of a bird with olive under tail.,False,native_target,4343,125,4218,0.028781947962238083,527250,0.6911408250355618,0.0,0.0,0.1
175,176,has_under_tail_color::green,green under tail,a photo of a bird with green under tail.,False,native_target,4343,56,4287,0.012894312687082661,240072,0.7941534206404746,0.0,0.0,0.1
176,177,has_under_tail_color::pink,pink under tail,a photo of a bird with pink under tail.,False,native_target,4343,23,4320,0.0052958784250518075,99360,0.4484299516908213,0.0,0.0,0.0
177,178,has_under_tail_color::orange,orange under tail,a photo of a bird with orange under tail.,False,native_target,4343,109,4234,0.02509785862307161,461506,0.7598037728653582,0.0,0.4,0.3
178,179,has_under_tail_color::black,black under tail,a photo of a bird with black under tail.,False,native_target,4343,1808,2535,0.41630209532581164,4583280,0.6757988820233545,1.0,0.8,0.7
179,180,has_under_tail_color::white,white under tail,a photo of a bird with white under tail.,False,native_target,4343,1034,3309,0.23808427354363343,3421506,0.667895219239715,1.0,0.8,0.8
180,181,has_under_tail_color::red,red under tail,a photo of a bird with red under tail.,False,native_target,4343,83,4260,0.01911121344692609,353580,0.7916709089880649,0.0,0.2,0.1
181,182,has_under_tail_color::buff,buff under tail,a photo of a bird with buff under tail.,False,native_target,4343,694,3649,0.15979737508634584,2532406,0.5999351999639868,0.0,0.2,0.2
182,183,has_nape_color::blue,blue nape,a photo of a bird with blue nape.,False,native_target,5367,289,5078,0.053847587106390905,1467542,0.8961855946882611,1.0,1.0,0.8
183,184,has_nape_color::brown,brown nape,a photo of a bird with brown nape.,False,native_target,5367,1012,4355,0.18855971678777717,4407260,0.7664193852870037,1.0,0.8,0.9
184,185,has_nape_color::iridescent,iridescent nape,a photo of a bird with iridescent nape.,False,native_target,5367,119,5248,0.02217253586733743,624512,0.6341319302111088,0.0,0.2,0.1
185,186,has_nape_color::purple,purple nape,a photo of a bird with purple nape.,False,native_target,5367,34,5333,0.006335010247810695,181322,0.7532621524139377,0.0,0.4,0.3
186,187,has_nape_color::rufous,rufous nape,a photo of a bird with rufous nape.,False,native_target,5367,80,5287,0.014905906465436929,422960,0.6951957631927369,0.0,0.2,0.2
187,188,has_nape_color::grey,grey nape,a photo of a bird with grey nape.,False,native_target,5367,1427,3940,0.2658841065772312,5622380,0.6989932199531159,1.0,0.8,0.9
188,189,has_nape_color::yellow,yellow nape,a photo of a bird with yellow nape.,False,native_target,5367,464,4903,0.08645425749953418,2274992,0.9091082518092372,1.0,0.6,0.4
189,190,has_nape_color::olive,olive nape,a photo of a bird with olive nape.,False,native_target,5367,183,5184,0.03409726103968697,948672,0.7246930445928624,0.0,0.2,0.2
190,191,has_nape_color::green,green nape,a photo of a bird with green nape.,False,native_target,5367,80,5287,0.014905906465436929,422960,0.840687062606393,0.0,0.2,0.3
191,192,has_nape_color::pink,pink nape,a photo of a bird with pink nape.,False,native_target,5367,33,5334,0.006148686416992733,176022,0.6432320959880015,1.0,0.4,0.3
192,193,has_nape_color::orange,orange nape,a photo of a bird with orange nape.,False,native_target,5367,126,5241,0.023476802683063163,660366,0.7691492293667451,0.0,0.0,0.1
193,194,has_nape_color::black,black nape,a photo of a bird with black nape.,False,native_target,5367,1507,3860,0.28079001304266815,5817020,0.6883385307253542,1.0,1.0,0.8
194,195,has_nape_color::white,white nape,a photo of a bird with white nape.,False,native_target,5367,1274,4093,0.2373765604620831,5214482,0.6811610434171601,1.0,0.6,0.6
195,196,has_nape_color::red,red nape,a photo of a bird with red nape.,False,native_target,5367,199,5168,0.03707844233277436,1028432,0.8856764472517386,0.0,0.4,0.5
196,197,has_nape_color::buff,buff nape,a photo of a bird with buff nape.,False,native_target,5367,889,4478,0.1656418855971679,3980942,0.6242562689936201,0.0,0.4,0.4
197,198,has_belly_color::blue,blue belly,a photo of a bird with blue belly.,False,native_target,5144,144,5000,0.027993779160186624,720000,0.8910486111111111,0.0,0.6,0.6
198,199,has_belly_color::brown,brown belly,a photo of a bird with brown belly.,True,native_target,5144,513,4631,0.09972783825816485,2375703,0.7053676322334904,1.0,0.4,0.4
199,200,has_belly_color::iridescent,iridescent belly,a photo of a bird with iridescent belly.,False,native_target,5144,81,5063,0.015746500777604977,410103,0.6802949502929752,0.0,0.6,0.3
200,201,has_belly_color::purple,purple belly,a photo of a bird with purple belly.,False,native_target,5144,19,5125,0.0036936236391912907,97375,0.7222695763799744,0.0,0.2,0.1
201,202,has_belly_color::rufous,rufous belly,a photo of a bird with rufous belly.,False,native_target,5144,79,5065,0.015357698289269051,400135,0.7380234170967298,0.0,0.0,0.0
202,203,has_belly_color::grey,grey belly,a photo of a bird with grey belly.,True,native_target,5144,996,4148,0.19362363919129083,4131408,0.6767230445407474,1.0,0.6,0.6
203,204,has_belly_color::yellow,yellow belly,a photo of a bird with yellow belly.,True,native_target,5144,844,4300,0.1640746500777605,3629200,0.9326977019728866,1.0,1.0,1.0
204,205,has_belly_color::olive,olive belly,a photo of a bird with olive belly.,False,native_target,5144,117,5027,0.022744945567651633,588159,0.7396639344122933,0.0,0.0,0.0
205,206,has_belly_color::green,green belly,a photo of a bird with green belly.,False,native_target,5144,68,5076,0.013219284603421462,345168,0.8422275529597182,0.0,0.0,0.0
206,207,has_belly_color::pink,pink belly,a photo of a bird with pink belly.,False,native_target,5144,31,5113,0.0060264385692068425,158503,0.5366901572840893,0.0,0.0,0.1
207,208,has_belly_color::orange,orange belly,a photo of a bird with orange belly.,True,native_target,5144,165,4979,0.03207620528771384,821535,0.824446919486084,0.0,0.2,0.2
208,209,has_belly_color::black,black belly,a photo of a bird with black belly.,True,native_target,5144,852,4292,0.1656298600311042,3656784,0.6773414836643346,1.0,0.4,0.3
209,210,has_belly_color::white,white belly,a photo of a bird with white belly.,True,native_target,5144,2167,2977,0.4212674961119751,6451159,0.7191854982957326,1.0,1.0,0.8
210,211,has_belly_color::red,red belly,a photo of a bird with red belly.,True,native_target,5144,200,4944,0.038880248833592534,988800,0.8602002427184466,0.0,0.2,0.1
211,212,has_belly_color::buff,buff belly,a photo of a bird with buff belly.,False,native_target,5144,948,4196,0.18429237947122862,3977808,0.6583647325361104,1.0,0.6,0.6
212,213,has_wing_shape::rounded-wings,rounded wings,a photo of a bird with rounded wings.,True,native_target,3830,1653,2177,0.4315926892950392,3598581,0.5228912451880339,0.0,0.6,0.5
213,214,has_wing_shape::pointed-wings,pointed wings,a photo of a bird with pointed wings.,True,native_target,3830,1163,2667,0.30365535248041775,3101721,0.49092052444433265,0.0,0.2,0.1
214,215,has_wing_shape::broad-wings,broad wings,a photo of a bird with broad wings.,True,native_target,3830,335,3495,0.08746736292428199,1170825,0.4656037409518929,0.0,0.0,0.1
215,216,has_wing_shape::tapered-wings,tapered wings,a photo of a bird with tapered wings.,True,native_target,3830,470,3360,0.1227154046997389,1579200,0.5433260511651469,0.0,0.4,0.2
216,217,has_wing_shape::long-wings,long wings,a photo of a bird with long wings.,True,native_target,3830,379,3451,0.0989556135770235,1307929,0.49012140567263207,0.0,0.0,0.1
217,218,has_size::large_(16_-_32_in),large bird,a photo of a bird with large bird.,True,native_target,5794,208,5586,0.03589920607525026,1161888,0.42938734198132694,0.0,0.0,0.0
218,219,has_size::small_(5_-_9_in),small bird,a photo of a bird with small bird.,True,native_target,5794,2958,2836,0.5105281325509148,8388888,0.639039584269095,1.0,0.6,0.6
219,220,has_size::very_large_(32_-_72_in),very bird,a photo of a bird with very bird.,False,native_target,5794,96,5698,0.016568864342423197,547008,0.21754526442026442,0.0,0.0,0.0
220,221,has_size::medium_(9_-_16_in),medium bird,a photo of a bird with medium bird.,True,native_target,5794,1148,4646,0.1981360027614774,5333608,0.3272458343395315,0.0,0.0,0.0
221,222,has_size::very_small_(3_-_5_in),very bird,a photo of a bird with very bird.,False,native_target,5794,1384,4410,0.2388677942699344,6103440,0.5651453934174826,0.0,0.2,0.2
222,223,has_shape::upright-perching_water-like,upright perching water like body shape,a photo of a bird with upright perching water like body shape.,False,native_target,5794,125,5669,0.021574042112530202,708625,0.5852672428999823,0.0,0.0,0.0
223,224,has_shape::chicken-like-marsh,chicken like marsh body shape,a photo of a bird with chicken like marsh body shape.,False,native_target,5794,95,5699,0.016396272005522954,541405,0.5665407596900657,1.0,0.2,0.2
224,225,has_shape::long-legged-like,long legged like body shape,a photo of a bird with long legged like body shape.,False,native_target,5794,64,5730,0.011045909561615464,366720,0.429840205061082,0.0,0.0,0.0
225,226,has_shape::duck-like,duck like body shape,a photo of a bird with duck like body shape.,False,native_target,5794,354,5440,0.06109768726268554,1925760,0.8116977193419741,0.0,0.6,0.6
226,227,has_shape::owl-like,owl like body shape,a photo of a bird with owl like body shape.,False,native_target,5794,26,5768,0.0044874007594062825,149968,0.6430038408193748,0.0,0.2,0.1
227,228,has_shape::gull-like,gull like body shape,a photo of a bird with gull like body shape.,False,native_target,5794,404,5390,0.06972730410769762,2177560,0.8214143353110821,1.0,0.8,0.6
228,229,has_shape::hummingbird-like,hummingbird like body shape,a photo of a bird with hummingbird like body shape.,False,native_target,5794,320,5474,0.055229547808077324,1751680,0.6969931722689076,1.0,0.6,0.6
229,230,has_shape::pigeon-like,pigeon like body shape,a photo of a bird with pigeon like body shape.,False,native_target,5794,370,5424,0.0638591646530894,2006880,0.6020155664514072,0.0,0.0,0.0
230,231,has_shape::tree-clinging-like,tree clinging like body shape,a photo of a bird with tree clinging like body shape.,False,native_target,5794,365,5429,0.0629962029685882,1981585,0.5968176989632037,0.0,0.0,0.0
231,232,has_shape::hawk-like,hawk like body shape,a photo of a bird with hawk like body shape.,False,native_target,5794,189,5605,0.03261995167414567,1059345,0.6341286360911695,0.0,0.0,0.0
232,233,has_shape::sandpiper-like,sandpiper like body shape,a photo of a bird with sandpiper like body shape.,False,native_target,5794,312,5482,0.05384880911287539,1710384,0.6110879194379741,1.0,0.4,0.2
233,234,has_shape::upland-ground-like,upland ground like body shape,a photo of a bird with upland ground like body shape.,False,native_target,5794,132,5662,0.022782188470831896,747384,0.5494123502777689,0.0,0.0,0.0
234,235,has_shape::swallow-like,swallow like body shape,a photo of a bird with swallow like body shape.,False,native_target,5794,211,5583,0.03641698308595098,1178013,0.5554081321683207,0.0,0.0,0.0
235,236,has_shape::perching-like,perching like body shape,a photo of a bird with perching like body shape.,False,native_target,5794,2827,2967,0.4879185364169831,8387709,0.5726605441366648,1.0,0.6,0.6
236,237,has_back_pattern::solid,solid back,a photo of a bird with solid back.,True,native_target,4520,2115,2405,0.46792035398230086,5086575,0.5419934828445466,1.0,1.0,0.7
237,238,has_back_pattern::spotted,spotted back,a photo of a bird with spotted back.,True,native_target,4520,356,4164,0.07876106194690266,1482384,0.7247555289317748,1.0,0.6,0.5
238,239,has_back_pattern::striped,striped back,a photo of a bird with striped back.,True,native_target,4520,898,3622,0.1986725663716814,3252556,0.6674964243505723,0.0,0.2,0.2
239,240,has_back_pattern::multi-colored,multi colored back,a photo of a bird with multi colored back.,True,native_target,4520,1151,3369,0.25464601769911505,3877719,0.5461046816440284,0.0,0.4,0.2
240,241,has_tail_pattern::solid,solid tail,a photo of a bird with solid tail.,True,native_target,4405,2077,2328,0.47150964812712826,4835256,0.5155235834462539,0.0,0.6,0.6
241,242,has_tail_pattern::spotted,spotted tail,a photo of a bird with spotted tail.,True,native_target,4405,263,4142,0.05970488081725312,1089346,0.653774833707564,1.0,0.6,0.5
242,243,has_tail_pattern::striped,striped tail,a photo of a bird with striped tail.,True,native_target,4405,708,3697,0.16072644721906923,2617476,0.5885685293771558,0.0,0.2,0.2
243,244,has_tail_pattern::multi-colored,multi colored tail,a photo of a bird with multi colored tail.,True,native_target,4405,1357,3048,0.3080590238365494,4136136,0.5340484452155345,0.0,0.0,0.2
244,245,has_belly_pattern::solid,solid belly,a photo of a bird with solid belly.,True,native_target,5105,3321,1784,0.6505386875612145,5924664,0.5350851119996003,1.0,0.6,0.6
245,246,has_belly_pattern::spotted,spotted belly,a photo of a bird with spotted belly.,True,native_target,5105,298,4807,0.0583741429970617,1432486,0.7129382067259296,1.0,0.4,0.3
246,247,has_belly_pattern::striped,striped belly,a photo of a bird with striped belly.,True,native_target,5105,566,4539,0.110871694417238,2569074,0.663654297229274,1.0,0.8,0.6
247,248,has_belly_pattern::multi-colored,multi colored belly,a photo of a bird with multi colored belly.,True,native_target,5105,920,4185,0.1802154750244858,3850200,0.5638501896005402,0.0,0.4,0.3
248,249,has_primary_color::blue,blue primary,a photo of a bird with blue primary.,False,native_target,5794,367,5427,0.06334138764238868,1991709,0.8982271004448943,1.0,1.0,1.0
249,250,has_primary_color::brown,brown primary,a photo of a bird with brown primary.,False,native_target,5794,1437,4357,0.2480151881256472,6261009,0.7718938752523754,0.0,0.6,0.8
250,251,has_primary_color::iridescent,iridescent primary,a photo of a bird with iridescent primary.,False,native_target,5794,110,5684,0.018985157059026578,625240,0.6939207344379759,0.0,0.0,0.0
251,252,has_primary_color::purple,purple primary,a photo of a bird with purple primary.,False,native_target,5794,44,5750,0.0075940628236106315,253000,0.6363517786561265,0.0,0.2,0.1
252,253,has_primary_color::rufous,rufous primary,a photo of a bird with rufous primary.,False,native_target,5794,107,5687,0.018467380048325856,608509,0.7471582178735237,0.0,0.0,0.2
253,254,has_primary_color::grey,grey primary,a photo of a bird with grey primary.,False,native_target,5794,1728,4066,0.2982395581636175,7026048,0.722501611147547,0.0,0.8,0.8
254,255,has_primary_color::yellow,yellow primary,a photo of a bird with yellow primary.,False,native_target,5794,901,4893,0.1555056955471177,4408593,0.9513579502575992,1.0,1.0,1.0
255,256,has_primary_color::olive,olive primary,a photo of a bird with olive primary.,False,native_target,5794,248,5546,0.042802899551259925,1375408,0.7888393843863057,1.0,0.2,0.3
256,257,has_primary_color::green,green primary,a photo of a bird with green primary.,False,native_target,5794,107,5687,0.018467380048325856,608509,0.8622123912711234,0.0,0.8,0.6
257,258,has_primary_color::pink,pink primary,a photo of a bird with pink primary.,False,native_target,5794,45,5749,0.007766655160510874,258705,0.5118803270133936,0.0,0.0,0.1
258,259,has_primary_color::orange,orange primary,a photo of a bird with orange primary.,False,native_target,5794,228,5566,0.03935105281325509,1269048,0.790059162458788,1.0,0.4,0.3
259,260,has_primary_color::black,black primary,a photo of a bird with black primary.,False,native_target,5794,2060,3734,0.35554021401449776,7692040,0.7005740349764171,1.0,1.0,0.9
260,261,has_primary_color::white,white primary,a photo of a bird with white primary.,False,native_target,5794,1680,4114,0.2899551259924059,6911520,0.7074804095191796,1.0,1.0,0.9
261,262,has_primary_color::red,red primary,a photo of a bird with red primary.,False,native_target,5794,232,5562,0.04004142216085606,1290384,0.9017509516547012,1.0,1.0,0.8
262,263,has_primary_color::buff,buff primary,a photo of a bird with buff primary.,False,native_target,5794,1109,4685,0.19140490162236798,5195665,0.603950408657987,0.0,0.8,0.7
263,264,has_leg_color::blue,blue leg,a photo of a bird with blue leg.,False,native_target,4785,77,4708,0.016091954022988506,362516,0.6805823742952035,1.0,0.2,0.4
264,265,has_leg_color::brown,brown leg,a photo of a bird with brown leg.,False,native_target,4785,446,4339,0.09320794148380356,1935194,0.5759928978696709,1.0,0.2,0.1
265,266,has_leg_color::iridescent,iridescent leg,a photo of a bird with iridescent leg.,False,native_target,4785,22,4763,0.004597701149425287,104786,0.5711068272479148,1.0,0.2,0.1
266,267,has_leg_color::purple,purple leg,a photo of a bird with purple leg.,False,native_target,4785,23,4762,0.004806687565308255,109526,0.45123532311962455,0.0,0.0,0.0
267,268,has_leg_color::rufous,rufous leg,a photo of a bird with rufous leg.,False,native_target,4785,66,4719,0.013793103448275862,311454,0.4620168628433091,0.0,0.0,0.0
268,269,has_leg_color::grey,grey leg,a photo of a bird with grey leg.,False,native_target,4785,1467,3318,0.3065830721003135,4867506,0.5069699965444315,0.0,0.4,0.4
269,270,has_leg_color::yellow,yellow leg,a photo of a bird with yellow leg.,False,native_target,4785,107,4678,0.022361546499477535,500546,0.6828143667115509,0.0,0.0,0.0
270,271,has_leg_color::olive,olive leg,a photo of a bird with olive leg.,False,native_target,4785,29,4756,0.006060606060606061,137924,0.4954540181549259,0.0,0.0,0.0
271,272,has_leg_color::green,green leg,a photo of a bird with green leg.,False,native_target,4785,7,4778,0.0014629049111807733,33446,0.4641511690486157,0.0,0.0,0.0
272,273,has_leg_color::pink,pink leg,a photo of a bird with pink leg.,False,native_target,4785,147,4638,0.030721003134796237,681786,0.5882432317472052,0.0,0.4,0.3
273,274,has_leg_color::orange,orange leg,a photo of a bird with orange leg.,False,native_target,4785,478,4307,0.09989550679205851,2058746,0.5794478774943582,1.0,0.2,0.1
274,275,has_leg_color::black,black leg,a photo of a bird with black leg.,False,native_target,4785,1423,3362,0.2973876698014629,4784126,0.6066044247162387,1.0,0.8,0.4
275,276,has_leg_color::white,white leg,a photo of a bird with white leg.,False,native_target,4785,191,4594,0.039916405433646815,877454,0.6156436690698316,1.0,0.4,0.2
276,277,has_leg_color::red,red leg,a photo of a bird with red leg.,False,native_target,4785,167,4618,0.03490073145245559,771206,0.6925827859223087,0.0,0.2,0.3
277,278,has_leg_color::buff,buff leg,a photo of a bird with buff leg.,False,native_target,4785,957,3828,0.2,3663396,0.5384000255500634,0.0,0.2,0.1
278,279,has_bill_color::blue,blue bill,a photo of a bird with blue bill.,True,native_target,5672,151,5521,0.02662200282087447,833671,0.8030494043813446,1.0,0.4,0.3
279,280,has_bill_color::brown,brown bill,a photo of a bird with brown bill.,True,native_target,5672,488,5184,0.08603667136812412,2529792,0.6635948726219388,1.0,0.2,0.2
280,281,has_bill_color::iridescent,iridescent bill,a photo of a bird with iridescent bill.,False,native_target,5672,53,5619,0.009344146685472496,297807,0.5219454210277126,0.0,0.0,0.0
281,282,has_bill_color::purple,purple bill,a photo of a bird with purple bill.,False,native_target,5672,17,5655,0.002997179125528914,96135,0.6115982732615592,0.0,0.0,0.0
282,283,has_bill_color::rufous,rufous bill,a photo of a bird with rufous bill.,False,native_target,5672,81,5591,0.014280677009873061,452871,0.43353846901214693,0.0,0.0,0.0
283,284,has_bill_color::grey,grey bill,a photo of a bird with grey bill.,True,native_target,5672,1583,4089,0.27909026798307474,6472887,0.5182442548433179,1.0,0.2,0.4
284,285,has_bill_color::yellow,yellow bill,a photo of a bird with yellow bill.,True,native_target,5672,336,5336,0.05923836389280677,1792896,0.5764539605197402,0.0,0.2,0.1
285,286,has_bill_color::olive,olive bill,a photo of a bird with olive bill.,False,native_target,5672,34,5638,0.005994358251057828,191692,0.6780564655802016,0.0,0.0,0.0
286,287,has_bill_color::green,green bill,a photo of a bird with green bill.,False,native_target,5672,14,5658,0.002468265162200282,79212,0.7112306216229864,0.0,0.2,0.1
287,288,has_bill_color::pink,pink bill,a photo of a bird with pink bill.,False,native_target,5672,53,5619,0.009344146685472496,297807,0.598491640559154,0.0,0.0,0.0
288,289,has_bill_color::orange,orange bill,a photo of a bird with orange bill.,True,native_target,5672,392,5280,0.0691114245416079,2069760,0.5721245458410636,0.0,0.0,0.0
289,290,has_bill_color::black,black bill,a photo of a bird with black bill.,True,native_target,5672,2575,3097,0.453984485190409,7974775,0.6306729029972632,1.0,1.0,0.8
290,291,has_bill_color::white,white bill,a photo of a bird with white bill.,True,native_target,5672,319,5353,0.05624118476727786,1707607,0.538871063423844,0.0,0.2,0.1
291,292,has_bill_color::red,red bill,a photo of a bird with red bill.,True,native_target,5672,202,5470,0.03561354019746121,1104940,0.6588683548427969,0.0,0.0,0.2
292,293,has_bill_color::buff,buff bill,a photo of a bird with buff bill.,False,native_target,5672,823,4849,0.145098730606488,3990727,0.5443723662380313,1.0,0.4,0.3
293,294,has_crown_color::blue,blue crown,a photo of a bird with blue crown.,False,native_target,5527,317,5210,0.057354803690971595,1651570,0.8776545953244489,1.0,1.0,1.0
294,295,has_crown_color::brown,brown crown,a photo of a bird with brown crown.,True,native_target,5527,1078,4449,0.19504251854532295,4796022,0.7540678503976838,0.0,0.4,0.5
295,296,has_crown_color::iridescent,iridescent crown,a photo of a bird with iridescent crown.,False,native_target,5527,129,5398,0.02333996743260358,696342,0.659858230582099,0.0,0.2,0.2
296,297,has_crown_color::purple,purple crown,a photo of a bird with purple crown.,False,native_target,5527,36,5491,0.006513479283517279,197676,0.6628371678908922,0.0,0.0,0.1
297,298,has_crown_color::rufous,rufous crown,a photo of a bird with rufous crown.,False,native_target,5527,97,5430,0.017550208069477113,526710,0.7458582521691254,0.0,0.0,0.0
298,299,has_crown_color::grey,grey crown,a photo of a bird with grey crown.,True,native_target,5527,1246,4281,0.22543875520173692,5334126,0.6325803889896864,0.0,0.2,0.3
299,300,has_crown_color::yellow,yellow crown,a photo of a bird with yellow crown.,True,native_target,5527,407,5120,0.07363850189976479,2083840,0.8797887553746929,0.0,0.8,0.7
300,301,has_crown_color::olive,olive crown,a photo of a bird with olive crown.,False,native_target,5527,142,5385,0.02569205717387371,764670,0.7111002131638484,0.0,0.2,0.3
301,302,has_crown_color::green,green crown,a photo of a bird with green crown.,False,native_target,5527,66,5461,0.011941378686448345,360426,0.756155216327346,0.0,0.0,0.0
302,303,has_crown_color::pink,pink crown,a photo of a bird with pink crown.,False,native_target,5527,36,5491,0.006513479283517279,197676,0.6353173880491308,0.0,0.6,0.4
303,304,has_crown_color::orange,orange crown,a photo of a bird with orange crown.,False,native_target,5527,153,5374,0.027682286954948433,822222,0.7448304715758032,1.0,0.6,0.3
304,305,has_crown_color::black,black crown,a photo of a bird with black crown.,True,native_target,5527,1855,3672,0.33562511308123755,6811560,0.6098071513720792,1.0,0.6,0.5
305,306,has_crown_color::white,white crown,a photo of a bird with white crown.,True,native_target,5527,712,4815,0.12882214582956397,3428280,0.6483846126920788,1.0,0.6,0.5
306,307,has_crown_color::red,red crown,a photo of a bird with red crown.,True,native_target,5527,297,5230,0.05373620408901755,1553310,0.8842529823409364,1.0,0.4,0.4
307,308,has_crown_color::buff,buff crown,a photo of a bird with buff crown.,False,native_target,5527,718,4809,0.12990772571015016,3452862,0.6232777330805576,0.0,0.2,0.3
308,309,has_wing_pattern::solid,solid wing,a photo of a bird with solid wing.,True,native_target,5175,1650,3525,0.3188405797101449,5816250,0.5138824844186546,1.0,0.2,0.3
309,310,has_wing_pattern::spotted,spotted wing,a photo of a bird with spotted wing.,True,native_target,5175,430,4745,0.08309178743961353,2040350,0.7366638076800549,1.0,1.0,0.7
310,311,has_wing_pattern::striped,striped wing,a photo of a bird with striped wing.,True,native_target,5175,1303,3872,0.25178743961352656,5045216,0.644570916289808,0.0,0.2,0.3
311,312,has_wing_pattern::multi-colored,multi colored wing,a photo of a bird with multi colored wing.,True,native_target,5175,1792,3383,0.346280193236715,6062336,0.5501858524502766,0.0,0.2,0.4
0,1,has_bill_shape::curved_(up_or_down),curved up or down bill,a photo of a bird with curved up or down bill.,False,unaligned_source_to_target,5670,119,5551,0.020987654320987655,660569,0.5026484742699098,0.0,0.0,0.0
1,2,has_bill_shape::dagger,dagger bill,a photo of a bird with dagger bill.,True,unaligned_source_to_target,5670,786,4884,0.13862433862433862,3838824,0.48395941048612806,0.0,0.0,0.0
2,3,has_bill_shape::hooked,hooked bill,a photo of a bird with hooked bill.,True,unaligned_source_to_target,5670,95,5575,0.01675485008818342,529625,0.5559461883408072,0.0,0.0,0.1
3,4,has_bill_shape::needle,needle bill,a photo of a bird with needle bill.,True,unaligned_source_to_target,5670,149,5521,0.026278659611992945,822629,0.4470083111584931,0.0,0.0,0.0
4,5,has_bill_shape::hooked_seabird,hooked seabird bill,a photo of a bird with hooked seabird bill.,False,unaligned_source_to_target,5670,373,5297,0.06578483245149912,1975781,0.8332623909228806,1.0,0.6,0.6
5,6,has_bill_shape::spatulate,spatulate bill,a photo of a bird with spatulate bill.,False,unaligned_source_to_target,5670,224,5446,0.03950617283950617,1219904,0.6478493389643776,0.0,0.2,0.2
6,7,has_bill_shape::all-purpose,all purpose bill,a photo of a bird with all purpose bill.,False,unaligned_source_to_target,5670,2337,3333,0.4121693121693122,7789221,0.4031960320550669,1.0,0.6,0.5
7,8,has_bill_shape::cone,cone bill,a photo of a bird with cone bill.,True,unaligned_source_to_target,5670,1468,4202,0.2589065255731922,6168536,0.5266165261903311,0.0,0.0,0.0
8,9,has_bill_shape::specialized,specialized bill,a photo of a bird with specialized bill.,False,unaligned_source_to_target,5670,119,5551,0.020987654320987655,660569,0.6222529364835467,0.0,0.2,0.2
9,10,has_wing_color::blue,blue wing,a photo of a bird with blue wing.,True,unaligned_source_to_target,5349,296,5053,0.05533744625163582,1495688,0.47188584785062127,0.0,0.0,0.0
10,11,has_wing_color::brown,brown wing,a photo of a bird with brown wing.,True,unaligned_source_to_target,5349,1557,3792,0.29108244531688166,5904144,0.4569561650257853,0.0,0.4,0.3
11,12,has_wing_color::iridescent,iridescent wing,a photo of a bird with iridescent wing.,False,unaligned_source_to_target,5349,112,5237,0.020938493176294634,586544,0.48415123162115714,0.0,0.0,0.0
12,13,has_wing_color::purple,purple wing,a photo of a bird with purple wing.,False,unaligned_source_to_target,5349,26,5323,0.004860721630211255,138398,0.5074856573071865,0.0,0.0,0.0
13,14,has_wing_color::rufous,rufous wing,a photo of a bird with rufous wing.,False,unaligned_source_to_target,5349,69,5280,0.012899607403252944,364320,0.3053194993412385,0.0,0.0,0.0
14,15,has_wing_color::grey,grey wing,a photo of a bird with grey wing.,True,unaligned_source_to_target,5349,1768,3581,0.3305290708543653,6331208,0.5254114222751803,1.0,0.2,0.2
15,16,has_wing_color::yellow,yellow wing,a photo of a bird with yellow wing.,True,unaligned_source_to_target,5349,546,4803,0.10207515423443635,2622438,0.36668550409962025,0.0,0.0,0.0
16,17,has_wing_color::olive,olive wing,a photo of a bird with olive wing.,False,unaligned_source_to_target,5349,210,5139,0.03925967470555244,1079190,0.3662089159462189,0.0,0.0,0.0
17,18,has_wing_color::green,green wing,a photo of a bird with green wing.,False,unaligned_source_to_target,5349,95,5254,0.0177603290334642,499130,0.4665638210486246,0.0,0.0,0.0
18,19,has_wing_color::pink,pink wing,a photo of a bird with pink wing.,False,unaligned_source_to_target,5349,25,5324,0.004673770798280052,133100,0.5268970698722765,0.0,0.0,0.0
19,20,has_wing_color::orange,orange wing,a photo of a bird with orange wing.,False,unaligned_source_to_target,5349,144,5205,0.0269209197980931,749520,0.4727598996691216,0.0,0.0,0.0
20,21,has_wing_color::black,black wing,a photo of a bird with black wing.,True,unaligned_source_to_target,5349,2461,2888,0.46008599738268835,7107368,0.5301129757175933,1.0,0.6,0.6
21,22,has_wing_color::white,white wing,a photo of a bird with white wing.,True,unaligned_source_to_target,5349,1510,3839,0.28229575621611513,5796890,0.5104341293348675,0.0,0.2,0.2
22,23,has_wing_color::red,red wing,a photo of a bird with red wing.,True,unaligned_source_to_target,5349,122,5227,0.022808001495606654,637694,0.4735374646774158,0.0,0.0,0.0
23,24,has_wing_color::buff,buff wing,a photo of a bird with buff wing.,False,unaligned_source_to_target,5349,1058,4291,0.19779398018321181,4539878,0.5186817795544285,0.0,0.0,0.0
24,25,has_upperparts_color::blue,blue upperparts,a photo of a bird with blue upperparts.,False,unaligned_source_to_target,5050,301,4749,0.0596039603960396,1429449,0.3995091815097985,0.0,0.0,0.0
25,26,has_upperparts_color::brown,brown upperparts,a photo of a bird with brown upperparts.,False,unaligned_source_to_target,5050,1383,3667,0.2738613861386139,5071461,0.5058881454476334,0.0,0.2,0.4
26,27,has_upperparts_color::iridescent,iridescent upperparts,a photo of a bird with iridescent upperparts.,False,unaligned_source_to_target,5050,149,4901,0.029504950495049503,730249,0.4666887595874832,0.0,0.0,0.0
27,28,has_upperparts_color::purple,purple upperparts,a photo of a bird with purple upperparts.,False,unaligned_source_to_target,5050,31,5019,0.006138613861386139,155589,0.4786199538527788,0.0,0.0,0.0
28,29,has_upperparts_color::rufous,rufous upperparts,a photo of a bird with rufous upperparts.,False,unaligned_source_to_target,5050,70,4980,0.013861386138613862,348600,0.33810384394721743,0.0,0.0,0.0
29,30,has_upperparts_color::grey,grey upperparts,a photo of a bird with grey upperparts.,False,unaligned_source_to_target,5050,1711,3339,0.33881188118811884,5713029,0.5043498816477213,0.0,0.4,0.3
30,31,has_upperparts_color::yellow,yellow upperparts,a photo of a bird with yellow upperparts.,False,unaligned_source_to_target,5050,543,4507,0.10752475247524752,2447301,0.41367612729288306,0.0,0.0,0.0
31,32,has_upperparts_color::olive,olive upperparts,a photo of a bird with olive upperparts.,False,unaligned_source_to_target,5050,223,4827,0.044158415841584156,1076421,0.4045192355035808,0.0,0.0,0.0
32,33,has_upperparts_color::green,green upperparts,a photo of a bird with green upperparts.,False,unaligned_source_to_target,5050,108,4942,0.021386138613861388,533736,0.3652742179654361,0.0,0.0,0.0
33,34,has_upperparts_color::pink,pink upperparts,a photo of a bird with pink upperparts.,False,unaligned_source_to_target,5050,28,5022,0.005544554455445544,140616,0.5232619332081697,0.0,0.0,0.0
34,35,has_upperparts_color::orange,orange upperparts,a photo of a bird with orange upperparts.,False,unaligned_source_to_target,5050,149,4901,0.029504950495049503,730249,0.49525298904894083,0.0,0.0,0.0
35,36,has_upperparts_color::black,black upperparts,a photo of a bird with black upperparts.,False,unaligned_source_to_target,5050,2273,2777,0.4500990099009901,6312121,0.5357848811833613,1.0,0.4,0.3
36,37,has_upperparts_color::white,white upperparts,a photo of a bird with white upperparts.,False,unaligned_source_to_target,5050,1349,3701,0.26712871287128714,4992649,0.5434008078677272,0.0,0.0,0.0
37,38,has_upperparts_color::red,red upperparts,a photo of a bird with red upperparts.,False,unaligned_source_to_target,5050,126,4924,0.024950495049504952,620424,0.33476138898559693,0.0,0.0,0.0
38,39,has_upperparts_color::buff,buff upperparts,a photo of a bird with buff upperparts.,False,unaligned_source_to_target,5050,997,4053,0.19742574257425743,4040841,0.558423110436664,0.0,0.2,0.2
39,40,has_underparts_color::blue,blue underparts,a photo of a bird with blue underparts.,False,unaligned_source_to_target,5234,174,5060,0.03324417271685136,880440,0.4317568488483031,0.0,0.0,0.0
40,41,has_underparts_color::brown,brown underparts,a photo of a bird with brown underparts.,False,unaligned_source_to_target,5234,593,4641,0.11329766908674055,2752113,0.5660029221183869,0.0,0.0,0.2
41,42,has_underparts_color::iridescent,iridescent underparts,a photo of a bird with iridescent underparts.,False,unaligned_source_to_target,5234,92,5142,0.01757737867787543,473064,0.47678960986251334,0.0,0.0,0.0
42,43,has_underparts_color::purple,purple underparts,a photo of a bird with purple underparts.,False,unaligned_source_to_target,5234,24,5210,0.0045854031333588076,125040,0.4545345489443378,0.0,0.0,0.0
43,44,has_underparts_color::rufous,rufous underparts,a photo of a bird with rufous underparts.,False,unaligned_source_to_target,5234,88,5146,0.016813144822315627,452848,0.3865425043281631,0.0,0.0,0.0
44,45,has_underparts_color::grey,grey underparts,a photo of a bird with grey underparts.,False,unaligned_source_to_target,5234,1081,4153,0.2065341994650363,4489393,0.5157608166627426,0.0,0.2,0.1
45,46,has_underparts_color::yellow,yellow underparts,a photo of a bird with yellow underparts.,False,unaligned_source_to_target,5234,866,4368,0.16545662972869699,3782688,0.4633693024642794,0.0,0.0,0.0
46,47,has_underparts_color::olive,olive underparts,a photo of a bird with olive underparts.,False,unaligned_source_to_target,5234,132,5102,0.025219717233473445,673464,0.4499750543458893,0.0,0.0,0.0
47,48,has_underparts_color::green,green underparts,a photo of a bird with green underparts.,False,unaligned_source_to_target,5234,81,5153,0.015475735575085976,417393,0.3738035855896002,0.0,0.0,0.0
48,49,has_underparts_color::pink,pink underparts,a photo of a bird with pink underparts.,False,unaligned_source_to_target,5234,24,5210,0.0045854031333588076,125040,0.46702655150351885,0.0,0.0,0.0
49,50,has_underparts_color::orange,orange underparts,a photo of a bird with orange underparts.,False,unaligned_source_to_target,5234,189,5045,0.03611004967520061,953505,0.4533914347591255,0.0,0.0,0.0
50,51,has_underparts_color::black,black underparts,a photo of a bird with black underparts.,False,unaligned_source_to_target,5234,1024,4210,0.19564386702330913,4311040,0.6025840632422803,1.0,0.4,0.3
51,52,has_underparts_color::white,white underparts,a photo of a bird with white underparts.,False,unaligned_source_to_target,5234,2267,2967,0.43312953763851736,6726189,0.5519318591850452,0.0,0.4,0.3
52,53,has_underparts_color::red,red underparts,a photo of a bird with red underparts.,False,unaligned_source_to_target,5234,211,5023,0.04031333588077952,1059853,0.2805587189921621,0.0,0.0,0.0
53,54,has_underparts_color::buff,buff underparts,a photo of a bird with buff underparts.,False,unaligned_source_to_target,5234,1053,4181,0.20118456247611768,4402593,0.5349692783321102,0.0,0.2,0.3
54,55,has_breast_pattern::solid,solid breast,a photo of a bird with solid breast.,True,unaligned_source_to_target,5265,3154,2111,0.5990503323836657,6658094,0.43660407918542454,0.0,0.2,0.2
55,56,has_breast_pattern::spotted,spotted breast,a photo of a bird with spotted breast.,True,unaligned_source_to_target,5265,311,4954,0.059069325735992405,1540694,0.6170540678421542,0.0,0.2,0.1
56,57,has_breast_pattern::striped,striped breast,a photo of a bird with striped breast.,True,unaligned_source_to_target,5265,682,4583,0.1295346628679962,3125606,0.563565273422178,0.0,0.2,0.2
57,58,has_breast_pattern::multi-colored,multi colored breast,a photo of a bird with multi colored breast.,True,unaligned_source_to_target,5265,1118,4147,0.2123456790123457,4636346,0.5291028754109378,0.0,0.4,0.2
58,59,has_back_color::blue,blue back,a photo of a bird with blue back.,False,unaligned_source_to_target,4530,249,4281,0.05496688741721854,1065969,0.43336813734733376,0.0,0.0,0.1
59,60,has_back_color::brown,brown back,a photo of a bird with brown back.,True,unaligned_source_to_target,4530,1105,3425,0.24392935982339956,3784625,0.48745622089374774,0.0,0.4,0.2
60,61,has_back_color::iridescent,iridescent back,a photo of a bird with iridescent back.,False,unaligned_source_to_target,4530,102,4428,0.022516556291390728,451656,0.45858795189259083,0.0,0.0,0.0
61,62,has_back_color::purple,purple back,a photo of a bird with purple back.,False,unaligned_source_to_target,4530,17,4513,0.0037527593818984547,76721,0.46416235450528537,0.0,0.0,0.0
62,63,has_back_color::rufous,rufous back,a photo of a bird with rufous back.,False,unaligned_source_to_target,4530,57,4473,0.012582781456953643,254961,0.360682614203741,0.0,0.0,0.0
63,64,has_back_color::grey,grey back,a photo of a bird with grey back.,True,unaligned_source_to_target,4530,1427,3103,0.3150110375275938,4427981,0.505180351948213,0.0,0.4,0.2
64,65,has_back_color::yellow,yellow back,a photo of a bird with yellow back.,True,unaligned_source_to_target,4530,422,4108,0.09315673289183223,1733576,0.41263376973377575,0.0,0.0,0.0
65,66,has_back_color::olive,olive back,a photo of a bird with olive back.,False,unaligned_source_to_target,4530,196,4334,0.04326710816777042,849464,0.3768446926532496,0.0,0.0,0.0
66,67,has_back_color::green,green back,a photo of a bird with green back.,False,unaligned_source_to_target,4530,87,4443,0.019205298013245033,386541,0.4108516302281,0.0,0.0,0.0
67,68,has_back_color::pink,pink back,a photo of a bird with pink back.,False,unaligned_source_to_target,4530,20,4510,0.004415011037527594,90200,0.46980044345898003,0.0,0.0,0.0
68,69,has_back_color::orange,orange back,a photo of a bird with orange back.,False,unaligned_source_to_target,4530,94,4436,0.02075055187637969,416984,0.4552045162404313,0.0,0.0,0.0
69,70,has_back_color::black,black back,a photo of a bird with black back.,True,unaligned_source_to_target,4530,1663,2867,0.36710816777041944,4767821,0.5453139914438901,0.0,0.6,0.4
70,71,has_back_color::white,white back,a photo of a bird with white back.,True,unaligned_source_to_target,4530,893,3637,0.19713024282560707,3247841,0.589184938548408,0.0,0.0,0.0
71,72,has_back_color::red,red back,a photo of a bird with red back.,False,unaligned_source_to_target,4530,103,4427,0.022737306843267108,455981,0.2884550014145326,0.0,0.0,0.0
72,73,has_back_color::buff,buff back,a photo of a bird with buff back.,False,unaligned_source_to_target,4530,841,3689,0.1856512141280353,3102449,0.5553680334471252,0.0,0.0,0.2
73,74,has_tail_shape::forked_tail,forked tail,a photo of a bird with forked tail.,True,unaligned_source_to_target,4586,198,4388,0.043174880069777585,868824,0.5817426774582655,0.0,0.0,0.0
74,75,has_tail_shape::rounded_tail,rounded tail,a photo of a bird with rounded tail.,True,unaligned_source_to_target,4586,652,3934,0.14217182730047973,2564968,0.517581505890132,0.0,0.2,0.2
75,76,has_tail_shape::notched_tail,notched tail,a photo of a bird with notched tail.,True,unaligned_source_to_target,4586,1715,2871,0.373964238988225,4923765,0.42985703013852206,1.0,0.2,0.3
76,77,has_tail_shape::fan-shaped_tail,fan shaped tail,a photo of a bird with fan shaped tail.,True,unaligned_source_to_target,4586,436,4150,0.09507195813344962,1809400,0.5648225931247928,1.0,0.4,0.2
77,78,has_tail_shape::pointed_tail,pointed tail,a photo of a bird with pointed tail.,True,unaligned_source_to_target,4586,1048,3538,0.2285215874400349,3707824,0.5207059450502505,0.0,0.2,0.3
78,79,has_tail_shape::squared_tail,squared tail,a photo of a bird with squared tail.,True,unaligned_source_to_target,4586,537,4049,0.11709550806803315,2174313,0.5324012688145635,0.0,0.0,0.0
79,80,has_upper_tail_color::blue,blue upper tail,a photo of a bird with blue upper tail.,False,unaligned_source_to_target,3855,214,3641,0.05551232166018158,779174,0.41728420096153107,0.0,0.0,0.0
80,81,has_upper_tail_color::brown,brown upper tail,a photo of a bird with brown upper tail.,False,unaligned_source_to_target,3855,828,3027,0.21478599221789882,2506356,0.47743018150653777,1.0,0.4,0.2
81,82,has_upper_tail_color::iridescent,iridescent upper tail,a photo of a bird with iridescent upper tail.,False,unaligned_source_to_target,3855,63,3792,0.01634241245136187,238896,0.46399688567410086,0.0,0.0,0.0
82,83,has_upper_tail_color::purple,purple upper tail,a photo of a bird with purple upper tail.,False,unaligned_source_to_target,3855,16,3839,0.004150453955901427,61424,0.40783732742901796,0.0,0.0,0.0
83,84,has_upper_tail_color::rufous,rufous upper tail,a photo of a bird with rufous upper tail.,False,unaligned_source_to_target,3855,40,3815,0.010376134889753566,152600,0.2972935779816514,0.0,0.0,0.0
84,85,has_upper_tail_color::grey,grey upper tail,a photo of a bird with grey upper tail.,False,unaligned_source_to_target,3855,1070,2785,0.2775616083009079,2979950,0.5032899880870484,0.0,0.2,0.1
85,86,has_upper_tail_color::yellow,yellow upper tail,a photo of a bird with yellow upper tail.,False,unaligned_source_to_target,3855,258,3597,0.0669260700389105,928026,0.44439810953572423,0.0,0.0,0.0
86,87,has_upper_tail_color::olive,olive upper tail,a photo of a bird with olive upper tail.,False,unaligned_source_to_target,3855,131,3724,0.03398184176394293,487844,0.3689642590664229,0.0,0.0,0.1
87,88,has_upper_tail_color::green,green upper tail,a photo of a bird with green upper tail.,False,unaligned_source_to_target,3855,46,3809,0.011932555123216601,175214,0.4427671304804411,0.0,0.0,0.0
88,89,has_upper_tail_color::pink,pink upper tail,a photo of a bird with pink upper tail.,False,unaligned_source_to_target,3855,29,3826,0.007522697795071336,110954,0.5842331056113345,0.0,0.0,0.0
89,90,has_upper_tail_color::orange,orange upper tail,a photo of a bird with orange upper tail.,False,unaligned_source_to_target,3855,87,3768,0.022568093385214007,327816,0.5142030895380335,0.0,0.0,0.0
90,91,has_upper_tail_color::black,black upper tail,a photo of a bird with black upper tail.,False,unaligned_source_to_target,3855,1480,2375,0.383916990920882,3515000,0.5464950213371266,0.0,0.2,0.5
91,92,has_upper_tail_color::white,white upper tail,a photo of a bird with white upper tail.,False,unaligned_source_to_target,3855,730,3125,0.1893644617380026,2281250,0.5889442191780822,0.0,0.4,0.4
92,93,has_upper_tail_color::red,red upper tail,a photo of a bird with red upper tail.,False,unaligned_source_to_target,3855,83,3772,0.02153047989623865,313076,0.3321685469342907,0.0,0.0,0.0
93,94,has_upper_tail_color::buff,buff upper tail,a photo of a bird with buff upper tail.,False,unaligned_source_to_target,3855,631,3224,0.16368352788586252,2034344,0.547885215086534,0.0,0.4,0.3
94,95,has_head_pattern::spotted,spotted head,a photo of a bird with spotted head.,False,unaligned_source_to_target,5592,159,5433,0.028433476394849784,863847,0.5830720023337466,0.0,0.0,0.0
95,96,has_head_pattern::malar,malar head,a photo of a bird with malar head.,False,unaligned_source_to_target,5592,558,5034,0.09978540772532189,2808972,0.4261494952601877,0.0,0.0,0.0
96,97,has_head_pattern::crested,crested head,a photo of a bird with crested head.,True,unaligned_source_to_target,5592,227,5365,0.040593705293276106,1217855,0.49688673939015726,0.0,0.0,0.0
97,98,has_head_pattern::masked,masked head,a photo of a bird with masked head.,True,unaligned_source_to_target,5592,252,5340,0.045064377682403435,1345680,0.5294758040544557,0.0,0.0,0.0
98,99,has_head_pattern::unique_pattern,unique pattern head,a photo of a bird with unique pattern head.,False,unaligned_source_to_target,5592,185,5407,0.0330829756795422,1000295,0.5766288944761295,0.0,0.0,0.0
99,100,has_head_pattern::eyebrow,eyebrow head,a photo of a bird with eyebrow head.,False,unaligned_source_to_target,5592,708,4884,0.12660944206008584,3457872,0.4647754457076491,0.0,0.0,0.1
100,101,has_head_pattern::eyering,eyering head,a photo of a bird with eyering head.,True,unaligned_source_to_target,5592,926,4666,0.1655937052932761,4320716,0.4660732156429629,0.0,0.4,0.2
101,102,has_head_pattern::plain,plain head,a photo of a bird with plain head.,True,unaligned_source_to_target,5592,1537,4055,0.2748569384835479,6232535,0.5449861091835024,0.0,0.6,0.4
102,103,has_head_pattern::eyeline,eyeline head,a photo of a bird with eyeline head.,True,unaligned_source_to_target,5592,670,4922,0.1198140200286123,3297740,0.44180499372297394,1.0,0.2,0.1
103,104,has_head_pattern::striped,striped head,a photo of a bird with striped head.,True,unaligned_source_to_target,5592,392,5200,0.07010014306151645,2038400,0.46845516091051803,0.0,0.0,0.1
104,105,has_head_pattern::capped,capped head,a photo of a bird with capped head.,True,unaligned_source_to_target,5592,668,4924,0.11945636623748211,3289232,0.5087795570516157,0.0,0.2,0.1
105,106,has_breast_color::blue,blue breast,a photo of a bird with blue breast.,False,unaligned_source_to_target,5317,178,5139,0.033477524920067704,914742,0.48218732713705065,0.0,0.0,0.0
106,107,has_breast_color::brown,brown breast,a photo of a bird with brown breast.,True,unaligned_source_to_target,5317,639,4678,0.12018055294338913,2989242,0.5847301757435497,1.0,0.4,0.2
107,108,has_breast_color::iridescent,iridescent breast,a photo of a bird with iridescent breast.,False,unaligned_source_to_target,5317,90,5227,0.016926838442730862,470430,0.4936313585443105,0.0,0.0,0.0
108,109,has_breast_color::purple,purple breast,a photo of a bird with purple breast.,False,unaligned_source_to_target,5317,17,5300,0.003197291705849163,90100,0.5190566037735849,0.0,0.0,0.0
109,110,has_breast_color::rufous,rufous breast,a photo of a bird with rufous breast.,False,unaligned_source_to_target,5317,77,5240,0.014481850667669738,403480,0.39301328442549816,0.0,0.0,0.0
110,111,has_breast_color::grey,grey breast,a photo of a bird with grey breast.,True,unaligned_source_to_target,5317,1084,4233,0.2038743652435584,4588572,0.4818448964078585,0.0,0.6,0.4
111,112,has_breast_color::yellow,yellow breast,a photo of a bird with yellow breast.,True,unaligned_source_to_target,5317,794,4523,0.14933233026142562,3591262,0.45332253675727363,0.0,0.0,0.1
112,113,has_breast_color::olive,olive breast,a photo of a bird with olive breast.,False,unaligned_source_to_target,5317,104,5213,0.019559902200488997,542152,0.4555309212176659,0.0,0.0,0.0
113,114,has_breast_color::green,green breast,a photo of a bird with green breast.,False,unaligned_source_to_target,5317,63,5254,0.011848786909911604,331002,0.3435024561785125,0.0,0.0,0.0
114,115,has_breast_color::pink,pink breast,a photo of a bird with pink breast.,False,unaligned_source_to_target,5317,25,5292,0.0047018995674252394,132300,0.5706122448979591,0.0,0.0,0.0
115,116,has_breast_color::orange,orange breast,a photo of a bird with orange breast.,True,unaligned_source_to_target,5317,170,5147,0.03197291705849163,874990,0.49433250665721895,0.0,0.0,0.0
116,117,has_breast_color::black,black breast,a photo of a bird with black breast.,True,unaligned_source_to_target,5317,1176,4141,0.22117735565168328,4869816,0.5995263476073839,1.0,0.4,0.2
117,118,has_breast_color::white,white breast,a photo of a bird with white breast.,True,unaligned_source_to_target,5317,2080,3237,0.39119804400978,6732960,0.541654636296666,0.0,0.4,0.6
118,119,has_breast_color::red,red breast,a photo of a bird with red breast.,True,unaligned_source_to_target,5317,233,5084,0.043821703968403236,1184572,0.31312406506316204,0.0,0.0,0.0
119,120,has_breast_color::buff,buff breast,a photo of a bird with buff breast.,False,unaligned_source_to_target,5317,996,4321,0.18732367876622155,4303716,0.5466975516042415,0.0,0.2,0.2
120,121,has_throat_color::blue,blue throat,a photo of a bird with blue throat.,False,unaligned_source_to_target,5522,182,5340,0.03295907279971025,971880,0.52112297814545,0.0,0.0,0.0
121,122,has_throat_color::brown,brown throat,a photo of a bird with brown throat.,True,unaligned_source_to_target,5522,476,5046,0.08620065193770374,2401896,0.5401603566515786,0.0,0.2,0.2
122,123,has_throat_color::iridescent,iridescent throat,a photo of a bird with iridescent throat.,False,unaligned_source_to_target,5522,88,5434,0.01593625498007968,478192,0.5110436811991836,0.0,0.0,0.0
123,124,has_throat_color::purple,purple throat,a photo of a bird with purple throat.,False,unaligned_source_to_target,5522,28,5494,0.0050706265845708075,153832,0.5586743980446202,0.0,0.0,0.0
124,125,has_throat_color::rufous,rufous throat,a photo of a bird with rufous throat.,False,unaligned_source_to_target,5522,74,5448,0.013400941687794278,403152,0.38280102790014686,0.0,0.0,0.0
125,126,has_throat_color::grey,grey throat,a photo of a bird with grey throat.,True,unaligned_source_to_target,5522,992,4530,0.17964505613908005,4493760,0.47327983692943104,0.0,0.4,0.4
126,127,has_throat_color::yellow,yellow throat,a photo of a bird with yellow throat.,True,unaligned_source_to_target,5522,653,4869,0.11825425570445491,3179457,0.4165123164112614,0.0,0.0,0.0
127,128,has_throat_color::olive,olive throat,a photo of a bird with olive throat.,False,unaligned_source_to_target,5522,88,5434,0.01593625498007968,478192,0.36516085589052094,0.0,0.0,0.0
128,129,has_throat_color::green,green throat,a photo of a bird with green throat.,False,unaligned_source_to_target,5522,60,5462,0.010865628395508874,327720,0.39787928719638715,0.0,0.0,0.0
129,130,has_throat_color::pink,pink throat,a photo of a bird with pink throat.,False,unaligned_source_to_target,5522,26,5496,0.004708438971387179,142896,0.42043164259321464,0.0,0.0,0.0
130,131,has_throat_color::orange,orange throat,a photo of a bird with orange throat.,True,unaligned_source_to_target,5522,136,5386,0.02462875769648678,732496,0.41165002948821566,0.0,0.0,0.0
131,132,has_throat_color::black,black throat,a photo of a bird with black throat.,True,unaligned_source_to_target,5522,1259,4263,0.22799710249909452,5367117,0.662393236443327,1.0,0.6,0.6
132,133,has_throat_color::white,white throat,a photo of a bird with white throat.,True,unaligned_source_to_target,5522,2016,3506,0.36508511408909816,7068096,0.5251460930921142,0.0,0.4,0.2
133,134,has_throat_color::red,red throat,a photo of a bird with red throat.,True,unaligned_source_to_target,5522,218,5304,0.039478449837015574,1156272,0.301397940968907,0.0,0.0,0.0
134,135,has_throat_color::buff,buff throat,a photo of a bird with buff throat.,False,unaligned_source_to_target,5522,796,4726,0.1441506700470844,3761896,0.4496445409442473,0.0,0.0,0.1
135,136,has_eye_color::blue,blue eye,a photo of a bird with blue eye.,False,unaligned_source_to_target,5527,56,5471,0.010132078885471322,306376,0.5568615035120245,0.0,0.0,0.0
136,137,has_eye_color::brown,brown eye,a photo of a bird with brown eye.,False,unaligned_source_to_target,5527,200,5327,0.03618599601954044,1065400,0.490611038107753,0.0,0.0,0.0
137,138,has_eye_color::purple,purple eye,a photo of a bird with purple eye.,False,unaligned_source_to_target,5527,10,5517,0.0018092998009770218,55170,0.46702918252673553,0.0,0.0,0.0
138,139,has_eye_color::rufous,rufous eye,a photo of a bird with rufous eye.,False,unaligned_source_to_target,5527,67,5460,0.012122308666546046,365820,0.6030998851894375,0.0,0.0,0.1
139,140,has_eye_color::grey,grey eye,a photo of a bird with grey eye.,False,unaligned_source_to_target,5527,101,5426,0.018273927989867923,548026,0.5434431943010003,0.0,0.0,0.0
140,141,has_eye_color::yellow,yellow eye,a photo of a bird with yellow eye.,False,unaligned_source_to_target,5527,126,5401,0.022797177492310475,680526,0.617926427498729,0.0,0.0,0.0
141,142,has_eye_color::olive,olive eye,a photo of a bird with olive eye.,False,unaligned_source_to_target,5527,17,5510,0.003075809661660937,93670,0.5382833351126295,0.0,0.0,0.0
142,143,has_eye_color::green,green eye,a photo of a bird with green eye.,False,unaligned_source_to_target,5527,3,5524,0.0005427899402931065,16572,0.44484672942312337,0.0,0.0,0.0
143,144,has_eye_color::pink,pink eye,a photo of a bird with pink eye.,False,unaligned_source_to_target,5527,23,5504,0.0041613895422471505,126592,0.5006240520728008,0.0,0.0,0.0
144,145,has_eye_color::orange,orange eye,a photo of a bird with orange eye.,False,unaligned_source_to_target,5527,69,5458,0.01248416862674145,376602,0.5960111735997153,0.0,0.0,0.0
145,146,has_eye_color::black,black eye,a photo of a bird with black eye.,False,unaligned_source_to_target,5527,4877,650,0.8823955129364935,3170050,0.42314348354126907,0.0,0.8,0.7
146,147,has_eye_color::white,white eye,a photo of a bird with white eye.,False,unaligned_source_to_target,5527,162,5365,0.029310656775827754,869130,0.6741684212948581,0.0,0.2,0.2
147,148,has_eye_color::red,red eye,a photo of a bird with red eye.,False,unaligned_source_to_target,5527,132,5395,0.02388275737289669,712140,0.5505658999634904,0.0,0.0,0.0
148,149,has_eye_color::buff,buff eye,a photo of a bird with buff eye.,False,unaligned_source_to_target,5527,89,5438,0.016102768228695497,483982,0.5793211317776281,0.0,0.0,0.0
149,150,has_bill_length::about_the_same_as_head,bill about the same length as head,a photo of a bird with bill about the same length as head.,True,unaligned_source_to_target,5667,2119,3548,0.37391918122463386,7518212,0.5438456643680705,1.0,0.6,0.6
150,151,has_bill_length::longer_than_head,bill longer than head,a photo of a bird with bill longer than head.,True,unaligned_source_to_target,5667,348,5319,0.0614081524616199,1851012,0.5004997266360239,0.0,0.0,0.0
151,152,has_bill_length::shorter_than_head,bill shorter than head,a photo of a bird with bill shorter than head.,True,unaligned_source_to_target,5667,3247,2420,0.5729662961002294,7857740,0.45101454107669636,0.0,0.6,0.5
152,153,has_forehead_color::blue,blue forehead,a photo of a bird with blue forehead.,False,unaligned_source_to_target,5515,303,5212,0.05494106980961015,1579236,0.48413220063372414,0.0,0.2,0.1
153,154,has_forehead_color::brown,brown forehead,a photo of a bird with brown forehead.,False,unaligned_source_to_target,5515,998,4517,0.18096101541251133,4507966,0.45171270147112913,1.0,0.4,0.2
154,155,has_forehead_color::iridescent,iridescent forehead,a photo of a bird with iridescent forehead.,False,unaligned_source_to_target,5515,124,5391,0.022484134179510427,668484,0.5610066957473926,0.0,0.0,0.0
155,156,has_forehead_color::purple,purple forehead,a photo of a bird with purple forehead.,False,unaligned_source_to_target,5515,32,5483,0.005802357207615594,175456,0.526547966441729,0.0,0.0,0.0
156,157,has_forehead_color::rufous,rufous forehead,a photo of a bird with rufous forehead.,False,unaligned_source_to_target,5515,88,5427,0.015956482320942884,477576,0.3648843325460241,0.0,0.0,0.0
157,158,has_forehead_color::grey,grey forehead,a photo of a bird with grey forehead.,False,unaligned_source_to_target,5515,1181,4334,0.21414324569356302,5118454,0.501281539308549,0.0,0.2,0.2
158,159,has_forehead_color::yellow,yellow forehead,a photo of a bird with yellow forehead.,False,unaligned_source_to_target,5515,483,5032,0.08757932910244787,2430456,0.500922872086555,0.0,0.0,0.0
159,160,has_forehead_color::olive,olive forehead,a photo of a bird with olive forehead.,False,unaligned_source_to_target,5515,128,5387,0.023209428830462377,689536,0.34626473454612955,0.0,0.0,0.0
160,161,has_forehead_color::green,green forehead,a photo of a bird with green forehead.,False,unaligned_source_to_target,5515,53,5462,0.009610154125113327,289486,0.4100716442245912,0.0,0.0,0.0
161,162,has_forehead_color::pink,pink forehead,a photo of a bird with pink forehead.,False,unaligned_source_to_target,5515,24,5491,0.004351767905711695,131784,0.4357357494081224,0.0,0.0,0.0
162,163,has_forehead_color::orange,orange forehead,a photo of a bird with orange forehead.,False,unaligned_source_to_target,5515,159,5356,0.028830462375339982,851604,0.39252868704233423,0.0,0.0,0.0
163,164,has_forehead_color::black,black forehead,a photo of a bird with black forehead.,False,unaligned_source_to_target,5515,1864,3651,0.3379873073436083,6805464,0.5938730996152504,0.0,0.4,0.3
164,165,has_forehead_color::white,white forehead,a photo of a bird with white forehead.,False,unaligned_source_to_target,5515,807,4708,0.14632819582955575,3799356,0.6480108734217062,0.0,0.2,0.5
165,166,has_forehead_color::red,red forehead,a photo of a bird with red forehead.,False,unaligned_source_to_target,5515,254,5261,0.04605621033544877,1336294,0.2414461188929981,0.0,0.0,0.1
166,167,has_forehead_color::buff,buff forehead,a photo of a bird with buff forehead.,False,unaligned_source_to_target,5515,708,4807,0.12837715321849502,3403356,0.49076999291287776,0.0,0.0,0.0
167,168,has_under_tail_color::blue,blue under tail,a photo of a bird with blue under tail.,False,unaligned_source_to_target,4343,203,4140,0.04674188349067465,840420,0.45215725470598034,0.0,0.0,0.1
168,169,has_under_tail_color::brown,brown under tail,a photo of a bird with brown under tail.,False,unaligned_source_to_target,4343,891,3452,0.20515772507483307,3075732,0.48302355341752795,1.0,0.4,0.4
169,170,has_under_tail_color::iridescent,iridescent under tail,a photo of a bird with iridescent under tail.,False,unaligned_source_to_target,4343,65,4278,0.014966612940363803,278070,0.5039378573740425,0.0,0.0,0.0
170,171,has_under_tail_color::purple,purple under tail,a photo of a bird with purple under tail.,False,unaligned_source_to_target,4343,18,4325,0.004144600506562284,77850,0.5558124598587026,0.0,0.0,0.0
171,172,has_under_tail_color::rufous,rufous under tail,a photo of a bird with rufous under tail.,False,unaligned_source_to_target,4343,52,4291,0.011973290352291043,223132,0.3724745890325009,0.0,0.0,0.0
172,173,has_under_tail_color::grey,grey under tail,a photo of a bird with grey under tail.,False,unaligned_source_to_target,4343,1213,3130,0.2793000230255584,3796690,0.5099102112629685,0.0,0.2,0.1
173,174,has_under_tail_color::yellow,yellow under tail,a photo of a bird with yellow under tail.,False,unaligned_source_to_target,4343,383,3960,0.08818788855629749,1516680,0.49848616715457444,0.0,0.0,0.0
174,175,has_under_tail_color::olive,olive under tail,a photo of a bird with olive under tail.,False,unaligned_source_to_target,4343,125,4218,0.028781947962238083,527250,0.4251360834518729,0.0,0.0,0.0
175,176,has_under_tail_color::green,green under tail,a photo of a bird with green under tail.,False,unaligned_source_to_target,4343,56,4287,0.012894312687082661,240072,0.453543103735546,0.0,0.0,0.0
176,177,has_under_tail_color::pink,pink under tail,a photo of a bird with pink under tail.,False,unaligned_source_to_target,4343,23,4320,0.0052958784250518075,99360,0.6226952495974235,0.0,0.0,0.1
177,178,has_under_tail_color::orange,orange under tail,a photo of a bird with orange under tail.,False,unaligned_source_to_target,4343,109,4234,0.02509785862307161,461506,0.486927580573167,0.0,0.0,0.0
178,179,has_under_tail_color::black,black under tail,a photo of a bird with black under tail.,False,unaligned_source_to_target,4343,1808,2535,0.41630209532581164,4583280,0.5374557085755179,0.0,0.6,0.5
179,180,has_under_tail_color::white,white under tail,a photo of a bird with white under tail.,False,unaligned_source_to_target,4343,1034,3309,0.23808427354363343,3421506,0.5604412209126625,1.0,0.2,0.3
180,181,has_under_tail_color::red,red under tail,a photo of a bird with red under tail.,False,unaligned_source_to_target,4343,83,4260,0.01911121344692609,353580,0.3346541093953278,0.0,0.0,0.0
181,182,has_under_tail_color::buff,buff under tail,a photo of a bird with buff under tail.,False,unaligned_source_to_target,4343,694,3649,0.15979737508634584,2532406,0.5234832013508103,0.0,0.0,0.1
182,183,has_nape_color::blue,blue nape,a photo of a bird with blue nape.,False,unaligned_source_to_target,5367,289,5078,0.053847587106390905,1467542,0.39680840480204316,0.0,0.0,0.1
183,184,has_nape_color::brown,brown nape,a photo of a bird with brown nape.,False,unaligned_source_to_target,5367,1012,4355,0.18855971678777717,4407260,0.47045420510702796,0.0,0.4,0.3
184,185,has_nape_color::iridescent,iridescent nape,a photo of a bird with iridescent nape.,False,unaligned_source_to_target,5367,119,5248,0.02217253586733743,624512,0.4990584648493544,0.0,0.0,0.0
185,186,has_nape_color::purple,purple nape,a photo of a bird with purple nape.,False,unaligned_source_to_target,5367,34,5333,0.006335010247810695,181322,0.5108756797299832,0.0,0.0,0.0
186,187,has_nape_color::rufous,rufous nape,a photo of a bird with rufous nape.,False,unaligned_source_to_target,5367,80,5287,0.014905906465436929,422960,0.3433303385662947,0.0,0.0,0.0
187,188,has_nape_color::grey,grey nape,a photo of a bird with grey nape.,False,unaligned_source_to_target,5367,1427,3940,0.2658841065772312,5622380,0.5004679512946475,0.0,0.2,0.1
188,189,has_nape_color::yellow,yellow nape,a photo of a bird with yellow nape.,False,unaligned_source_to_target,5367,464,4903,0.08645425749953418,2274992,0.40642164895524907,0.0,0.0,0.0
189,190,has_nape_color::olive,olive nape,a photo of a bird with olive nape.,False,unaligned_source_to_target,5367,183,5184,0.03409726103968697,948672,0.3645506560750186,0.0,0.0,0.1
190,191,has_nape_color::green,green nape,a photo of a bird with green nape.,False,unaligned_source_to_target,5367,80,5287,0.014905906465436929,422960,0.4051115944770191,0.0,0.0,0.0
191,192,has_nape_color::pink,pink nape,a photo of a bird with pink nape.,False,unaligned_source_to_target,5367,33,5334,0.006148686416992733,176022,0.5456136164797583,0.0,0.0,0.0
192,193,has_nape_color::orange,orange nape,a photo of a bird with orange nape.,False,unaligned_source_to_target,5367,126,5241,0.023476802683063163,660366,0.4281428783432218,0.0,0.0,0.0
193,194,has_nape_color::black,black nape,a photo of a bird with black nape.,False,unaligned_source_to_target,5367,1507,3860,0.28079001304266815,5817020,0.6163100694169867,0.0,0.4,0.3
194,195,has_nape_color::white,white nape,a photo of a bird with white nape.,False,unaligned_source_to_target,5367,1274,4093,0.2373765604620831,5214482,0.5910642706217032,0.0,0.2,0.1
195,196,has_nape_color::red,red nape,a photo of a bird with red nape.,False,unaligned_source_to_target,5367,199,5168,0.03707844233277436,1028432,0.25882800224030367,0.0,0.2,0.2
196,197,has_nape_color::buff,buff nape,a photo of a bird with buff nape.,False,unaligned_source_to_target,5367,889,4478,0.1656418855971679,3980942,0.5297844078110155,0.0,0.2,0.2
197,198,has_belly_color::blue,blue belly,a photo of a bird with blue belly.,False,unaligned_source_to_target,5144,144,5000,0.027993779160186624,720000,0.5256861111111111,0.0,0.0,0.0
198,199,has_belly_color::brown,brown belly,a photo of a bird with brown belly.,True,unaligned_source_to_target,5144,513,4631,0.09972783825816485,2375703,0.606597710235665,0.0,0.4,0.3
199,200,has_belly_color::iridescent,iridescent belly,a photo of a bird with iridescent belly.,False,unaligned_source_to_target,5144,81,5063,0.015746500777604977,410103,0.5214787504602503,0.0,0.0,0.0
200,201,has_belly_color::purple,purple belly,a photo of a bird with purple belly.,False,unaligned_source_to_target,5144,19,5125,0.0036936236391912907,97375,0.607209242618742,0.0,0.0,0.0
201,202,has_belly_color::rufous,rufous belly,a photo of a bird with rufous belly.,False,unaligned_source_to_target,5144,79,5065,0.015357698289269051,400135,0.4154122983493071,0.0,0.0,0.1
202,203,has_belly_color::grey,grey belly,a photo of a bird with grey belly.,True,unaligned_source_to_target,5144,996,4148,0.19362363919129083,4131408,0.5134172175684416,1.0,0.4,0.5
203,204,has_belly_color::yellow,yellow belly,a photo of a bird with yellow belly.,True,unaligned_source_to_target,5144,844,4300,0.1640746500777605,3629200,0.3619851482420368,0.0,0.0,0.0
204,205,has_belly_color::olive,olive belly,a photo of a bird with olive belly.,False,unaligned_source_to_target,5144,117,5027,0.022744945567651633,588159,0.42883131942212904,0.0,0.0,0.0
205,206,has_belly_color::green,green belly,a photo of a bird with green belly.,False,unaligned_source_to_target,5144,68,5076,0.013219284603421462,345168,0.37756686598989475,0.0,0.0,0.0
206,207,has_belly_color::pink,pink belly,a photo of a bird with pink belly.,False,unaligned_source_to_target,5144,31,5113,0.0060264385692068425,158503,0.52215415481095,0.0,0.0,0.0
207,208,has_belly_color::orange,orange belly,a photo of a bird with orange belly.,True,unaligned_source_to_target,5144,165,4979,0.03207620528771384,821535,0.43365285715155166,0.0,0.0,0.0
208,209,has_belly_color::black,black belly,a photo of a bird with black belly.,True,unaligned_source_to_target,5144,852,4292,0.1656298600311042,3656784,0.6309566001163864,1.0,0.4,0.2
209,210,has_belly_color::white,white belly,a photo of a bird with white belly.,True,unaligned_source_to_target,5144,2167,2977,0.4212674961119751,6451159,0.5480852355367462,0.0,0.2,0.3
210,211,has_belly_color::red,red belly,a photo of a bird with red belly.,True,unaligned_source_to_target,5144,200,4944,0.038880248833592534,988800,0.3514962580906149,0.0,0.0,0.0
211,212,has_belly_color::buff,buff belly,a photo of a bird with buff belly.,False,unaligned_source_to_target,5144,948,4196,0.18429237947122862,3977808,0.5574718538451328,0.0,0.2,0.2
212,213,has_wing_shape::rounded-wings,rounded wings,a photo of a bird with rounded wings.,True,unaligned_source_to_target,3830,1653,2177,0.4315926892950392,3598581,0.4406717536717945,0.0,0.4,0.2
213,214,has_wing_shape::pointed-wings,pointed wings,a photo of a bird with pointed wings.,True,unaligned_source_to_target,3830,1163,2667,0.30365535248041775,3101721,0.47444918482352216,0.0,0.4,0.2
214,215,has_wing_shape::broad-wings,broad wings,a photo of a bird with broad wings.,True,unaligned_source_to_target,3830,335,3495,0.08746736292428199,1170825,0.5239886404885444,0.0,0.0,0.2
215,216,has_wing_shape::tapered-wings,tapered wings,a photo of a bird with tapered wings.,True,unaligned_source_to_target,3830,470,3360,0.1227154046997389,1579200,0.5792173252279635,0.0,0.2,0.3
216,217,has_wing_shape::long-wings,long wings,a photo of a bird with long wings.,True,unaligned_source_to_target,3830,379,3451,0.0989556135770235,1307929,0.6449738479688117,0.0,0.0,0.2
217,218,has_size::large_(16_-_32_in),large bird,a photo of a bird with large bird.,True,unaligned_source_to_target,5794,208,5586,0.03589920607525026,1161888,0.6505902462199454,0.0,0.0,0.0
218,219,has_size::small_(5_-_9_in),small bird,a photo of a bird with small bird.,True,unaligned_source_to_target,5794,2958,2836,0.5105281325509148,8388888,0.4304190257397643,0.0,0.2,0.2
219,220,has_size::very_large_(32_-_72_in),very bird,a photo of a bird with very bird.,False,unaligned_source_to_target,5794,96,5698,0.016568864342423197,547008,0.6100971100971101,0.0,0.0,0.0
220,221,has_size::medium_(9_-_16_in),medium bird,a photo of a bird with medium bird.,True,unaligned_source_to_target,5794,1148,4646,0.1981360027614774,5333608,0.6610317068670963,0.0,0.4,0.5
221,222,has_size::very_small_(3_-_5_in),very bird,a photo of a bird with very bird.,False,unaligned_source_to_target,5794,1384,4410,0.2388677942699344,6103440,0.3957841807243129,0.0,0.0,0.1
222,223,has_shape::upright-perching_water-like,upright perching water like body shape,a photo of a bird with upright perching water like body shape.,False,unaligned_source_to_target,5794,125,5669,0.021574042112530202,708625,0.653448579996472,0.0,0.0,0.0
223,224,has_shape::chicken-like-marsh,chicken like marsh body shape,a photo of a bird with chicken like marsh body shape.,False,unaligned_source_to_target,5794,95,5699,0.016396272005522954,541405,0.6545802125950074,0.0,0.0,0.0
224,225,has_shape::long-legged-like,long legged like body shape,a photo of a bird with long legged like body shape.,False,unaligned_source_to_target,5794,64,5730,0.011045909561615464,366720,0.6745418848167539,0.0,0.0,0.0
225,226,has_shape::duck-like,duck like body shape,a photo of a bird with duck like body shape.,False,unaligned_source_to_target,5794,354,5440,0.06109768726268554,1925760,0.7881496136590229,0.0,0.4,0.2
226,227,has_shape::owl-like,owl like body shape,a photo of a bird with owl like body shape.,False,unaligned_source_to_target,5794,26,5768,0.0044874007594062825,149968,0.4926584337992105,0.0,0.0,0.0
227,228,has_shape::gull-like,gull like body shape,a photo of a bird with gull like body shape.,False,unaligned_source_to_target,5794,404,5390,0.06972730410769762,2177560,0.7961913793420158,0.0,0.0,0.2
228,229,has_shape::hummingbird-like,hummingbird like body shape,a photo of a bird with hummingbird like body shape.,False,unaligned_source_to_target,5794,320,5474,0.055229547808077324,1751680,0.4180112805991962,0.0,0.0,0.0
229,230,has_shape::pigeon-like,pigeon like body shape,a photo of a bird with pigeon like body shape.,False,unaligned_source_to_target,5794,370,5424,0.0638591646530894,2006880,0.5446927569162082,0.0,0.0,0.0
230,231,has_shape::tree-clinging-like,tree clinging like body shape,a photo of a bird with tree clinging like body shape.,False,unaligned_source_to_target,5794,365,5429,0.0629962029685882,1981585,0.42945672277495034,0.0,0.0,0.0
231,232,has_shape::hawk-like,hawk like body shape,a photo of a bird with hawk like body shape.,False,unaligned_source_to_target,5794,189,5605,0.03261995167414567,1059345,0.5744342022664949,0.0,0.0,0.1
232,233,has_shape::sandpiper-like,sandpiper like body shape,a photo of a bird with sandpiper like body shape.,False,unaligned_source_to_target,5794,312,5482,0.05384880911287539,1710384,0.5334012712934639,0.0,0.0,0.0
233,234,has_shape::upland-ground-like,upland ground like body shape,a photo of a bird with upland ground like body shape.,False,unaligned_source_to_target,5794,132,5662,0.022782188470831896,747384,0.5769122699977521,0.0,0.0,0.0
234,235,has_shape::swallow-like,swallow like body shape,a photo of a bird with swallow like body shape.,False,unaligned_source_to_target,5794,211,5583,0.03641698308595098,1178013,0.5189501304314977,0.0,0.2,0.1
235,236,has_shape::perching-like,perching like body shape,a photo of a bird with perching like body shape.,False,unaligned_source_to_target,5794,2827,2967,0.4879185364169831,8387709,0.33530002054196206,0.0,0.0,0.0
236,237,has_back_pattern::solid,solid back,a photo of a bird with solid back.,True,unaligned_source_to_target,4520,2115,2405,0.46792035398230086,5086575,0.5210468733872989,1.0,0.8,0.6
237,238,has_back_pattern::spotted,spotted back,a photo of a bird with spotted back.,True,unaligned_source_to_target,4520,356,4164,0.07876106194690266,1482384,0.5593726052089067,0.0,0.2,0.1
238,239,has_back_pattern::striped,striped back,a photo of a bird with striped back.,True,unaligned_source_to_target,4520,898,3622,0.1986725663716814,3252556,0.47682745508455504,0.0,0.0,0.1
239,240,has_back_pattern::multi-colored,multi colored back,a photo of a bird with multi colored back.,True,unaligned_source_to_target,4520,1151,3369,0.25464601769911505,3877719,0.5096367220007432,0.0,0.4,0.3
240,241,has_tail_pattern::solid,solid tail,a photo of a bird with solid tail.,True,unaligned_source_to_target,4405,2077,2328,0.47150964812712826,4835256,0.5288545218701968,1.0,0.6,0.6
241,242,has_tail_pattern::spotted,spotted tail,a photo of a bird with spotted tail.,True,unaligned_source_to_target,4405,263,4142,0.05970488081725312,1089346,0.5530299831274912,0.0,0.2,0.1
242,243,has_tail_pattern::striped,striped tail,a photo of a bird with striped tail.,True,unaligned_source_to_target,4405,708,3697,0.16072644721906923,2617476,0.46589997386795523,0.0,0.0,0.1
243,244,has_tail_pattern::multi-colored,multi colored tail,a photo of a bird with multi colored tail.,True,unaligned_source_to_target,4405,1357,3048,0.3080590238365494,4136136,0.4976613438242843,0.0,0.2,0.2
244,245,has_belly_pattern::solid,solid belly,a photo of a bird with solid belly.,True,unaligned_source_to_target,5105,3321,1784,0.6505386875612145,5924664,0.4704511513226742,0.0,0.2,0.5
245,246,has_belly_pattern::spotted,spotted belly,a photo of a bird with spotted belly.,True,unaligned_source_to_target,5105,298,4807,0.0583741429970617,1432486,0.5823624105226858,0.0,0.0,0.1
246,247,has_belly_pattern::striped,striped belly,a photo of a bird with striped belly.,True,unaligned_source_to_target,5105,566,4539,0.110871694417238,2569074,0.5592859528374815,0.0,0.2,0.2
247,248,has_belly_pattern::multi-colored,multi colored belly,a photo of a bird with multi colored belly.,True,unaligned_source_to_target,5105,920,4185,0.1802154750244858,3850200,0.48729079008882653,0.0,0.4,0.2
248,249,has_primary_color::blue,blue primary,a photo of a bird with blue primary.,False,unaligned_source_to_target,5794,367,5427,0.06334138764238868,1991709,0.4234293262720608,0.0,0.2,0.2
249,250,has_primary_color::brown,brown primary,a photo of a bird with brown primary.,False,unaligned_source_to_target,5794,1437,4357,0.2480151881256472,6261009,0.5038978541637618,0.0,0.2,0.2
250,251,has_primary_color::iridescent,iridescent primary,a photo of a bird with iridescent primary.,False,unaligned_source_to_target,5794,110,5684,0.018985157059026578,625240,0.46111733094491714,0.0,0.0,0.0
251,252,has_primary_color::purple,purple primary,a photo of a bird with purple primary.,False,unaligned_source_to_target,5794,44,5750,0.0075940628236106315,253000,0.4966561264822134,0.0,0.0,0.0
252,253,has_primary_color::rufous,rufous primary,a photo of a bird with rufous primary.,False,unaligned_source_to_target,5794,107,5687,0.018467380048325856,608509,0.41162250681584,0.0,0.0,0.0
253,254,has_primary_color::grey,grey primary,a photo of a bird with grey primary.,False,unaligned_source_to_target,5794,1728,4066,0.2982395581636175,7026048,0.5059824527244904,0.0,0.4,0.5
254,255,has_primary_color::yellow,yellow primary,a photo of a bird with yellow primary.,False,unaligned_source_to_target,5794,901,4893,0.1555056955471177,4408593,0.503906121522218,0.0,0.0,0.1
255,256,has_primary_color::olive,olive primary,a photo of a bird with olive primary.,False,unaligned_source_to_target,5794,248,5546,0.042802899551259925,1375408,0.4329159056803508,0.0,0.0,0.0
256,257,has_primary_color::green,green primary,a photo of a bird with green primary.,False,unaligned_source_to_target,5794,107,5687,0.018467380048325856,608509,0.4000663917871387,0.0,0.0,0.0
257,258,has_primary_color::pink,pink primary,a photo of a bird with pink primary.,False,unaligned_source_to_target,5794,45,5749,0.007766655160510874,258705,0.5057845808932955,0.0,0.0,0.0
258,259,has_primary_color::orange,orange primary,a photo of a bird with orange primary.,False,unaligned_source_to_target,5794,228,5566,0.03935105281325509,1269048,0.5180261109114864,0.0,0.0,0.0
259,260,has_primary_color::black,black primary,a photo of a bird with black primary.,False,unaligned_source_to_target,5794,2060,3734,0.35554021401449776,7692040,0.5662821566190503,1.0,0.6,0.5
260,261,has_primary_color::white,white primary,a photo of a bird with white primary.,False,unaligned_source_to_target,5794,1680,4114,0.2899551259924059,6911520,0.5548287496816908,0.0,0.2,0.2
261,262,has_primary_color::red,red primary,a photo of a bird with red primary.,False,unaligned_source_to_target,5794,232,5562,0.04004142216085606,1290384,0.3241810189834964,0.0,0.0,0.0
262,263,has_primary_color::buff,buff primary,a photo of a bird with buff primary.,False,unaligned_source_to_target,5794,1109,4685,0.19140490162236798,5195665,0.5602662989241993,1.0,0.4,0.3
263,264,has_leg_color::blue,blue leg,a photo of a bird with blue leg.,False,unaligned_source_to_target,4785,77,4708,0.016091954022988506,362516,0.5119884363724636,0.0,0.0,0.0
264,265,has_leg_color::brown,brown leg,a photo of a bird with brown leg.,False,unaligned_source_to_target,4785,446,4339,0.09320794148380356,1935194,0.49158327278815456,0.0,0.0,0.1
265,266,has_leg_color::iridescent,iridescent leg,a photo of a bird with iridescent leg.,False,unaligned_source_to_target,4785,22,4763,0.004597701149425287,104786,0.6490275418471934,0.0,0.0,0.0
266,267,has_leg_color::purple,purple leg,a photo of a bird with purple leg.,False,unaligned_source_to_target,4785,23,4762,0.004806687565308255,109526,0.5701842484889432,0.0,0.0,0.0
267,268,has_leg_color::rufous,rufous leg,a photo of a bird with rufous leg.,False,unaligned_source_to_target,4785,66,4719,0.013793103448275862,311454,0.5796811086067284,0.0,0.0,0.0
268,269,has_leg_color::grey,grey leg,a photo of a bird with grey leg.,False,unaligned_source_to_target,4785,1467,3318,0.3065830721003135,4867506,0.4583988186147074,1.0,0.4,0.5
269,270,has_leg_color::yellow,yellow leg,a photo of a bird with yellow leg.,False,unaligned_source_to_target,4785,107,4678,0.022361546499477535,500546,0.6360334514709937,0.0,0.2,0.1
270,271,has_leg_color::olive,olive leg,a photo of a bird with olive leg.,False,unaligned_source_to_target,4785,29,4756,0.006060606060606061,137924,0.33491633073286736,0.0,0.0,0.0
271,272,has_leg_color::green,green leg,a photo of a bird with green leg.,False,unaligned_source_to_target,4785,7,4778,0.0014629049111807733,33446,0.41996053339711775,0.0,0.0,0.0
272,273,has_leg_color::pink,pink leg,a photo of a bird with pink leg.,False,unaligned_source_to_target,4785,147,4638,0.030721003134796237,681786,0.5760737240131067,0.0,0.0,0.0
273,274,has_leg_color::orange,orange leg,a photo of a bird with orange leg.,False,unaligned_source_to_target,4785,478,4307,0.09989550679205851,2058746,0.6147477639300817,0.0,0.2,0.1
274,275,has_leg_color::black,black leg,a photo of a bird with black leg.,False,unaligned_source_to_target,4785,1423,3362,0.2973876698014629,4784126,0.4644376005147022,0.0,0.0,0.0
275,276,has_leg_color::white,white leg,a photo of a bird with white leg.,False,unaligned_source_to_target,4785,191,4594,0.039916405433646815,877454,0.517469861667962,0.0,0.2,0.1
276,277,has_leg_color::red,red leg,a photo of a bird with red leg.,False,unaligned_source_to_target,4785,167,4618,0.03490073145245559,771206,0.6056423316208639,0.0,0.0,0.0
277,278,has_leg_color::buff,buff leg,a photo of a bird with buff leg.,False,unaligned_source_to_target,4785,957,3828,0.2,3663396,0.5632298555766289,0.0,0.0,0.2
278,279,has_bill_color::blue,blue bill,a photo of a bird with blue bill.,True,unaligned_source_to_target,5672,151,5521,0.02662200282087447,833671,0.5009913982854147,0.0,0.0,0.1
279,280,has_bill_color::brown,brown bill,a photo of a bird with brown bill.,True,unaligned_source_to_target,5672,488,5184,0.08603667136812412,2529792,0.4698449516798219,0.0,0.2,0.2
280,281,has_bill_color::iridescent,iridescent bill,a photo of a bird with iridescent bill.,False,unaligned_source_to_target,5672,53,5619,0.009344146685472496,297807,0.5502724919159052,0.0,0.0,0.0
281,282,has_bill_color::purple,purple bill,a photo of a bird with purple bill.,False,unaligned_source_to_target,5672,17,5655,0.002997179125528914,96135,0.4746658345035627,0.0,0.0,0.0
282,283,has_bill_color::rufous,rufous bill,a photo of a bird with rufous bill.,False,unaligned_source_to_target,5672,81,5591,0.014280677009873061,452871,0.581958217682298,0.0,0.0,0.0
283,284,has_bill_color::grey,grey bill,a photo of a bird with grey bill.,True,unaligned_source_to_target,5672,1583,4089,0.27909026798307474,6472887,0.45903582126491627,0.0,0.2,0.2
284,285,has_bill_color::yellow,yellow bill,a photo of a bird with yellow bill.,True,unaligned_source_to_target,5672,336,5336,0.05923836389280677,1792896,0.6445424051367173,0.0,0.0,0.0
285,286,has_bill_color::olive,olive bill,a photo of a bird with olive bill.,False,unaligned_source_to_target,5672,34,5638,0.005994358251057828,191692,0.4031101976086639,0.0,0.0,0.0
286,287,has_bill_color::green,green bill,a photo of a bird with green bill.,False,unaligned_source_to_target,5672,14,5658,0.002468265162200282,79212,0.5098343685300207,0.0,0.0,0.0
287,288,has_bill_color::pink,pink bill,a photo of a bird with pink bill.,False,unaligned_source_to_target,5672,53,5619,0.009344146685472496,297807,0.4600664188551646,0.0,0.0,0.0
288,289,has_bill_color::orange,orange bill,a photo of a bird with orange bill.,True,unaligned_source_to_target,5672,392,5280,0.0691114245416079,2069760,0.5632880140692641,0.0,0.2,0.2
289,290,has_bill_color::black,black bill,a photo of a bird with black bill.,True,unaligned_source_to_target,5672,2575,3097,0.453984485190409,7974775,0.4825716713010712,0.0,0.0,0.0
290,291,has_bill_color::white,white bill,a photo of a bird with white bill.,True,unaligned_source_to_target,5672,319,5353,0.05624118476727786,1707607,0.5477776795246213,1.0,0.4,0.2
291,292,has_bill_color::red,red bill,a photo of a bird with red bill.,True,unaligned_source_to_target,5672,202,5470,0.03561354019746121,1104940,0.5934032617155682,0.0,0.0,0.0
292,293,has_bill_color::buff,buff bill,a photo of a bird with buff bill.,False,unaligned_source_to_target,5672,823,4849,0.145098730606488,3990727,0.5488646554875841,0.0,0.2,0.1
293,294,has_crown_color::blue,blue crown,a photo of a bird with blue crown.,False,unaligned_source_to_target,5527,317,5210,0.057354803690971595,1651570,0.549466870916764,0.0,0.0,0.0
294,295,has_crown_color::brown,brown crown,a photo of a bird with brown crown.,True,unaligned_source_to_target,5527,1078,4449,0.19504251854532295,4796022,0.41688028119971093,0.0,0.2,0.1
295,296,has_crown_color::iridescent,iridescent crown,a photo of a bird with iridescent crown.,False,unaligned_source_to_target,5527,129,5398,0.02333996743260358,696342,0.5231179506621746,0.0,0.0,0.1
296,297,has_crown_color::purple,purple crown,a photo of a bird with purple crown.,False,unaligned_source_to_target,5527,36,5491,0.006513479283517279,197676,0.5819978146057184,0.0,0.0,0.0
297,298,has_crown_color::rufous,rufous crown,a photo of a bird with rufous crown.,False,unaligned_source_to_target,5527,97,5430,0.017550208069477113,526710,0.3532797934347174,0.0,0.0,0.0
298,299,has_crown_color::grey,grey crown,a photo of a bird with grey crown.,True,unaligned_source_to_target,5527,1246,4281,0.22543875520173692,5334126,0.49452618854522745,0.0,0.4,0.2
299,300,has_crown_color::yellow,yellow crown,a photo of a bird with yellow crown.,True,unaligned_source_to_target,5527,407,5120,0.07363850189976479,2083840,0.38174284014127763,0.0,0.0,0.0
300,301,has_crown_color::olive,olive crown,a photo of a bird with olive crown.,False,unaligned_source_to_target,5527,142,5385,0.02569205717387371,764670,0.32593406305988204,0.0,0.0,0.0
301,302,has_crown_color::green,green crown,a photo of a bird with green crown.,False,unaligned_source_to_target,5527,66,5461,0.011941378686448345,360426,0.4312702191295855,0.0,0.0,0.0
302,303,has_crown_color::pink,pink crown,a photo of a bird with pink crown.,False,unaligned_source_to_target,5527,36,5491,0.006513479283517279,197676,0.5146603533054088,0.0,0.0,0.0
303,304,has_crown_color::orange,orange crown,a photo of a bird with orange crown.,False,unaligned_source_to_target,5527,153,5374,0.027682286954948433,822222,0.35403577136101927,0.0,0.0,0.0
304,305,has_crown_color::black,black crown,a photo of a bird with black crown.,True,unaligned_source_to_target,5527,1855,3672,0.33562511308123755,6811560,0.6614151530633218,0.0,0.4,0.3
305,306,has_crown_color::white,white crown,a photo of a bird with white crown.,True,unaligned_source_to_target,5527,712,4815,0.12882214582956397,3428280,0.6093215840013068,0.0,0.2,0.1
306,307,has_crown_color::red,red crown,a photo of a bird with red crown.,True,unaligned_source_to_target,5527,297,5230,0.05373620408901755,1553310,0.31233173030496164,0.0,0.0,0.0
307,308,has_crown_color::buff,buff crown,a photo of a bird with buff crown.,False,unaligned_source_to_target,5527,718,4809,0.12990772571015016,3452862,0.486272836852443,0.0,0.2,0.1
308,309,has_wing_pattern::solid,solid wing,a photo of a bird with solid wing.,True,unaligned_source_to_target,5175,1650,3525,0.3188405797101449,5816250,0.5803517730496454,1.0,0.8,0.7
309,310,has_wing_pattern::spotted,spotted wing,a photo of a bird with spotted wing.,True,unaligned_source_to_target,5175,430,4745,0.08309178743961353,2040350,0.5236474134339697,0.0,0.0,0.1
310,311,has_wing_pattern::striped,striped wing,a photo of a bird with striped wing.,True,unaligned_source_to_target,5175,1303,3872,0.25178743961352656,5045216,0.45694911773846747,0.0,0.2,0.2
311,312,has_wing_pattern::multi-colored,multi colored wing,a photo of a bird with multi colored wing.,True,unaligned_source_to_target,5175,1792,3383,0.346280193236715,6062336,0.4958662799290571,0.0,0.0,0.1
0,1,has_bill_shape::curved_(up_or_down),curved up or down bill,a photo of a bird with curved up or down bill.,False,oxford_aligned_source_to_target,5670,119,5551,0.020987654320987655,660569,0.5376486029468533,0.0,0.0,0.1
1,2,has_bill_shape::dagger,dagger bill,a photo of a bird with dagger bill.,True,oxford_aligned_source_to_target,5670,786,4884,0.13862433862433862,3838824,0.4682740078732445,0.0,0.2,0.2
2,3,has_bill_shape::hooked,hooked bill,a photo of a bird with hooked bill.,True,oxford_aligned_source_to_target,5670,95,5575,0.01675485008818342,529625,0.498201557705924,0.0,0.0,0.1
3,4,has_bill_shape::needle,needle bill,a photo of a bird with needle bill.,True,oxford_aligned_source_to_target,5670,149,5521,0.026278659611992945,822629,0.6264111768488589,0.0,0.0,0.0
4,5,has_bill_shape::hooked_seabird,hooked seabird bill,a photo of a bird with hooked seabird bill.,False,oxford_aligned_source_to_target,5670,373,5297,0.06578483245149912,1975781,0.7335878824626818,0.0,0.4,0.2
5,6,has_bill_shape::spatulate,spatulate bill,a photo of a bird with spatulate bill.,False,oxford_aligned_source_to_target,5670,224,5446,0.03950617283950617,1219904,0.27451996222653585,0.0,0.0,0.0
6,7,has_bill_shape::all-purpose,all purpose bill,a photo of a bird with all purpose bill.,False,oxford_aligned_source_to_target,5670,2337,3333,0.4121693121693122,7789221,0.5650656208111183,1.0,0.8,0.5
7,8,has_bill_shape::cone,cone bill,a photo of a bird with cone bill.,True,oxford_aligned_source_to_target,5670,1468,4202,0.2589065255731922,6168536,0.5287123233130195,0.0,0.2,0.1
8,9,has_bill_shape::specialized,specialized bill,a photo of a bird with specialized bill.,False,oxford_aligned_source_to_target,5670,119,5551,0.020987654320987655,660569,0.41863454082768037,0.0,0.2,0.1
9,10,has_wing_color::blue,blue wing,a photo of a bird with blue wing.,True,oxford_aligned_source_to_target,5349,296,5053,0.05533744625163582,1495688,0.8739155492321928,1.0,1.0,0.9
10,11,has_wing_color::brown,brown wing,a photo of a bird with brown wing.,True,oxford_aligned_source_to_target,5349,1557,3792,0.29108244531688166,5904144,0.6645335039253785,0.0,0.6,0.8
11,12,has_wing_color::iridescent,iridescent wing,a photo of a bird with iridescent wing.,False,oxford_aligned_source_to_target,5349,112,5237,0.020938493176294634,586544,0.6443540467552307,0.0,0.2,0.1
12,13,has_wing_color::purple,purple wing,a photo of a bird with purple wing.,False,oxford_aligned_source_to_target,5349,26,5323,0.004860721630211255,138398,0.6792728218615876,0.0,0.0,0.0
13,14,has_wing_color::rufous,rufous wing,a photo of a bird with rufous wing.,False,oxford_aligned_source_to_target,5349,69,5280,0.012899607403252944,364320,0.746475625823452,0.0,0.0,0.0
14,15,has_wing_color::grey,grey wing,a photo of a bird with grey wing.,True,oxford_aligned_source_to_target,5349,1768,3581,0.3305290708543653,6331208,0.5804069302414326,1.0,0.8,0.7
15,16,has_wing_color::yellow,yellow wing,a photo of a bird with yellow wing.,True,oxford_aligned_source_to_target,5349,546,4803,0.10207515423443635,2622438,0.7906896178289058,0.0,0.2,0.2
16,17,has_wing_color::olive,olive wing,a photo of a bird with olive wing.,False,oxford_aligned_source_to_target,5349,210,5139,0.03925967470555244,1079190,0.5592435067041022,0.0,0.4,0.3
17,18,has_wing_color::green,green wing,a photo of a bird with green wing.,False,oxford_aligned_source_to_target,5349,95,5254,0.0177603290334642,499130,0.6487478212089035,1.0,0.6,0.3
18,19,has_wing_color::pink,pink wing,a photo of a bird with pink wing.,False,oxford_aligned_source_to_target,5349,25,5324,0.004673770798280052,133100,0.5436513899323817,0.0,0.0,0.0
19,20,has_wing_color::orange,orange wing,a photo of a bird with orange wing.,False,oxford_aligned_source_to_target,5349,144,5205,0.0269209197980931,749520,0.7513221795282314,1.0,0.2,0.1
20,21,has_wing_color::black,black wing,a photo of a bird with black wing.,True,oxford_aligned_source_to_target,5349,2461,2888,0.46008599738268835,7107368,0.6181755327710624,0.0,0.8,0.8
21,22,has_wing_color::white,white wing,a photo of a bird with white wing.,True,oxford_aligned_source_to_target,5349,1510,3839,0.28229575621611513,5796890,0.5913325938563609,0.0,0.4,0.4
22,23,has_wing_color::red,red wing,a photo of a bird with red wing.,True,oxford_aligned_source_to_target,5349,122,5227,0.022808001495606654,637694,0.7063387769055378,0.0,0.0,0.0
23,24,has_wing_color::buff,buff wing,a photo of a bird with buff wing.,False,oxford_aligned_source_to_target,5349,1058,4291,0.19779398018321181,4539878,0.5802726416877282,0.0,0.2,0.2
24,25,has_upperparts_color::blue,blue upperparts,a photo of a bird with blue upperparts.,False,oxford_aligned_source_to_target,5050,301,4749,0.0596039603960396,1429449,0.8530783539671579,1.0,0.8,0.7
25,26,has_upperparts_color::brown,brown upperparts,a photo of a bird with brown upperparts.,False,oxford_aligned_source_to_target,5050,1383,3667,0.2738613861386139,5071461,0.6576826677756173,0.0,0.6,0.6
26,27,has_upperparts_color::iridescent,iridescent upperparts,a photo of a bird with iridescent upperparts.,False,oxford_aligned_source_to_target,5050,149,4901,0.029504950495049503,730249,0.6094893659559958,0.0,0.2,0.1
27,28,has_upperparts_color::purple,purple upperparts,a photo of a bird with purple upperparts.,False,oxford_aligned_source_to_target,5050,31,5019,0.006138613861386139,155589,0.6328467950819145,0.0,0.0,0.0
28,29,has_upperparts_color::rufous,rufous upperparts,a photo of a bird with rufous upperparts.,False,oxford_aligned_source_to_target,5050,70,4980,0.013861386138613862,348600,0.676342512908778,0.0,0.0,0.0
29,30,has_upperparts_color::grey,grey upperparts,a photo of a bird with grey upperparts.,False,oxford_aligned_source_to_target,5050,1711,3339,0.33881188118811884,5713029,0.5634783229701792,1.0,0.4,0.4
30,31,has_upperparts_color::yellow,yellow upperparts,a photo of a bird with yellow upperparts.,False,oxford_aligned_source_to_target,5050,543,4507,0.10752475247524752,2447301,0.8384937120525836,1.0,0.6,0.4
31,32,has_upperparts_color::olive,olive upperparts,a photo of a bird with olive upperparts.,False,oxford_aligned_source_to_target,5050,223,4827,0.044158415841584156,1076421,0.5884194009592901,0.0,0.0,0.1
32,33,has_upperparts_color::green,green upperparts,a photo of a bird with green upperparts.,False,oxford_aligned_source_to_target,5050,108,4942,0.021386138613861388,533736,0.7425450035223407,0.0,0.2,0.3
33,34,has_upperparts_color::pink,pink upperparts,a photo of a bird with pink upperparts.,False,oxford_aligned_source_to_target,5050,28,5022,0.005544554455445544,140616,0.49202082266598396,1.0,0.2,0.2
34,35,has_upperparts_color::orange,orange upperparts,a photo of a bird with orange upperparts.,False,oxford_aligned_source_to_target,5050,149,4901,0.029504950495049503,730249,0.812635142259695,0.0,0.2,0.2
35,36,has_upperparts_color::black,black upperparts,a photo of a bird with black upperparts.,False,oxford_aligned_source_to_target,5050,2273,2777,0.4500990099009901,6312121,0.5644949613608484,1.0,0.6,0.6
36,37,has_upperparts_color::white,white upperparts,a photo of a bird with white upperparts.,False,oxford_aligned_source_to_target,5050,1349,3701,0.26712871287128714,4992649,0.5394949654982756,0.0,0.4,0.4
37,38,has_upperparts_color::red,red upperparts,a photo of a bird with red upperparts.,False,oxford_aligned_source_to_target,5050,126,4924,0.024950495049504952,620424,0.7934348123218959,0.0,0.0,0.1
38,39,has_upperparts_color::buff,buff upperparts,a photo of a bird with buff upperparts.,False,oxford_aligned_source_to_target,5050,997,4053,0.19742574257425743,4040841,0.574760798556538,1.0,0.2,0.2
39,40,has_underparts_color::blue,blue underparts,a photo of a bird with blue underparts.,False,oxford_aligned_source_to_target,5234,174,5060,0.03324417271685136,880440,0.8815614919812821,0.0,0.8,0.5
40,41,has_underparts_color::brown,brown underparts,a photo of a bird with brown underparts.,False,oxford_aligned_source_to_target,5234,593,4641,0.11329766908674055,2752113,0.6629938523599866,1.0,0.6,0.5
41,42,has_underparts_color::iridescent,iridescent underparts,a photo of a bird with iridescent underparts.,False,oxford_aligned_source_to_target,5234,92,5142,0.01757737867787543,473064,0.6952526508041196,0.0,0.2,0.1
42,43,has_underparts_color::purple,purple underparts,a photo of a bird with purple underparts.,False,oxford_aligned_source_to_target,5234,24,5210,0.0045854031333588076,125040,0.6036868202175304,0.0,0.2,0.3
43,44,has_underparts_color::rufous,rufous underparts,a photo of a bird with rufous underparts.,False,oxford_aligned_source_to_target,5234,88,5146,0.016813144822315627,452848,0.6928682471822775,0.0,0.0,0.1
44,45,has_underparts_color::grey,grey underparts,a photo of a bird with grey underparts.,False,oxford_aligned_source_to_target,5234,1081,4153,0.2065341994650363,4489393,0.6719623343289394,0.0,0.6,0.8
45,46,has_underparts_color::yellow,yellow underparts,a photo of a bird with yellow underparts.,False,oxford_aligned_source_to_target,5234,866,4368,0.16545662972869699,3782688,0.9174888333375631,1.0,0.6,0.8
46,47,has_underparts_color::olive,olive underparts,a photo of a bird with olive underparts.,False,oxford_aligned_source_to_target,5234,132,5102,0.025219717233473445,673464,0.7170598576909828,0.0,0.0,0.0
47,48,has_underparts_color::green,green underparts,a photo of a bird with green underparts.,False,oxford_aligned_source_to_target,5234,81,5153,0.015475735575085976,417393,0.8446595894037514,0.0,0.2,0.1
48,49,has_underparts_color::pink,pink underparts,a photo of a bird with pink underparts.,False,oxford_aligned_source_to_target,5234,24,5210,0.0045854031333588076,125040,0.5827975047984645,1.0,0.2,0.2
49,50,has_underparts_color::orange,orange underparts,a photo of a bird with orange underparts.,False,oxford_aligned_source_to_target,5234,189,5045,0.03611004967520061,953505,0.8295132170256055,0.0,0.2,0.2
50,51,has_underparts_color::black,black underparts,a photo of a bird with black underparts.,False,oxford_aligned_source_to_target,5234,1024,4210,0.19564386702330913,4311040,0.715336554520487,1.0,0.8,0.7
51,52,has_underparts_color::white,white underparts,a photo of a bird with white underparts.,False,oxford_aligned_source_to_target,5234,2267,2967,0.43312953763851736,6726189,0.6671588473056586,1.0,1.0,0.9
52,53,has_underparts_color::red,red underparts,a photo of a bird with red underparts.,False,oxford_aligned_source_to_target,5234,211,5023,0.04031333588077952,1059853,0.8901932626505751,0.0,0.2,0.3
53,54,has_underparts_color::buff,buff underparts,a photo of a bird with buff underparts.,False,oxford_aligned_source_to_target,5234,1053,4181,0.20118456247611768,4402593,0.5782518393137862,1.0,0.2,0.4
54,55,has_breast_pattern::solid,solid breast,a photo of a bird with solid breast.,True,oxford_aligned_source_to_target,5265,3154,2111,0.5990503323836657,6658094,0.45940422289021454,1.0,0.4,0.2
55,56,has_breast_pattern::spotted,spotted breast,a photo of a bird with spotted breast.,True,oxford_aligned_source_to_target,5265,311,4954,0.059069325735992405,1540694,0.703587474216165,0.0,0.2,0.5
56,57,has_breast_pattern::striped,striped breast,a photo of a bird with striped breast.,True,oxford_aligned_source_to_target,5265,682,4583,0.1295346628679962,3125606,0.6699558421630878,1.0,0.8,0.4
57,58,has_breast_pattern::multi-colored,multi colored breast,a photo of a bird with multi colored breast.,True,oxford_aligned_source_to_target,5265,1118,4147,0.2123456790123457,4636346,0.5393318358897287,0.0,0.2,0.4
58,59,has_back_color::blue,blue back,a photo of a bird with blue back.,False,oxford_aligned_source_to_target,4530,249,4281,0.05496688741721854,1065969,0.9039643741984992,1.0,1.0,0.9
59,60,has_back_color::brown,brown back,a photo of a bird with brown back.,True,oxford_aligned_source_to_target,4530,1105,3425,0.24392935982339956,3784625,0.6876137001684447,0.0,0.4,0.5
60,61,has_back_color::iridescent,iridescent back,a photo of a bird with iridescent back.,False,oxford_aligned_source_to_target,4530,102,4428,0.022516556291390728,451656,0.6461798359813663,1.0,0.2,0.2
61,62,has_back_color::purple,purple back,a photo of a bird with purple back.,False,oxford_aligned_source_to_target,4530,17,4513,0.0037527593818984547,76721,0.6665580479920752,0.0,0.2,0.2
62,63,has_back_color::rufous,rufous back,a photo of a bird with rufous back.,False,oxford_aligned_source_to_target,4530,57,4473,0.012582781456953643,254961,0.7102654915849875,0.0,0.0,0.0
63,64,has_back_color::grey,grey back,a photo of a bird with grey back.,True,oxford_aligned_source_to_target,4530,1427,3103,0.3150110375275938,4427981,0.6454749918755297,1.0,0.6,0.7
64,65,has_back_color::yellow,yellow back,a photo of a bird with yellow back.,True,oxford_aligned_source_to_target,4530,422,4108,0.09315673289183223,1733576,0.8884525397213621,0.0,0.4,0.4
65,66,has_back_color::olive,olive back,a photo of a bird with olive back.,False,oxford_aligned_source_to_target,4530,196,4334,0.04326710816777042,849464,0.6489621690854468,0.0,0.0,0.1
66,67,has_back_color::green,green back,a photo of a bird with green back.,False,oxford_aligned_source_to_target,4530,87,4443,0.019205298013245033,386541,0.8077176806600076,0.0,0.4,0.5
67,68,has_back_color::pink,pink back,a photo of a bird with pink back.,False,oxford_aligned_source_to_target,4530,20,4510,0.004415011037527594,90200,0.5551441241685144,0.0,0.0,0.0
68,69,has_back_color::orange,orange back,a photo of a bird with orange back.,False,oxford_aligned_source_to_target,4530,94,4436,0.02075055187637969,416984,0.7180970972507339,0.0,0.0,0.1
69,70,has_back_color::black,black back,a photo of a bird with black back.,True,oxford_aligned_source_to_target,4530,1663,2867,0.36710816777041944,4767821,0.6633081443284049,1.0,1.0,1.0
70,71,has_back_color::white,white back,a photo of a bird with white back.,True,oxford_aligned_source_to_target,4530,893,3637,0.19713024282560707,3247841,0.6168975020636787,0.0,0.8,0.7
71,72,has_back_color::red,red back,a photo of a bird with red back.,False,oxford_aligned_source_to_target,4530,103,4427,0.022737306843267108,455981,0.8454957553055938,0.0,0.0,0.0
72,73,has_back_color::buff,buff back,a photo of a bird with buff back.,False,oxford_aligned_source_to_target,4530,841,3689,0.1856512141280353,3102449,0.6048357281618489,0.0,0.4,0.3
73,74,has_tail_shape::forked_tail,forked tail,a photo of a bird with forked tail.,True,oxford_aligned_source_to_target,4586,198,4388,0.043174880069777585,868824,0.4714234413413994,1.0,0.6,0.3
74,75,has_tail_shape::rounded_tail,rounded tail,a photo of a bird with rounded tail.,True,oxford_aligned_source_to_target,4586,652,3934,0.14217182730047973,2564968,0.5350454664541624,0.0,0.0,0.0
75,76,has_tail_shape::notched_tail,notched tail,a photo of a bird with notched tail.,True,oxford_aligned_source_to_target,4586,1715,2871,0.373964238988225,4923765,0.557261973307012,0.0,0.4,0.3
76,77,has_tail_shape::fan-shaped_tail,fan shaped tail,a photo of a bird with fan shaped tail.,True,oxford_aligned_source_to_target,4586,436,4150,0.09507195813344962,1809400,0.48553608931137393,0.0,0.0,0.1
77,78,has_tail_shape::pointed_tail,pointed tail,a photo of a bird with pointed tail.,True,oxford_aligned_source_to_target,4586,1048,3538,0.2285215874400349,3707824,0.4827517433405685,0.0,0.2,0.2
78,79,has_tail_shape::squared_tail,squared tail,a photo of a bird with squared tail.,True,oxford_aligned_source_to_target,4586,537,4049,0.11709550806803315,2174313,0.4671827377199143,1.0,0.2,0.2
79,80,has_upper_tail_color::blue,blue upper tail,a photo of a bird with blue upper tail.,False,oxford_aligned_source_to_target,3855,214,3641,0.05551232166018158,779174,0.8722069781589221,1.0,0.6,0.8
80,81,has_upper_tail_color::brown,brown upper tail,a photo of a bird with brown upper tail.,False,oxford_aligned_source_to_target,3855,828,3027,0.21478599221789882,2506356,0.6738525971569881,1.0,0.6,0.5
81,82,has_upper_tail_color::iridescent,iridescent upper tail,a photo of a bird with iridescent upper tail.,False,oxford_aligned_source_to_target,3855,63,3792,0.01634241245136187,238896,0.6503876163686291,0.0,0.2,0.2
82,83,has_upper_tail_color::purple,purple upper tail,a photo of a bird with purple upper tail.,False,oxford_aligned_source_to_target,3855,16,3839,0.004150453955901427,61424,0.5717716202135973,0.0,0.0,0.0
83,84,has_upper_tail_color::rufous,rufous upper tail,a photo of a bird with rufous upper tail.,False,oxford_aligned_source_to_target,3855,40,3815,0.010376134889753566,152600,0.6966120576671035,0.0,0.0,0.0
84,85,has_upper_tail_color::grey,grey upper tail,a photo of a bird with grey upper tail.,False,oxford_aligned_source_to_target,3855,1070,2785,0.2775616083009079,2979950,0.5794785147401802,0.0,0.2,0.2
85,86,has_upper_tail_color::yellow,yellow upper tail,a photo of a bird with yellow upper tail.,False,oxford_aligned_source_to_target,3855,258,3597,0.0669260700389105,928026,0.8436175279571908,0.0,0.2,0.3
86,87,has_upper_tail_color::olive,olive upper tail,a photo of a bird with olive upper tail.,False,oxford_aligned_source_to_target,3855,131,3724,0.03398184176394293,487844,0.6792581234984955,1.0,0.4,0.3
87,88,has_upper_tail_color::green,green upper tail,a photo of a bird with green upper tail.,False,oxford_aligned_source_to_target,3855,46,3809,0.011932555123216601,175214,0.7697615487346902,0.0,0.0,0.1
88,89,has_upper_tail_color::pink,pink upper tail,a photo of a bird with pink upper tail.,False,oxford_aligned_source_to_target,3855,29,3826,0.007522697795071336,110954,0.5082827117544207,0.0,0.0,0.0
89,90,has_upper_tail_color::orange,orange upper tail,a photo of a bird with orange upper tail.,False,oxford_aligned_source_to_target,3855,87,3768,0.022568093385214007,327816,0.6770017326793079,0.0,0.0,0.1
90,91,has_upper_tail_color::black,black upper tail,a photo of a bird with black upper tail.,False,oxford_aligned_source_to_target,3855,1480,2375,0.383916990920882,3515000,0.6064924608819345,0.0,0.8,0.7
91,92,has_upper_tail_color::white,white upper tail,a photo of a bird with white upper tail.,False,oxford_aligned_source_to_target,3855,730,3125,0.1893644617380026,2281250,0.5716786849315069,0.0,0.2,0.1
92,93,has_upper_tail_color::red,red upper tail,a photo of a bird with red upper tail.,False,oxford_aligned_source_to_target,3855,83,3772,0.02153047989623865,313076,0.7699919508362186,0.0,0.0,0.0
93,94,has_upper_tail_color::buff,buff upper tail,a photo of a bird with buff upper tail.,False,oxford_aligned_source_to_target,3855,631,3224,0.16368352788586252,2034344,0.5797057921374162,0.0,0.4,0.2
94,95,has_head_pattern::spotted,spotted head,a photo of a bird with spotted head.,False,oxford_aligned_source_to_target,5592,159,5433,0.028433476394849784,863847,0.6212523745524381,0.0,0.0,0.0
95,96,has_head_pattern::malar,malar head,a photo of a bird with malar head.,False,oxford_aligned_source_to_target,5592,558,5034,0.09978540772532189,2808972,0.49315390114248203,0.0,0.2,0.1
96,97,has_head_pattern::crested,crested head,a photo of a bird with crested head.,True,oxford_aligned_source_to_target,5592,227,5365,0.040593705293276106,1217855,0.5411998965394074,0.0,0.2,0.2
97,98,has_head_pattern::masked,masked head,a photo of a bird with masked head.,True,oxford_aligned_source_to_target,5592,252,5340,0.045064377682403435,1345680,0.47370697342607454,0.0,0.0,0.0
98,99,has_head_pattern::unique_pattern,unique pattern head,a photo of a bird with unique pattern head.,False,oxford_aligned_source_to_target,5592,185,5407,0.0330829756795422,1000295,0.4750508599963011,0.0,0.0,0.0
99,100,has_head_pattern::eyebrow,eyebrow head,a photo of a bird with eyebrow head.,False,oxford_aligned_source_to_target,5592,708,4884,0.12660944206008584,3457872,0.5674955579616596,0.0,0.0,0.1
100,101,has_head_pattern::eyering,eyering head,a photo of a bird with eyering head.,True,oxford_aligned_source_to_target,5592,926,4666,0.1655937052932761,4320716,0.5339337276506949,0.0,0.2,0.2
101,102,has_head_pattern::plain,plain head,a photo of a bird with plain head.,True,oxford_aligned_source_to_target,5592,1537,4055,0.2748569384835479,6232535,0.5173522491249548,1.0,0.2,0.4
102,103,has_head_pattern::eyeline,eyeline head,a photo of a bird with eyeline head.,True,oxford_aligned_source_to_target,5592,670,4922,0.1198140200286123,3297740,0.5037299787126941,0.0,0.0,0.1
103,104,has_head_pattern::striped,striped head,a photo of a bird with striped head.,True,oxford_aligned_source_to_target,5592,392,5200,0.07010014306151645,2038400,0.6581510007849294,0.0,0.0,0.2
104,105,has_head_pattern::capped,capped head,a photo of a bird with capped head.,True,oxford_aligned_source_to_target,5592,668,4924,0.11945636623748211,3289232,0.483589330275274,0.0,0.0,0.2
105,106,has_breast_color::blue,blue breast,a photo of a bird with blue breast.,False,oxford_aligned_source_to_target,5317,178,5139,0.033477524920067704,914742,0.8616659123556151,1.0,0.4,0.4
106,107,has_breast_color::brown,brown breast,a photo of a bird with brown breast.,True,oxford_aligned_source_to_target,5317,639,4678,0.12018055294338913,2989242,0.6659725107569076,0.0,0.2,0.2
107,108,has_breast_color::iridescent,iridescent breast,a photo of a bird with iridescent breast.,False,oxford_aligned_source_to_target,5317,90,5227,0.016926838442730862,470430,0.6922007525030291,1.0,0.4,0.4
108,109,has_breast_color::purple,purple breast,a photo of a bird with purple breast.,False,oxford_aligned_source_to_target,5317,17,5300,0.003197291705849163,90100,0.6567813540510544,0.0,0.0,0.0
109,110,has_breast_color::rufous,rufous breast,a photo of a bird with rufous breast.,False,oxford_aligned_source_to_target,5317,77,5240,0.014481850667669738,403480,0.6735501140081293,0.0,0.0,0.1
110,111,has_breast_color::grey,grey breast,a photo of a bird with grey breast.,True,oxford_aligned_source_to_target,5317,1084,4233,0.2038743652435584,4588572,0.6480539043519422,1.0,0.2,0.4
111,112,has_breast_color::yellow,yellow breast,a photo of a bird with yellow breast.,True,oxford_aligned_source_to_target,5317,794,4523,0.14933233026142562,3591262,0.8851893846787007,0.0,0.8,0.7
112,113,has_breast_color::olive,olive breast,a photo of a bird with olive breast.,False,oxford_aligned_source_to_target,5317,104,5213,0.019559902200488997,542152,0.6428861278755773,0.0,0.0,0.1
113,114,has_breast_color::green,green breast,a photo of a bird with green breast.,False,oxford_aligned_source_to_target,5317,63,5254,0.011848786909911604,331002,0.7879650274016471,0.0,0.0,0.1
114,115,has_breast_color::pink,pink breast,a photo of a bird with pink breast.,False,oxford_aligned_source_to_target,5317,25,5292,0.0047018995674252394,132300,0.6389644746787604,0.0,0.2,0.1
115,116,has_breast_color::orange,orange breast,a photo of a bird with orange breast.,True,oxford_aligned_source_to_target,5317,170,5147,0.03197291705849163,874990,0.7876050012000138,0.0,0.0,0.1
116,117,has_breast_color::black,black breast,a photo of a bird with black breast.,True,oxford_aligned_source_to_target,5317,1176,4141,0.22117735565168328,4869816,0.720842019493139,1.0,0.8,0.6
117,118,has_breast_color::white,white breast,a photo of a bird with white breast.,True,oxford_aligned_source_to_target,5317,2080,3237,0.39119804400978,6732960,0.6826660191060099,1.0,0.8,0.7
118,119,has_breast_color::red,red breast,a photo of a bird with red breast.,True,oxford_aligned_source_to_target,5317,233,5084,0.043821703968403236,1184572,0.7672340727283778,0.0,0.0,0.0
119,120,has_breast_color::buff,buff breast,a photo of a bird with buff breast.,False,oxford_aligned_source_to_target,5317,996,4321,0.18732367876622155,4303716,0.7396372111914448,1.0,0.8,0.6
120,121,has_throat_color::blue,blue throat,a photo of a bird with blue throat.,False,oxford_aligned_source_to_target,5522,182,5340,0.03295907279971025,971880,0.8658239700374532,1.0,0.6,0.6
121,122,has_throat_color::brown,brown throat,a photo of a bird with brown throat.,True,oxford_aligned_source_to_target,5522,476,5046,0.08620065193770374,2401896,0.5512453495072226,0.0,0.4,0.3
122,123,has_throat_color::iridescent,iridescent throat,a photo of a bird with iridescent throat.,False,oxford_aligned_source_to_target,5522,88,5434,0.01593625498007968,478192,0.660230618663633,0.0,0.0,0.1
123,124,has_throat_color::purple,purple throat,a photo of a bird with purple throat.,False,oxford_aligned_source_to_target,5522,28,5494,0.0050706265845708075,153832,0.715423318945343,0.0,0.2,0.2
124,125,has_throat_color::rufous,rufous throat,a photo of a bird with rufous throat.,False,oxford_aligned_source_to_target,5522,74,5448,0.013400941687794278,403152,0.6575906853990554,1.0,0.2,0.2
125,126,has_throat_color::grey,grey throat,a photo of a bird with grey throat.,True,oxford_aligned_source_to_target,5522,992,4530,0.17964505613908005,4493760,0.6309135334330271,0.0,0.2,0.2
126,127,has_throat_color::yellow,yellow throat,a photo of a bird with yellow throat.,True,oxford_aligned_source_to_target,5522,653,4869,0.11825425570445491,3179457,0.9074461456783344,1.0,1.0,0.8
127,128,has_throat_color::olive,olive throat,a photo of a bird with olive throat.,False,oxford_aligned_source_to_target,5522,88,5434,0.01593625498007968,478192,0.6620102385652625,0.0,0.4,0.3
128,129,has_throat_color::green,green throat,a photo of a bird with green throat.,False,oxford_aligned_source_to_target,5522,60,5462,0.010865628395508874,327720,0.824447699255462,1.0,0.2,0.1
129,130,has_throat_color::pink,pink throat,a photo of a bird with pink throat.,False,oxford_aligned_source_to_target,5522,26,5496,0.004708438971387179,142896,0.6822724219012428,0.0,0.4,0.3
130,131,has_throat_color::orange,orange throat,a photo of a bird with orange throat.,True,oxford_aligned_source_to_target,5522,136,5386,0.02462875769648678,732496,0.7311807846049672,0.0,0.0,0.1
131,132,has_throat_color::black,black throat,a photo of a bird with black throat.,True,oxford_aligned_source_to_target,5522,1259,4263,0.22799710249909452,5367117,0.561990077727018,1.0,0.6,0.5
132,133,has_throat_color::white,white throat,a photo of a bird with white throat.,True,oxford_aligned_source_to_target,5522,2016,3506,0.36508511408909816,7068096,0.6279728656769801,0.0,0.8,0.8
133,134,has_throat_color::red,red throat,a photo of a bird with red throat.,True,oxford_aligned_source_to_target,5522,218,5304,0.039478449837015574,1156272,0.8838543180151383,0.0,0.2,0.3
134,135,has_throat_color::buff,buff throat,a photo of a bird with buff throat.,False,oxford_aligned_source_to_target,5522,796,4726,0.1441506700470844,3761896,0.5872046967805596,0.0,0.4,0.3
135,136,has_eye_color::blue,blue eye,a photo of a bird with blue eye.,False,oxford_aligned_source_to_target,5527,56,5471,0.010132078885471322,306376,0.6535662062302531,0.0,0.0,0.1
136,137,has_eye_color::brown,brown eye,a photo of a bird with brown eye.,False,oxford_aligned_source_to_target,5527,200,5327,0.03618599601954044,1065400,0.5763455040360428,0.0,0.2,0.2
137,138,has_eye_color::purple,purple eye,a photo of a bird with purple eye.,False,oxford_aligned_source_to_target,5527,10,5517,0.0018092998009770218,55170,0.5782309226028639,0.0,0.0,0.0
138,139,has_eye_color::rufous,rufous eye,a photo of a bird with rufous eye.,False,oxford_aligned_source_to_target,5527,67,5460,0.012122308666546046,365820,0.46764529003334976,0.0,0.0,0.0
139,140,has_eye_color::grey,grey eye,a photo of a bird with grey eye.,False,oxford_aligned_source_to_target,5527,101,5426,0.018273927989867923,548026,0.535603237802586,0.0,0.0,0.0
140,141,has_eye_color::yellow,yellow eye,a photo of a bird with yellow eye.,False,oxford_aligned_source_to_target,5527,126,5401,0.022797177492310475,680526,0.4744477066269327,0.0,0.0,0.0
141,142,has_eye_color::olive,olive eye,a photo of a bird with olive eye.,False,oxford_aligned_source_to_target,5527,17,5510,0.003075809661660937,93670,0.4761823422653998,0.0,0.0,0.0
142,143,has_eye_color::green,green eye,a photo of a bird with green eye.,False,oxford_aligned_source_to_target,5527,3,5524,0.0005427899402931065,16572,0.5519551049963795,0.0,0.0,0.0
143,144,has_eye_color::pink,pink eye,a photo of a bird with pink eye.,False,oxford_aligned_source_to_target,5527,23,5504,0.0041613895422471505,126592,0.3225006319514661,0.0,0.0,0.0
144,145,has_eye_color::orange,orange eye,a photo of a bird with orange eye.,False,oxford_aligned_source_to_target,5527,69,5458,0.01248416862674145,376602,0.4840361973648573,0.0,0.0,0.0
145,146,has_eye_color::black,black eye,a photo of a bird with black eye.,False,oxford_aligned_source_to_target,5527,4877,650,0.8823955129364935,3170050,0.5390079020835633,1.0,0.8,0.7
146,147,has_eye_color::white,white eye,a photo of a bird with white eye.,False,oxford_aligned_source_to_target,5527,162,5365,0.029310656775827754,869130,0.4548640594617606,0.0,0.0,0.0
147,148,has_eye_color::red,red eye,a photo of a bird with red eye.,False,oxford_aligned_source_to_target,5527,132,5395,0.02388275737289669,712140,0.4214353919173196,0.0,0.0,0.1
148,149,has_eye_color::buff,buff eye,a photo of a bird with buff eye.,False,oxford_aligned_source_to_target,5527,89,5438,0.016102768228695497,483982,0.4893322478935167,0.0,0.0,0.0
149,150,has_bill_length::about_the_same_as_head,bill about the same length as head,a photo of a bird with bill about the same length as head.,True,oxford_aligned_source_to_target,5667,2119,3548,0.37391918122463386,7518212,0.4403987942877908,0.0,0.4,0.4
150,151,has_bill_length::longer_than_head,bill longer than head,a photo of a bird with bill longer than head.,True,oxford_aligned_source_to_target,5667,348,5319,0.0614081524616199,1851012,0.39682238688890187,0.0,0.0,0.0
151,152,has_bill_length::shorter_than_head,bill shorter than head,a photo of a bird with bill shorter than head.,True,oxford_aligned_source_to_target,5667,3247,2420,0.5729662961002294,7857740,0.5891840401947633,1.0,0.8,0.6
152,153,has_forehead_color::blue,blue forehead,a photo of a bird with blue forehead.,False,oxford_aligned_source_to_target,5515,303,5212,0.05494106980961015,1579236,0.8474293899075249,1.0,0.8,0.8
153,154,has_forehead_color::brown,brown forehead,a photo of a bird with brown forehead.,False,oxford_aligned_source_to_target,5515,998,4517,0.18096101541251133,4507966,0.6778427343950686,1.0,0.2,0.3
154,155,has_forehead_color::iridescent,iridescent forehead,a photo of a bird with iridescent forehead.,False,oxford_aligned_source_to_target,5515,124,5391,0.022484134179510427,668484,0.6771343816755524,0.0,0.2,0.3
155,156,has_forehead_color::purple,purple forehead,a photo of a bird with purple forehead.,False,oxford_aligned_source_to_target,5515,32,5483,0.005802357207615594,175456,0.7214914280503374,0.0,0.0,0.1
156,157,has_forehead_color::rufous,rufous forehead,a photo of a bird with rufous forehead.,False,oxford_aligned_source_to_target,5515,88,5427,0.015956482320942884,477576,0.6908052330937903,0.0,0.0,0.0
157,158,has_forehead_color::grey,grey forehead,a photo of a bird with grey forehead.,False,oxford_aligned_source_to_target,5515,1181,4334,0.21414324569356302,5118454,0.6651389267149808,0.0,0.6,0.7
158,159,has_forehead_color::yellow,yellow forehead,a photo of a bird with yellow forehead.,False,oxford_aligned_source_to_target,5515,483,5032,0.08757932910244787,2430456,0.8616769857179064,1.0,0.6,0.6
159,160,has_forehead_color::olive,olive forehead,a photo of a bird with olive forehead.,False,oxford_aligned_source_to_target,5515,128,5387,0.023209428830462377,689536,0.6121986379246334,0.0,0.0,0.1
160,161,has_forehead_color::green,green forehead,a photo of a bird with green forehead.,False,oxford_aligned_source_to_target,5515,53,5462,0.009610154125113327,289486,0.7172298487664343,0.0,0.2,0.1
161,162,has_forehead_color::pink,pink forehead,a photo of a bird with pink forehead.,False,oxford_aligned_source_to_target,5515,24,5491,0.004351767905711695,131784,0.6738602561767741,0.0,0.2,0.2
162,163,has_forehead_color::orange,orange forehead,a photo of a bird with orange forehead.,False,oxford_aligned_source_to_target,5515,159,5356,0.028830462375339982,851604,0.7423145029849555,1.0,0.6,0.3
163,164,has_forehead_color::black,black forehead,a photo of a bird with black forehead.,False,oxford_aligned_source_to_target,5515,1864,3651,0.3379873073436083,6805464,0.5698166943503044,0.0,0.4,0.5
164,165,has_forehead_color::white,white forehead,a photo of a bird with white forehead.,False,oxford_aligned_source_to_target,5515,807,4708,0.14632819582955575,3799356,0.6963010310168355,0.0,0.6,0.4
165,166,has_forehead_color::red,red forehead,a photo of a bird with red forehead.,False,oxford_aligned_source_to_target,5515,254,5261,0.04605621033544877,1336294,0.8396101456715364,0.0,0.2,0.4
166,167,has_forehead_color::buff,buff forehead,a photo of a bird with buff forehead.,False,oxford_aligned_source_to_target,5515,708,4807,0.12837715321849502,3403356,0.5959120938273869,0.0,0.4,0.2
167,168,has_under_tail_color::blue,blue under tail,a photo of a bird with blue under tail.,False,oxford_aligned_source_to_target,4343,203,4140,0.04674188349067465,840420,0.8848230646581471,1.0,0.6,0.7
168,169,has_under_tail_color::brown,brown under tail,a photo of a bird with brown under tail.,False,oxford_aligned_source_to_target,4343,891,3452,0.20515772507483307,3075732,0.6883932020084975,0.0,0.4,0.5
169,170,has_under_tail_color::iridescent,iridescent under tail,a photo of a bird with iridescent under tail.,False,oxford_aligned_source_to_target,4343,65,4278,0.014966612940363803,278070,0.6524472255187542,0.0,0.2,0.1
170,171,has_under_tail_color::purple,purple under tail,a photo of a bird with purple under tail.,False,oxford_aligned_source_to_target,4343,18,4325,0.004144600506562284,77850,0.5380732177263969,0.0,0.0,0.0
171,172,has_under_tail_color::rufous,rufous under tail,a photo of a bird with rufous under tail.,False,oxford_aligned_source_to_target,4343,52,4291,0.011973290352291043,223132,0.6614067009662442,0.0,0.0,0.0
172,173,has_under_tail_color::grey,grey under tail,a photo of a bird with grey under tail.,False,oxford_aligned_source_to_target,4343,1213,3130,0.2793000230255584,3796690,0.6039280267812226,0.0,0.4,0.5
173,174,has_under_tail_color::yellow,yellow under tail,a photo of a bird with yellow under tail.,False,oxford_aligned_source_to_target,4343,383,3960,0.08818788855629749,1516680,0.825939552179761,0.0,0.2,0.2
174,175,has_under_tail_color::olive,olive under tail,a photo of a bird with olive under tail.,False,oxford_aligned_source_to_target,4343,125,4218,0.028781947962238083,527250,0.6049710763394974,0.0,0.4,0.3
175,176,has_under_tail_color::green,green under tail,a photo of a bird with green under tail.,False,oxford_aligned_source_to_target,4343,56,4287,0.012894312687082661,240072,0.7472841480889066,0.0,0.2,0.2
176,177,has_under_tail_color::pink,pink under tail,a photo of a bird with pink under tail.,False,oxford_aligned_source_to_target,4343,23,4320,0.0052958784250518075,99360,0.4312097423510467,0.0,0.0,0.0
177,178,has_under_tail_color::orange,orange under tail,a photo of a bird with orange under tail.,False,oxford_aligned_source_to_target,4343,109,4234,0.02509785862307161,461506,0.7337586076887408,0.0,0.2,0.1
178,179,has_under_tail_color::black,black under tail,a photo of a bird with black under tail.,False,oxford_aligned_source_to_target,4343,1808,2535,0.41630209532581164,4583280,0.6300944956450403,1.0,0.8,0.9
179,180,has_under_tail_color::white,white under tail,a photo of a bird with white under tail.,False,oxford_aligned_source_to_target,4343,1034,3309,0.23808427354363343,3421506,0.6146147339797153,1.0,0.6,0.4
180,181,has_under_tail_color::red,red under tail,a photo of a bird with red under tail.,False,oxford_aligned_source_to_target,4343,83,4260,0.01911121344692609,353580,0.7874229311612648,0.0,0.0,0.0
181,182,has_under_tail_color::buff,buff under tail,a photo of a bird with buff under tail.,False,oxford_aligned_source_to_target,4343,694,3649,0.15979737508634584,2532406,0.5722709944613936,1.0,0.2,0.2
182,183,has_nape_color::blue,blue nape,a photo of a bird with blue nape.,False,oxford_aligned_source_to_target,5367,289,5078,0.053847587106390905,1467542,0.8732520091418168,1.0,0.8,0.9
183,184,has_nape_color::brown,brown nape,a photo of a bird with brown nape.,False,oxford_aligned_source_to_target,5367,1012,4355,0.18855971678777717,4407260,0.6869072847982647,1.0,0.6,0.5
184,185,has_nape_color::iridescent,iridescent nape,a photo of a bird with iridescent nape.,False,oxford_aligned_source_to_target,5367,119,5248,0.02217253586733743,624512,0.6305371233859397,1.0,0.2,0.2
185,186,has_nape_color::purple,purple nape,a photo of a bird with purple nape.,False,oxford_aligned_source_to_target,5367,34,5333,0.006335010247810695,181322,0.7445042521039918,0.0,0.2,0.4
186,187,has_nape_color::rufous,rufous nape,a photo of a bird with rufous nape.,False,oxford_aligned_source_to_target,5367,80,5287,0.014905906465436929,422960,0.7227468318517117,1.0,0.2,0.1
187,188,has_nape_color::grey,grey nape,a photo of a bird with grey nape.,False,oxford_aligned_source_to_target,5367,1427,3940,0.2658841065772312,5622380,0.6801231862663143,1.0,0.6,0.7
188,189,has_nape_color::yellow,yellow nape,a photo of a bird with yellow nape.,False,oxford_aligned_source_to_target,5367,464,4903,0.08645425749953418,2274992,0.8937706154571093,0.0,0.4,0.6
189,190,has_nape_color::olive,olive nape,a photo of a bird with olive nape.,False,oxford_aligned_source_to_target,5367,183,5184,0.03409726103968697,948672,0.6728684940632801,0.0,0.2,0.1
190,191,has_nape_color::green,green nape,a photo of a bird with green nape.,False,oxford_aligned_source_to_target,5367,80,5287,0.014905906465436929,422960,0.828454227350104,0.0,0.0,0.1
191,192,has_nape_color::pink,pink nape,a photo of a bird with pink nape.,False,oxford_aligned_source_to_target,5367,33,5334,0.006148686416992733,176022,0.6290179636636329,1.0,0.6,0.3
192,193,has_nape_color::orange,orange nape,a photo of a bird with orange nape.,False,oxford_aligned_source_to_target,5367,126,5241,0.023476802683063163,660366,0.7887535094175049,0.0,0.2,0.2
193,194,has_nape_color::black,black nape,a photo of a bird with black nape.,False,oxford_aligned_source_to_target,5367,1507,3860,0.28079001304266815,5817020,0.6610178407500747,0.0,0.6,0.6
194,195,has_nape_color::white,white nape,a photo of a bird with white nape.,False,oxford_aligned_source_to_target,5367,1274,4093,0.2373765604620831,5214482,0.6533216530424307,1.0,0.8,0.6
195,196,has_nape_color::red,red nape,a photo of a bird with red nape.,False,oxford_aligned_source_to_target,5367,199,5168,0.03707844233277436,1028432,0.8776302176517261,0.0,0.2,0.4
196,197,has_nape_color::buff,buff nape,a photo of a bird with buff nape.,False,oxford_aligned_source_to_target,5367,889,4478,0.1656418855971679,3980942,0.5671218018247942,1.0,0.4,0.2
197,198,has_belly_color::blue,blue belly,a photo of a bird with blue belly.,False,oxford_aligned_source_to_target,5144,144,5000,0.027993779160186624,720000,0.8189388888888889,0.0,0.0,0.2
198,199,has_belly_color::brown,brown belly,a photo of a bird with brown belly.,True,oxford_aligned_source_to_target,5144,513,4631,0.09972783825816485,2375703,0.5868593422662681,0.0,0.0,0.1
199,200,has_belly_color::iridescent,iridescent belly,a photo of a bird with iridescent belly.,False,oxford_aligned_source_to_target,5144,81,5063,0.015746500777604977,410103,0.6795414810425674,0.0,0.2,0.2
200,201,has_belly_color::purple,purple belly,a photo of a bird with purple belly.,False,oxford_aligned_source_to_target,5144,19,5125,0.0036936236391912907,97375,0.6772477535301669,0.0,0.4,0.2
201,202,has_belly_color::rufous,rufous belly,a photo of a bird with rufous belly.,False,oxford_aligned_source_to_target,5144,79,5065,0.015357698289269051,400135,0.6965599110300273,0.0,0.0,0.0
202,203,has_belly_color::grey,grey belly,a photo of a bird with grey belly.,True,oxford_aligned_source_to_target,5144,996,4148,0.19362363919129083,4131408,0.6550173693810923,0.0,0.4,0.6
203,204,has_belly_color::yellow,yellow belly,a photo of a bird with yellow belly.,True,oxford_aligned_source_to_target,5144,844,4300,0.1640746500777605,3629200,0.8440755538410669,1.0,0.4,0.3
204,205,has_belly_color::olive,olive belly,a photo of a bird with olive belly.,False,oxford_aligned_source_to_target,5144,117,5027,0.022744945567651633,588159,0.5647248448123722,0.0,0.0,0.1
205,206,has_belly_color::green,green belly,a photo of a bird with green belly.,False,oxford_aligned_source_to_target,5144,68,5076,0.013219284603421462,345168,0.8148466833541927,0.0,0.0,0.1
206,207,has_belly_color::pink,pink belly,a photo of a bird with pink belly.,False,oxford_aligned_source_to_target,5144,31,5113,0.0060264385692068425,158503,0.5214664706661704,0.0,0.2,0.1
207,208,has_belly_color::orange,orange belly,a photo of a bird with orange belly.,True,oxford_aligned_source_to_target,5144,165,4979,0.03207620528771384,821535,0.8168720748355213,0.0,0.2,0.2
208,209,has_belly_color::black,black belly,a photo of a bird with black belly.,True,oxford_aligned_source_to_target,5144,852,4292,0.1656298600311042,3656784,0.6380017250130169,0.0,0.2,0.1
209,210,has_belly_color::white,white belly,a photo of a bird with white belly.,True,oxford_aligned_source_to_target,5144,2167,2977,0.4212674961119751,6451159,0.695677939421428,1.0,0.8,0.8
210,211,has_belly_color::red,red belly,a photo of a bird with red belly.,True,oxford_aligned_source_to_target,5144,200,4944,0.038880248833592534,988800,0.8456806229773463,0.0,0.2,0.3
211,212,has_belly_color::buff,buff belly,a photo of a bird with buff belly.,False,oxford_aligned_source_to_target,5144,948,4196,0.18429237947122862,3977808,0.589388929782433,1.0,0.4,0.3
212,213,has_wing_shape::rounded-wings,rounded wings,a photo of a bird with rounded wings.,True,oxford_aligned_source_to_target,3830,1653,2177,0.4315926892950392,3598581,0.5378777079076447,1.0,0.4,0.6
213,214,has_wing_shape::pointed-wings,pointed wings,a photo of a bird with pointed wings.,True,oxford_aligned_source_to_target,3830,1163,2667,0.30365535248041775,3101721,0.5055956032151183,0.0,0.2,0.3
214,215,has_wing_shape::broad-wings,broad wings,a photo of a bird with broad wings.,True,oxford_aligned_source_to_target,3830,335,3495,0.08746736292428199,1170825,0.47291354386863965,0.0,0.0,0.0
215,216,has_wing_shape::tapered-wings,tapered wings,a photo of a bird with tapered wings.,True,oxford_aligned_source_to_target,3830,470,3360,0.1227154046997389,1579200,0.47364108409321176,1.0,0.4,0.2
216,217,has_wing_shape::long-wings,long wings,a photo of a bird with long wings.,True,oxford_aligned_source_to_target,3830,379,3451,0.0989556135770235,1307929,0.49690311935892545,0.0,0.2,0.1
217,218,has_size::large_(16_-_32_in),large bird,a photo of a bird with large bird.,True,oxford_aligned_source_to_target,5794,208,5586,0.03589920607525026,1161888,0.4406496151092016,0.0,0.0,0.0
218,219,has_size::small_(5_-_9_in),small bird,a photo of a bird with small bird.,True,oxford_aligned_source_to_target,5794,2958,2836,0.5105281325509148,8388888,0.6120933430032681,1.0,0.2,0.3
219,220,has_size::very_large_(32_-_72_in),very bird,a photo of a bird with very bird.,False,oxford_aligned_source_to_target,5794,96,5698,0.016568864342423197,547008,0.24908045220545222,0.0,0.0,0.0
220,221,has_size::medium_(9_-_16_in),medium bird,a photo of a bird with medium bird.,True,oxford_aligned_source_to_target,5794,1148,4646,0.1981360027614774,5333608,0.3383815421005818,0.0,0.2,0.2
221,222,has_size::very_small_(3_-_5_in),very bird,a photo of a bird with very bird.,False,oxford_aligned_source_to_target,5794,1384,4410,0.2388677942699344,6103440,0.5603494914343387,0.0,0.4,0.3
222,223,has_shape::upright-perching_water-like,upright perching water like body shape,a photo of a bird with upright perching water like body shape.,False,oxford_aligned_source_to_target,5794,125,5669,0.021574042112530202,708625,0.5027518080790263,0.0,0.0,0.1
223,224,has_shape::chicken-like-marsh,chicken like marsh body shape,a photo of a bird with chicken like marsh body shape.,False,oxford_aligned_source_to_target,5794,95,5699,0.016396272005522954,541405,0.5357708185184843,1.0,0.2,0.1
224,225,has_shape::long-legged-like,long legged like body shape,a photo of a bird with long legged like body shape.,False,oxford_aligned_source_to_target,5794,64,5730,0.011045909561615464,366720,0.45471749563699826,0.0,0.0,0.0
225,226,has_shape::duck-like,duck like body shape,a photo of a bird with duck like body shape.,False,oxford_aligned_source_to_target,5794,354,5440,0.06109768726268554,1925760,0.7464372507477567,0.0,0.4,0.6
226,227,has_shape::owl-like,owl like body shape,a photo of a bird with owl like body shape.,False,oxford_aligned_source_to_target,5794,26,5768,0.0044874007594062825,149968,0.6001280273124934,0.0,0.0,0.0
227,228,has_shape::gull-like,gull like body shape,a photo of a bird with gull like body shape.,False,oxford_aligned_source_to_target,5794,404,5390,0.06972730410769762,2177560,0.7732135968698911,0.0,0.4,0.4
228,229,has_shape::hummingbird-like,hummingbird like body shape,a photo of a bird with hummingbird like body shape.,False,oxford_aligned_source_to_target,5794,320,5474,0.055229547808077324,1751680,0.6849647195834856,1.0,0.6,0.5
229,230,has_shape::pigeon-like,pigeon like body shape,a photo of a bird with pigeon like body shape.,False,oxford_aligned_source_to_target,5794,370,5424,0.0638591646530894,2006880,0.6041811169576656,0.0,0.2,0.1
230,231,has_shape::tree-clinging-like,tree clinging like body shape,a photo of a bird with tree clinging like body shape.,False,oxford_aligned_source_to_target,5794,365,5429,0.0629962029685882,1981585,0.5724023950524454,0.0,0.0,0.0
231,232,has_shape::hawk-like,hawk like body shape,a photo of a bird with hawk like body shape.,False,oxford_aligned_source_to_target,5794,189,5605,0.03261995167414567,1059345,0.5980610660360883,0.0,0.2,0.1
232,233,has_shape::sandpiper-like,sandpiper like body shape,a photo of a bird with sandpiper like body shape.,False,oxford_aligned_source_to_target,5794,312,5482,0.05384880911287539,1710384,0.6123718416449172,0.0,0.0,0.1
233,234,has_shape::upland-ground-like,upland ground like body shape,a photo of a bird with upland ground like body shape.,False,oxford_aligned_source_to_target,5794,132,5662,0.022782188470831896,747384,0.5661714727636663,0.0,0.0,0.0
234,235,has_shape::swallow-like,swallow like body shape,a photo of a bird with swallow like body shape.,False,oxford_aligned_source_to_target,5794,211,5583,0.03641698308595098,1178013,0.5693854821636094,0.0,0.0,0.0
235,236,has_shape::perching-like,perching like body shape,a photo of a bird with perching like body shape.,False,oxford_aligned_source_to_target,5794,2827,2967,0.4879185364169831,8387709,0.6135470961140879,1.0,0.8,0.7
236,237,has_back_pattern::solid,solid back,a photo of a bird with solid back.,True,oxford_aligned_source_to_target,4520,2115,2405,0.46792035398230086,5086575,0.5263829787234042,1.0,0.8,0.9
237,238,has_back_pattern::spotted,spotted back,a photo of a bird with spotted back.,True,oxford_aligned_source_to_target,4520,356,4164,0.07876106194690266,1482384,0.719538931882697,1.0,0.8,0.5
238,239,has_back_pattern::striped,striped back,a photo of a bird with striped back.,True,oxford_aligned_source_to_target,4520,898,3622,0.1986725663716814,3252556,0.6528035182176725,0.0,0.2,0.1
239,240,has_back_pattern::multi-colored,multi colored back,a photo of a bird with multi colored back.,True,oxford_aligned_source_to_target,4520,1151,3369,0.25464601769911505,3877719,0.5397773794336309,0.0,0.4,0.3
240,241,has_tail_pattern::solid,solid tail,a photo of a bird with solid tail.,True,oxford_aligned_source_to_target,4405,2077,2328,0.47150964812712826,4835256,0.5100979141538732,1.0,0.6,0.6
241,242,has_tail_pattern::spotted,spotted tail,a photo of a bird with spotted tail.,True,oxford_aligned_source_to_target,4405,263,4142,0.05970488081725312,1089346,0.644059830393649,1.0,0.6,0.5
242,243,has_tail_pattern::striped,striped tail,a photo of a bird with striped tail.,True,oxford_aligned_source_to_target,4405,708,3697,0.16072644721906923,2617476,0.5964345040795025,0.0,0.2,0.3
243,244,has_tail_pattern::multi-colored,multi colored tail,a photo of a bird with multi colored tail.,True,oxford_aligned_source_to_target,4405,1357,3048,0.3080590238365494,4136136,0.531296843237263,1.0,0.4,0.4
244,245,has_belly_pattern::solid,solid belly,a photo of a bird with solid belly.,True,oxford_aligned_source_to_target,5105,3321,1784,0.6505386875612145,5924664,0.48521738954310323,0.0,0.0,0.4
245,246,has_belly_pattern::spotted,spotted belly,a photo of a bird with spotted belly.,True,oxford_aligned_source_to_target,5105,298,4807,0.0583741429970617,1432486,0.7037646441221764,1.0,0.2,0.4
246,247,has_belly_pattern::striped,striped belly,a photo of a bird with striped belly.,True,oxford_aligned_source_to_target,5105,566,4539,0.110871694417238,2569074,0.6301291827327667,1.0,0.4,0.2
247,248,has_belly_pattern::multi-colored,multi colored belly,a photo of a bird with multi colored belly.,True,oxford_aligned_source_to_target,5105,920,4185,0.1802154750244858,3850200,0.5378440081034751,0.0,0.2,0.1
248,249,has_primary_color::blue,blue primary,a photo of a bird with blue primary.,False,oxford_aligned_source_to_target,5794,367,5427,0.06334138764238868,1991709,0.8599092538116763,1.0,1.0,0.9
249,250,has_primary_color::brown,brown primary,a photo of a bird with brown primary.,False,oxford_aligned_source_to_target,5794,1437,4357,0.2480151881256472,6261009,0.6506117464453414,1.0,0.8,0.7
250,251,has_primary_color::iridescent,iridescent primary,a photo of a bird with iridescent primary.,False,oxford_aligned_source_to_target,5794,110,5684,0.018985157059026578,625240,0.6807721834815431,0.0,0.2,0.1
251,252,has_primary_color::purple,purple primary,a photo of a bird with purple primary.,False,oxford_aligned_source_to_target,5794,44,5750,0.0075940628236106315,253000,0.6243083003952569,0.0,0.2,0.1
252,253,has_primary_color::rufous,rufous primary,a photo of a bird with rufous primary.,False,oxford_aligned_source_to_target,5794,107,5687,0.018467380048325856,608509,0.7083937953259525,0.0,0.0,0.0
253,254,has_primary_color::grey,grey primary,a photo of a bird with grey primary.,False,oxford_aligned_source_to_target,5794,1728,4066,0.2982395581636175,7026048,0.6506610117095699,0.0,0.6,0.5
254,255,has_primary_color::yellow,yellow primary,a photo of a bird with yellow primary.,False,oxford_aligned_source_to_target,5794,901,4893,0.1555056955471177,4408593,0.928147370374176,1.0,0.8,0.7
255,256,has_primary_color::olive,olive primary,a photo of a bird with olive primary.,False,oxford_aligned_source_to_target,5794,248,5546,0.042802899551259925,1375408,0.5941615142561335,0.0,0.0,0.0
256,257,has_primary_color::green,green primary,a photo of a bird with green primary.,False,oxford_aligned_source_to_target,5794,107,5687,0.018467380048325856,608509,0.7959454995735478,0.0,0.2,0.3
257,258,has_primary_color::pink,pink primary,a photo of a bird with pink primary.,False,oxford_aligned_source_to_target,5794,45,5749,0.007766655160510874,258705,0.5144817456175953,0.0,0.2,0.2
258,259,has_primary_color::orange,orange primary,a photo of a bird with orange primary.,False,oxford_aligned_source_to_target,5794,228,5566,0.03935105281325509,1269048,0.7550581223090065,0.0,0.2,0.2
259,260,has_primary_color::black,black primary,a photo of a bird with black primary.,False,oxford_aligned_source_to_target,5794,2060,3734,0.35554021401449776,7692040,0.648375008450294,1.0,0.8,0.8
260,261,has_primary_color::white,white primary,a photo of a bird with white primary.,False,oxford_aligned_source_to_target,5794,1680,4114,0.2899551259924059,6911520,0.6387350394703336,0.0,0.6,0.7
261,262,has_primary_color::red,red primary,a photo of a bird with red primary.,False,oxford_aligned_source_to_target,5794,232,5562,0.04004142216085606,1290384,0.8730563925157162,1.0,0.2,0.4
262,263,has_primary_color::buff,buff primary,a photo of a bird with buff primary.,False,oxford_aligned_source_to_target,5794,1109,4685,0.19140490162236798,5195665,0.5381721107885131,0.0,0.2,0.3
263,264,has_leg_color::blue,blue leg,a photo of a bird with blue leg.,False,oxford_aligned_source_to_target,4785,77,4708,0.016091954022988506,362516,0.6763067009456134,1.0,0.4,0.2
264,265,has_leg_color::brown,brown leg,a photo of a bird with brown leg.,False,oxford_aligned_source_to_target,4785,446,4339,0.09320794148380356,1935194,0.5602890459561161,0.0,0.0,0.1
265,266,has_leg_color::iridescent,iridescent leg,a photo of a bird with iridescent leg.,False,oxford_aligned_source_to_target,4785,22,4763,0.004597701149425287,104786,0.5368083522607981,1.0,0.2,0.1
266,267,has_leg_color::purple,purple leg,a photo of a bird with purple leg.,False,oxford_aligned_source_to_target,4785,23,4762,0.004806687565308255,109526,0.47724741157350764,0.0,0.0,0.0
267,268,has_leg_color::rufous,rufous leg,a photo of a bird with rufous leg.,False,oxford_aligned_source_to_target,4785,66,4719,0.013793103448275862,311454,0.4576454307859267,0.0,0.0,0.0
268,269,has_leg_color::grey,grey leg,a photo of a bird with grey leg.,False,oxford_aligned_source_to_target,4785,1467,3318,0.3065830721003135,4867506,0.5157181110819381,0.0,0.4,0.4
269,270,has_leg_color::yellow,yellow leg,a photo of a bird with yellow leg.,False,oxford_aligned_source_to_target,4785,107,4678,0.022361546499477535,500546,0.6307781902162838,0.0,0.0,0.0
270,271,has_leg_color::olive,olive leg,a photo of a bird with olive leg.,False,oxford_aligned_source_to_target,4785,29,4756,0.006060606060606061,137924,0.5129636611467184,0.0,0.0,0.0
271,272,has_leg_color::green,green leg,a photo of a bird with green leg.,False,oxford_aligned_source_to_target,4785,7,4778,0.0014629049111807733,33446,0.49698020690067574,0.0,0.0,0.0
272,273,has_leg_color::pink,pink leg,a photo of a bird with pink leg.,False,oxford_aligned_source_to_target,4785,147,4638,0.030721003134796237,681786,0.6098130498426192,0.0,0.0,0.0
273,274,has_leg_color::orange,orange leg,a photo of a bird with orange leg.,False,oxford_aligned_source_to_target,4785,478,4307,0.09989550679205851,2058746,0.5560418818057206,0.0,0.0,0.0
274,275,has_leg_color::black,black leg,a photo of a bird with black leg.,False,oxford_aligned_source_to_target,4785,1423,3362,0.2973876698014629,4784126,0.5833661153573296,1.0,0.6,0.5
275,276,has_leg_color::white,white leg,a photo of a bird with white leg.,False,oxford_aligned_source_to_target,4785,191,4594,0.039916405433646815,877454,0.6022173242130072,0.0,0.2,0.3
276,277,has_leg_color::red,red leg,a photo of a bird with red leg.,False,oxford_aligned_source_to_target,4785,167,4618,0.03490073145245559,771206,0.6533403526424846,0.0,0.0,0.2
277,278,has_leg_color::buff,buff leg,a photo of a bird with buff leg.,False,oxford_aligned_source_to_target,4785,957,3828,0.2,3663396,0.5453105533772489,1.0,0.2,0.3
278,279,has_bill_color::blue,blue bill,a photo of a bird with blue bill.,True,oxford_aligned_source_to_target,5672,151,5521,0.02662200282087447,833671,0.7880938643661588,1.0,0.2,0.1
279,280,has_bill_color::brown,brown bill,a photo of a bird with brown bill.,True,oxford_aligned_source_to_target,5672,488,5184,0.08603667136812412,2529792,0.6359554461394454,1.0,0.4,0.2
280,281,has_bill_color::iridescent,iridescent bill,a photo of a bird with iridescent bill.,False,oxford_aligned_source_to_target,5672,53,5619,0.009344146685472496,297807,0.54799249178159,0.0,0.0,0.0
281,282,has_bill_color::purple,purple bill,a photo of a bird with purple bill.,False,oxford_aligned_source_to_target,5672,17,5655,0.002997179125528914,96135,0.6795027825453789,0.0,0.0,0.0
282,283,has_bill_color::rufous,rufous bill,a photo of a bird with rufous bill.,False,oxford_aligned_source_to_target,5672,81,5591,0.014280677009873061,452871,0.4474452989924283,0.0,0.0,0.0
283,284,has_bill_color::grey,grey bill,a photo of a bird with grey bill.,True,oxford_aligned_source_to_target,5672,1583,4089,0.27909026798307474,6472887,0.533193766552699,1.0,0.4,0.4
284,285,has_bill_color::yellow,yellow bill,a photo of a bird with yellow bill.,True,oxford_aligned_source_to_target,5672,336,5336,0.05923836389280677,1792896,0.5962691087491968,0.0,0.0,0.0
285,286,has_bill_color::olive,olive bill,a photo of a bird with olive bill.,False,oxford_aligned_source_to_target,5672,34,5638,0.005994358251057828,191692,0.6672891930805668,0.0,0.0,0.0
286,287,has_bill_color::green,green bill,a photo of a bird with green bill.,False,oxford_aligned_source_to_target,5672,14,5658,0.002468265162200282,79212,0.7009165277988184,0.0,0.0,0.0
287,288,has_bill_color::pink,pink bill,a photo of a bird with pink bill.,False,oxford_aligned_source_to_target,5672,53,5619,0.009344146685472496,297807,0.6211002427746829,0.0,0.0,0.2
288,289,has_bill_color::orange,orange bill,a photo of a bird with orange bill.,True,oxford_aligned_source_to_target,5672,392,5280,0.0691114245416079,2069760,0.5834686147186147,0.0,0.0,0.0
289,290,has_bill_color::black,black bill,a photo of a bird with black bill.,True,oxford_aligned_source_to_target,5672,2575,3097,0.453984485190409,7974775,0.5950345934524799,1.0,0.8,0.7
290,291,has_bill_color::white,white bill,a photo of a bird with white bill.,True,oxford_aligned_source_to_target,5672,319,5353,0.05624118476727786,1707607,0.5243156065769231,0.0,0.0,0.0
291,292,has_bill_color::red,red bill,a photo of a bird with red bill.,True,oxford_aligned_source_to_target,5672,202,5470,0.03561354019746121,1104940,0.6235958513584448,0.0,0.0,0.2
292,293,has_bill_color::buff,buff bill,a photo of a bird with buff bill.,False,oxford_aligned_source_to_target,5672,823,4849,0.145098730606488,3990727,0.5416541898255631,1.0,0.4,0.3
293,294,has_crown_color::blue,blue crown,a photo of a bird with blue crown.,False,oxford_aligned_source_to_target,5527,317,5210,0.057354803690971595,1651570,0.8612305261054632,1.0,1.0,0.9
294,295,has_crown_color::brown,brown crown,a photo of a bird with brown crown.,True,oxford_aligned_source_to_target,5527,1078,4449,0.19504251854532295,4796022,0.6985713368287302,0.0,0.4,0.5
295,296,has_crown_color::iridescent,iridescent crown,a photo of a bird with iridescent crown.,False,oxford_aligned_source_to_target,5527,129,5398,0.02333996743260358,696342,0.6538180951314153,0.0,0.4,0.3
296,297,has_crown_color::purple,purple crown,a photo of a bird with purple crown.,False,oxford_aligned_source_to_target,5527,36,5491,0.006513479283517279,197676,0.6947429126449342,0.0,0.0,0.1
297,298,has_crown_color::rufous,rufous crown,a photo of a bird with rufous crown.,False,oxford_aligned_source_to_target,5527,97,5430,0.017550208069477113,526710,0.6990022972793378,0.0,0.0,0.0
298,299,has_crown_color::grey,grey crown,a photo of a bird with grey crown.,True,oxford_aligned_source_to_target,5527,1246,4281,0.22543875520173692,5334126,0.6697114016429309,1.0,0.6,0.6
299,300,has_crown_color::yellow,yellow crown,a photo of a bird with yellow crown.,True,oxford_aligned_source_to_target,5527,407,5120,0.07363850189976479,2083840,0.8768825821560197,0.0,0.6,0.6
300,301,has_crown_color::olive,olive crown,a photo of a bird with olive crown.,False,oxford_aligned_source_to_target,5527,142,5385,0.02569205717387371,764670,0.6703891874926439,0.0,0.0,0.2
301,302,has_crown_color::green,green crown,a photo of a bird with green crown.,False,oxford_aligned_source_to_target,5527,66,5461,0.011941378686448345,360426,0.7630970018811074,0.0,0.0,0.2
302,303,has_crown_color::pink,pink crown,a photo of a bird with pink crown.,False,oxford_aligned_source_to_target,5527,36,5491,0.006513479283517279,197676,0.6240059491288775,0.0,0.4,0.3
303,304,has_crown_color::orange,orange crown,a photo of a bird with orange crown.,False,oxford_aligned_source_to_target,5527,153,5374,0.027682286954948433,822222,0.7193191133294901,1.0,0.4,0.3
304,305,has_crown_color::black,black crown,a photo of a bird with black crown.,True,oxford_aligned_source_to_target,5527,1855,3672,0.33562511308123755,6811560,0.5999698306995754,0.0,0.6,0.7
305,306,has_crown_color::white,white crown,a photo of a bird with white crown.,True,oxford_aligned_source_to_target,5527,712,4815,0.12882214582956397,3428280,0.6298216598410865,0.0,0.0,0.2
306,307,has_crown_color::red,red crown,a photo of a bird with red crown.,True,oxford_aligned_source_to_target,5527,297,5230,0.05373620408901755,1553310,0.8567710244574489,1.0,0.4,0.5
307,308,has_crown_color::buff,buff crown,a photo of a bird with buff crown.,False,oxford_aligned_source_to_target,5527,718,4809,0.12990772571015016,3452862,0.5748906269639504,0.0,0.0,0.0
308,309,has_wing_pattern::solid,solid wing,a photo of a bird with solid wing.,True,oxford_aligned_source_to_target,5175,1650,3525,0.3188405797101449,5816250,0.5264367075005373,0.0,0.2,0.3
309,310,has_wing_pattern::spotted,spotted wing,a photo of a bird with spotted wing.,True,oxford_aligned_source_to_target,5175,430,4745,0.08309178743961353,2040350,0.7269272428749969,1.0,1.0,0.7
310,311,has_wing_pattern::striped,striped wing,a photo of a bird with striped wing.,True,oxford_aligned_source_to_target,5175,1303,3872,0.25178743961352656,5045216,0.6358322418703183,0.0,0.2,0.3
311,312,has_wing_pattern::multi-colored,multi colored wing,a photo of a bird with multi colored wing.,True,oxford_aligned_source_to_target,5175,1792,3383,0.346280193236715,6062336,0.5532058104334698,0.0,0.2,0.3
0,1,has_bill_shape::curved_(up_or_down),curved up or down bill,a photo of a bird with curved up or down bill.,False,cub_train_aligned_source_to_target,5670,119,5551,0.020987654320987655,660569,0.490116853803312,0.0,0.0,0.0
1,2,has_bill_shape::dagger,dagger bill,a photo of a bird with dagger bill.,True,cub_train_aligned_source_to_target,5670,786,4884,0.13862433862433862,3838824,0.5162605787605787,0.0,0.4,0.4
2,3,has_bill_shape::hooked,hooked bill,a photo of a bird with hooked bill.,True,cub_train_aligned_source_to_target,5670,95,5575,0.01675485008818342,529625,0.4977606797262214,0.0,0.0,0.0
3,4,has_bill_shape::needle,needle bill,a photo of a bird with needle bill.,True,cub_train_aligned_source_to_target,5670,149,5521,0.026278659611992945,822629,0.6304980738583249,0.0,0.0,0.0
4,5,has_bill_shape::hooked_seabird,hooked seabird bill,a photo of a bird with hooked seabird bill.,False,cub_train_aligned_source_to_target,5670,373,5297,0.06578483245149912,1975781,0.8608879222950316,1.0,0.2,0.4
5,6,has_bill_shape::spatulate,spatulate bill,a photo of a bird with spatulate bill.,False,cub_train_aligned_source_to_target,5670,224,5446,0.03950617283950617,1219904,0.2499647513246944,0.0,0.0,0.0
6,7,has_bill_shape::all-purpose,all purpose bill,a photo of a bird with all purpose bill.,False,cub_train_aligned_source_to_target,5670,2337,3333,0.4121693121693122,7789221,0.5479182706460634,0.0,0.6,0.5
7,8,has_bill_shape::cone,cone bill,a photo of a bird with cone bill.,True,cub_train_aligned_source_to_target,5670,1468,4202,0.2589065255731922,6168536,0.5735670505935282,0.0,0.2,0.2
8,9,has_bill_shape::specialized,specialized bill,a photo of a bird with specialized bill.,False,cub_train_aligned_source_to_target,5670,119,5551,0.020987654320987655,660569,0.3997016208753363,0.0,0.0,0.0
9,10,has_wing_color::blue,blue wing,a photo of a bird with blue wing.,True,cub_train_aligned_source_to_target,5349,296,5053,0.05533744625163582,1495688,0.887009189082215,1.0,0.8,0.9
10,11,has_wing_color::brown,brown wing,a photo of a bird with brown wing.,True,cub_train_aligned_source_to_target,5349,1557,3792,0.29108244531688166,5904144,0.6941482118322317,1.0,0.6,0.8
11,12,has_wing_color::iridescent,iridescent wing,a photo of a bird with iridescent wing.,False,cub_train_aligned_source_to_target,5349,112,5237,0.020938493176294634,586544,0.6546311956136283,0.0,0.0,0.0
12,13,has_wing_color::purple,purple wing,a photo of a bird with purple wing.,False,cub_train_aligned_source_to_target,5349,26,5323,0.004860721630211255,138398,0.6757034061185855,0.0,0.0,0.0
13,14,has_wing_color::rufous,rufous wing,a photo of a bird with rufous wing.,False,cub_train_aligned_source_to_target,5349,69,5280,0.012899607403252944,364320,0.7519323671497584,0.0,0.0,0.0
14,15,has_wing_color::grey,grey wing,a photo of a bird with grey wing.,True,cub_train_aligned_source_to_target,5349,1768,3581,0.3305290708543653,6331208,0.6009812819291358,0.0,0.8,0.7
15,16,has_wing_color::yellow,yellow wing,a photo of a bird with yellow wing.,True,cub_train_aligned_source_to_target,5349,546,4803,0.10207515423443635,2622438,0.8252168402074711,1.0,0.2,0.1
16,17,has_wing_color::olive,olive wing,a photo of a bird with olive wing.,False,cub_train_aligned_source_to_target,5349,210,5139,0.03925967470555244,1079190,0.5642416997933636,1.0,0.6,0.4
17,18,has_wing_color::green,green wing,a photo of a bird with green wing.,False,cub_train_aligned_source_to_target,5349,95,5254,0.0177603290334642,499130,0.6597539719111254,0.0,0.4,0.2
18,19,has_wing_color::pink,pink wing,a photo of a bird with pink wing.,False,cub_train_aligned_source_to_target,5349,25,5324,0.004673770798280052,133100,0.5175732531930879,0.0,0.0,0.0
19,20,has_wing_color::orange,orange wing,a photo of a bird with orange wing.,False,cub_train_aligned_source_to_target,5349,144,5205,0.0269209197980931,749520,0.7482148575088057,1.0,0.2,0.1
20,21,has_wing_color::black,black wing,a photo of a bird with black wing.,True,cub_train_aligned_source_to_target,5349,2461,2888,0.46008599738268835,7107368,0.6148582006728792,1.0,1.0,0.9
21,22,has_wing_color::white,white wing,a photo of a bird with white wing.,True,cub_train_aligned_source_to_target,5349,1510,3839,0.28229575621611513,5796890,0.5996747393861191,1.0,0.4,0.4
22,23,has_wing_color::red,red wing,a photo of a bird with red wing.,True,cub_train_aligned_source_to_target,5349,122,5227,0.022808001495606654,637694,0.735429532032605,0.0,0.0,0.0
23,24,has_wing_color::buff,buff wing,a photo of a bird with buff wing.,False,cub_train_aligned_source_to_target,5349,1058,4291,0.19779398018321181,4539878,0.5710211816264666,0.0,0.6,0.3
24,25,has_upperparts_color::blue,blue upperparts,a photo of a bird with blue upperparts.,False,cub_train_aligned_source_to_target,5050,301,4749,0.0596039603960396,1429449,0.8726306429960076,1.0,0.8,0.8
25,26,has_upperparts_color::brown,brown upperparts,a photo of a bird with brown upperparts.,False,cub_train_aligned_source_to_target,5050,1383,3667,0.2738613861386139,5071461,0.6614131509637953,1.0,0.8,0.6
26,27,has_upperparts_color::iridescent,iridescent upperparts,a photo of a bird with iridescent upperparts.,False,cub_train_aligned_source_to_target,5050,149,4901,0.029504950495049503,730249,0.6144520567641996,0.0,0.0,0.1
27,28,has_upperparts_color::purple,purple upperparts,a photo of a bird with purple upperparts.,False,cub_train_aligned_source_to_target,5050,31,5019,0.006138613861386139,155589,0.6403473253250551,0.0,0.0,0.1
28,29,has_upperparts_color::rufous,rufous upperparts,a photo of a bird with rufous upperparts.,False,cub_train_aligned_source_to_target,5050,70,4980,0.013861386138613862,348600,0.7027567412507172,0.0,0.0,0.0
29,30,has_upperparts_color::grey,grey upperparts,a photo of a bird with grey upperparts.,False,cub_train_aligned_source_to_target,5050,1711,3339,0.33881188118811884,5713029,0.5843303088431724,1.0,0.8,0.7
30,31,has_upperparts_color::yellow,yellow upperparts,a photo of a bird with yellow upperparts.,False,cub_train_aligned_source_to_target,5050,543,4507,0.10752475247524752,2447301,0.8605594489603036,1.0,0.8,0.6
31,32,has_upperparts_color::olive,olive upperparts,a photo of a bird with olive upperparts.,False,cub_train_aligned_source_to_target,5050,223,4827,0.044158415841584156,1076421,0.5967822998622286,0.0,0.0,0.1
32,33,has_upperparts_color::green,green upperparts,a photo of a bird with green upperparts.,False,cub_train_aligned_source_to_target,5050,108,4942,0.021386138613861388,533736,0.7635385284110496,0.0,0.2,0.3
33,34,has_upperparts_color::pink,pink upperparts,a photo of a bird with pink upperparts.,False,cub_train_aligned_source_to_target,5050,28,5022,0.005544554455445544,140616,0.5020196848153837,1.0,0.4,0.2
34,35,has_upperparts_color::orange,orange upperparts,a photo of a bird with orange upperparts.,False,cub_train_aligned_source_to_target,5050,149,4901,0.029504950495049503,730249,0.7970377227493636,1.0,0.2,0.2
35,36,has_upperparts_color::black,black upperparts,a photo of a bird with black upperparts.,False,cub_train_aligned_source_to_target,5050,2273,2777,0.4500990099009901,6312121,0.5750919540357353,0.0,0.6,0.6
36,37,has_upperparts_color::white,white upperparts,a photo of a bird with white upperparts.,False,cub_train_aligned_source_to_target,5050,1349,3701,0.26712871287128714,4992649,0.5628423908830763,0.0,0.4,0.5
37,38,has_upperparts_color::red,red upperparts,a photo of a bird with red upperparts.,False,cub_train_aligned_source_to_target,5050,126,4924,0.024950495049504952,620424,0.8068901267520276,0.0,0.2,0.2
38,39,has_upperparts_color::buff,buff upperparts,a photo of a bird with buff upperparts.,False,cub_train_aligned_source_to_target,5050,997,4053,0.19742574257425743,4040841,0.5422804312270638,0.0,0.2,0.3
39,40,has_underparts_color::blue,blue underparts,a photo of a bird with blue underparts.,False,cub_train_aligned_source_to_target,5234,174,5060,0.03324417271685136,880440,0.8978896915178775,0.0,0.4,0.6
40,41,has_underparts_color::brown,brown underparts,a photo of a bird with brown underparts.,False,cub_train_aligned_source_to_target,5234,593,4641,0.11329766908674055,2752113,0.676813415728206,1.0,1.0,0.7
41,42,has_underparts_color::iridescent,iridescent underparts,a photo of a bird with iridescent underparts.,False,cub_train_aligned_source_to_target,5234,92,5142,0.01757737867787543,473064,0.7013575330187881,0.0,0.0,0.2
42,43,has_underparts_color::purple,purple underparts,a photo of a bird with purple underparts.,False,cub_train_aligned_source_to_target,5234,24,5210,0.0045854031333588076,125040,0.5794145873320538,0.0,0.2,0.2
43,44,has_underparts_color::rufous,rufous underparts,a photo of a bird with rufous underparts.,False,cub_train_aligned_source_to_target,5234,88,5146,0.016813144822315627,452848,0.73411166660778,0.0,0.2,0.2
44,45,has_underparts_color::grey,grey underparts,a photo of a bird with grey underparts.,False,cub_train_aligned_source_to_target,5234,1081,4153,0.2065341994650363,4489393,0.6730463338807718,1.0,0.8,0.8
45,46,has_underparts_color::yellow,yellow underparts,a photo of a bird with yellow underparts.,False,cub_train_aligned_source_to_target,5234,866,4368,0.16545662972869699,3782688,0.9303373685590776,1.0,0.8,0.9
46,47,has_underparts_color::olive,olive underparts,a photo of a bird with olive underparts.,False,cub_train_aligned_source_to_target,5234,132,5102,0.025219717233473445,673464,0.7454585545775275,0.0,0.0,0.0
47,48,has_underparts_color::green,green underparts,a photo of a bird with green underparts.,False,cub_train_aligned_source_to_target,5234,81,5153,0.015475735575085976,417393,0.8575850577273697,0.0,0.0,0.1
48,49,has_underparts_color::pink,pink underparts,a photo of a bird with pink underparts.,False,cub_train_aligned_source_to_target,5234,24,5210,0.0045854031333588076,125040,0.5929942418426104,1.0,0.4,0.2
49,50,has_underparts_color::orange,orange underparts,a photo of a bird with orange underparts.,False,cub_train_aligned_source_to_target,5234,189,5045,0.03611004967520061,953505,0.8305063948275049,0.0,0.4,0.3
50,51,has_underparts_color::black,black underparts,a photo of a bird with black underparts.,False,cub_train_aligned_source_to_target,5234,1024,4210,0.19564386702330913,4311040,0.7204025014845605,1.0,1.0,0.8
51,52,has_underparts_color::white,white underparts,a photo of a bird with white underparts.,False,cub_train_aligned_source_to_target,5234,2267,2967,0.43312953763851736,6726189,0.6785696179515621,1.0,1.0,1.0
52,53,has_underparts_color::red,red underparts,a photo of a bird with red underparts.,False,cub_train_aligned_source_to_target,5234,211,5023,0.04031333588077952,1059853,0.8956624173352342,0.0,0.0,0.3
53,54,has_underparts_color::buff,buff underparts,a photo of a bird with buff underparts.,False,cub_train_aligned_source_to_target,5234,1053,4181,0.20118456247611768,4402593,0.5549233145103352,1.0,0.2,0.4
54,55,has_breast_pattern::solid,solid breast,a photo of a bird with solid breast.,True,cub_train_aligned_source_to_target,5265,3154,2111,0.5990503323836657,6658094,0.4916513644895972,1.0,0.2,0.4
55,56,has_breast_pattern::spotted,spotted breast,a photo of a bird with spotted breast.,True,cub_train_aligned_source_to_target,5265,311,4954,0.059069325735992405,1540694,0.6976726072795766,0.0,0.4,0.2
56,57,has_breast_pattern::striped,striped breast,a photo of a bird with striped breast.,True,cub_train_aligned_source_to_target,5265,682,4583,0.1295346628679962,3125606,0.6472269697460269,1.0,0.4,0.3
57,58,has_breast_pattern::multi-colored,multi colored breast,a photo of a bird with multi colored breast.,True,cub_train_aligned_source_to_target,5265,1118,4147,0.2123456790123457,4636346,0.5638415467698054,1.0,0.4,0.4
58,59,has_back_color::blue,blue back,a photo of a bird with blue back.,False,cub_train_aligned_source_to_target,4530,249,4281,0.05496688741721854,1065969,0.9171931829162011,1.0,1.0,0.9
59,60,has_back_color::brown,brown back,a photo of a bird with brown back.,True,cub_train_aligned_source_to_target,4530,1105,3425,0.24392935982339956,3784625,0.7266359282623773,1.0,0.8,0.8
60,61,has_back_color::iridescent,iridescent back,a photo of a bird with iridescent back.,False,cub_train_aligned_source_to_target,4530,102,4428,0.022516556291390728,451656,0.6861704483057902,0.0,0.0,0.1
61,62,has_back_color::purple,purple back,a photo of a bird with purple back.,False,cub_train_aligned_source_to_target,4530,17,4513,0.0037527593818984547,76721,0.657082154820714,0.0,0.0,0.2
62,63,has_back_color::rufous,rufous back,a photo of a bird with rufous back.,False,cub_train_aligned_source_to_target,4530,57,4473,0.012582781456953643,254961,0.7048646655763038,0.0,0.0,0.0
63,64,has_back_color::grey,grey back,a photo of a bird with grey back.,True,cub_train_aligned_source_to_target,4530,1427,3103,0.3150110375275938,4427981,0.6487824812256421,0.0,0.8,0.7
64,65,has_back_color::yellow,yellow back,a photo of a bird with yellow back.,True,cub_train_aligned_source_to_target,4530,422,4108,0.09315673289183223,1733576,0.8966990775137634,1.0,0.8,0.8
65,66,has_back_color::olive,olive back,a photo of a bird with olive back.,False,cub_train_aligned_source_to_target,4530,196,4334,0.04326710816777042,849464,0.688771978565307,1.0,0.4,0.3
66,67,has_back_color::green,green back,a photo of a bird with green back.,False,cub_train_aligned_source_to_target,4530,87,4443,0.019205298013245033,386541,0.8357276459676981,0.0,0.0,0.1
67,68,has_back_color::pink,pink back,a photo of a bird with pink back.,False,cub_train_aligned_source_to_target,4530,20,4510,0.004415011037527594,90200,0.5283148558758315,0.0,0.0,0.0
68,69,has_back_color::orange,orange back,a photo of a bird with orange back.,False,cub_train_aligned_source_to_target,4530,94,4436,0.02075055187637969,416984,0.7107251117548875,0.0,0.2,0.1
69,70,has_back_color::black,black back,a photo of a bird with black back.,True,cub_train_aligned_source_to_target,4530,1663,2867,0.36710816777041944,4767821,0.6705271653445043,1.0,1.0,0.9
70,71,has_back_color::white,white back,a photo of a bird with white back.,True,cub_train_aligned_source_to_target,4530,893,3637,0.19713024282560707,3247841,0.6428507430012738,1.0,0.6,0.6
71,72,has_back_color::red,red back,a photo of a bird with red back.,False,cub_train_aligned_source_to_target,4530,103,4427,0.022737306843267108,455981,0.8297341336590779,0.0,0.0,0.0
72,73,has_back_color::buff,buff back,a photo of a bird with buff back.,False,cub_train_aligned_source_to_target,4530,841,3689,0.1856512141280353,3102449,0.5989695559862547,0.0,0.2,0.3
73,74,has_tail_shape::forked_tail,forked tail,a photo of a bird with forked tail.,True,cub_train_aligned_source_to_target,4586,198,4388,0.043174880069777585,868824,0.49309411342228116,1.0,0.2,0.3
74,75,has_tail_shape::rounded_tail,rounded tail,a photo of a bird with rounded tail.,True,cub_train_aligned_source_to_target,4586,652,3934,0.14217182730047973,2564968,0.5291500712679457,0.0,0.0,0.0
75,76,has_tail_shape::notched_tail,notched tail,a photo of a bird with notched tail.,True,cub_train_aligned_source_to_target,4586,1715,2871,0.373964238988225,4923765,0.559328176710302,0.0,0.4,0.5
76,77,has_tail_shape::fan-shaped_tail,fan shaped tail,a photo of a bird with fan shaped tail.,True,cub_train_aligned_source_to_target,4586,436,4150,0.09507195813344962,1809400,0.4749159942522383,0.0,0.2,0.1
77,78,has_tail_shape::pointed_tail,pointed tail,a photo of a bird with pointed tail.,True,cub_train_aligned_source_to_target,4586,1048,3538,0.2285215874400349,3707824,0.47992596196583226,0.0,0.2,0.1
78,79,has_tail_shape::squared_tail,squared tail,a photo of a bird with squared tail.,True,cub_train_aligned_source_to_target,4586,537,4049,0.11709550806803315,2174313,0.4725844439140087,1.0,0.4,0.2
79,80,has_upper_tail_color::blue,blue upper tail,a photo of a bird with blue upper tail.,False,cub_train_aligned_source_to_target,3855,214,3641,0.05551232166018158,779174,0.8962754147340646,1.0,0.8,0.9
80,81,has_upper_tail_color::brown,brown upper tail,a photo of a bird with brown upper tail.,False,cub_train_aligned_source_to_target,3855,828,3027,0.21478599221789882,2506356,0.689838953444762,1.0,0.4,0.6
81,82,has_upper_tail_color::iridescent,iridescent upper tail,a photo of a bird with iridescent upper tail.,False,cub_train_aligned_source_to_target,3855,63,3792,0.01634241245136187,238896,0.6671522336079299,0.0,0.0,0.1
82,83,has_upper_tail_color::purple,purple upper tail,a photo of a bird with purple upper tail.,False,cub_train_aligned_source_to_target,3855,16,3839,0.004150453955901427,61424,0.5490036467830164,0.0,0.0,0.0
83,84,has_upper_tail_color::rufous,rufous upper tail,a photo of a bird with rufous upper tail.,False,cub_train_aligned_source_to_target,3855,40,3815,0.010376134889753566,152600,0.7068414154652687,0.0,0.0,0.0
84,85,has_upper_tail_color::grey,grey upper tail,a photo of a bird with grey upper tail.,False,cub_train_aligned_source_to_target,3855,1070,2785,0.2775616083009079,2979950,0.590588768267924,0.0,0.4,0.4
85,86,has_upper_tail_color::yellow,yellow upper tail,a photo of a bird with yellow upper tail.,False,cub_train_aligned_source_to_target,3855,258,3597,0.0669260700389105,928026,0.850706768991386,0.0,0.2,0.3
86,87,has_upper_tail_color::olive,olive upper tail,a photo of a bird with olive upper tail.,False,cub_train_aligned_source_to_target,3855,131,3724,0.03398184176394293,487844,0.7075007584391731,1.0,0.4,0.2
87,88,has_upper_tail_color::green,green upper tail,a photo of a bird with green upper tail.,False,cub_train_aligned_source_to_target,3855,46,3809,0.011932555123216601,175214,0.7872430285251178,0.0,0.0,0.2
88,89,has_upper_tail_color::pink,pink upper tail,a photo of a bird with pink upper tail.,False,cub_train_aligned_source_to_target,3855,29,3826,0.007522697795071336,110954,0.4854714566396885,0.0,0.0,0.0
89,90,has_upper_tail_color::orange,orange upper tail,a photo of a bird with orange upper tail.,False,cub_train_aligned_source_to_target,3855,87,3768,0.022568093385214007,327816,0.6562522878688044,0.0,0.0,0.0
90,91,has_upper_tail_color::black,black upper tail,a photo of a bird with black upper tail.,False,cub_train_aligned_source_to_target,3855,1480,2375,0.383916990920882,3515000,0.6141419630156473,1.0,1.0,0.7
91,92,has_upper_tail_color::white,white upper tail,a photo of a bird with white upper tail.,False,cub_train_aligned_source_to_target,3855,730,3125,0.1893644617380026,2281250,0.581590794520548,0.0,0.2,0.3
92,93,has_upper_tail_color::red,red upper tail,a photo of a bird with red upper tail.,False,cub_train_aligned_source_to_target,3855,83,3772,0.02153047989623865,313076,0.8009109609168381,0.0,0.0,0.0
93,94,has_upper_tail_color::buff,buff upper tail,a photo of a bird with buff upper tail.,False,cub_train_aligned_source_to_target,3855,631,3224,0.16368352788586252,2034344,0.5421116094426508,0.0,0.2,0.3
94,95,has_head_pattern::spotted,spotted head,a photo of a bird with spotted head.,False,cub_train_aligned_source_to_target,5592,159,5433,0.028433476394849784,863847,0.639961706181766,0.0,0.0,0.0
95,96,has_head_pattern::malar,malar head,a photo of a bird with malar head.,False,cub_train_aligned_source_to_target,5592,558,5034,0.09978540772532189,2808972,0.5070151998667128,0.0,0.2,0.1
96,97,has_head_pattern::crested,crested head,a photo of a bird with crested head.,True,cub_train_aligned_source_to_target,5592,227,5365,0.040593705293276106,1217855,0.5860053126193184,1.0,0.6,0.4
97,98,has_head_pattern::masked,masked head,a photo of a bird with masked head.,True,cub_train_aligned_source_to_target,5592,252,5340,0.045064377682403435,1345680,0.480475670293086,0.0,0.0,0.0
98,99,has_head_pattern::unique_pattern,unique pattern head,a photo of a bird with unique pattern head.,False,cub_train_aligned_source_to_target,5592,185,5407,0.0330829756795422,1000295,0.46458894626085306,0.0,0.0,0.0
99,100,has_head_pattern::eyebrow,eyebrow head,a photo of a bird with eyebrow head.,False,cub_train_aligned_source_to_target,5592,708,4884,0.12660944206008584,3457872,0.5572310079725334,0.0,0.4,0.2
100,101,has_head_pattern::eyering,eyering head,a photo of a bird with eyering head.,True,cub_train_aligned_source_to_target,5592,926,4666,0.1655937052932761,4320716,0.5230799710048056,0.0,0.4,0.4
101,102,has_head_pattern::plain,plain head,a photo of a bird with plain head.,True,cub_train_aligned_source_to_target,5592,1537,4055,0.2748569384835479,6232535,0.518069212607711,0.0,0.0,0.3
102,103,has_head_pattern::eyeline,eyeline head,a photo of a bird with eyeline head.,True,cub_train_aligned_source_to_target,5592,670,4922,0.1198140200286123,3297740,0.5169710165143401,0.0,0.0,0.0
103,104,has_head_pattern::striped,striped head,a photo of a bird with striped head.,True,cub_train_aligned_source_to_target,5592,392,5200,0.07010014306151645,2038400,0.6397399921507064,0.0,0.0,0.1
104,105,has_head_pattern::capped,capped head,a photo of a bird with capped head.,True,cub_train_aligned_source_to_target,5592,668,4924,0.11945636623748211,3289232,0.4832850039158077,0.0,0.0,0.0
105,106,has_breast_color::blue,blue breast,a photo of a bird with blue breast.,False,cub_train_aligned_source_to_target,5317,178,5139,0.033477524920067704,914742,0.8864488566174943,0.0,0.6,0.7
106,107,has_breast_color::brown,brown breast,a photo of a bird with brown breast.,True,cub_train_aligned_source_to_target,5317,639,4678,0.12018055294338913,2989242,0.6768334581141306,0.0,0.4,0.4
107,108,has_breast_color::iridescent,iridescent breast,a photo of a bird with iridescent breast.,False,cub_train_aligned_source_to_target,5317,90,5227,0.016926838442730862,470430,0.6935388899517463,1.0,0.4,0.2
108,109,has_breast_color::purple,purple breast,a photo of a bird with purple breast.,False,cub_train_aligned_source_to_target,5317,17,5300,0.003197291705849163,90100,0.6508213096559379,0.0,0.0,0.0
109,110,has_breast_color::rufous,rufous breast,a photo of a bird with rufous breast.,False,cub_train_aligned_source_to_target,5317,77,5240,0.014481850667669738,403480,0.7100451075641915,0.0,0.2,0.1
110,111,has_breast_color::grey,grey breast,a photo of a bird with grey breast.,True,cub_train_aligned_source_to_target,5317,1084,4233,0.2038743652435584,4588572,0.6395994222167594,0.0,0.6,0.4
111,112,has_breast_color::yellow,yellow breast,a photo of a bird with yellow breast.,True,cub_train_aligned_source_to_target,5317,794,4523,0.14933233026142562,3591262,0.9192570745325738,0.0,0.8,0.8
112,113,has_breast_color::olive,olive breast,a photo of a bird with olive breast.,False,cub_train_aligned_source_to_target,5317,104,5213,0.019559902200488997,542152,0.6705923799967537,0.0,0.2,0.1
113,114,has_breast_color::green,green breast,a photo of a bird with green breast.,False,cub_train_aligned_source_to_target,5317,63,5254,0.011848786909911604,331002,0.7970102899680365,0.0,0.0,0.0
114,115,has_breast_color::pink,pink breast,a photo of a bird with pink breast.,False,cub_train_aligned_source_to_target,5317,25,5292,0.0047018995674252394,132300,0.5996296296296296,0.0,0.2,0.1
115,116,has_breast_color::orange,orange breast,a photo of a bird with orange breast.,True,cub_train_aligned_source_to_target,5317,170,5147,0.03197291705849163,874990,0.8090755322917976,0.0,0.2,0.1
116,117,has_breast_color::black,black breast,a photo of a bird with black breast.,True,cub_train_aligned_source_to_target,5317,1176,4141,0.22117735565168328,4869816,0.7509963415455533,1.0,0.8,0.6
117,118,has_breast_color::white,white breast,a photo of a bird with white breast.,True,cub_train_aligned_source_to_target,5317,2080,3237,0.39119804400978,6732960,0.6686201165609182,1.0,0.8,0.7
118,119,has_breast_color::red,red breast,a photo of a bird with red breast.,True,cub_train_aligned_source_to_target,5317,233,5084,0.043821703968403236,1184572,0.804381666964946,0.0,0.4,0.2
119,120,has_breast_color::buff,buff breast,a photo of a bird with buff breast.,False,cub_train_aligned_source_to_target,5317,996,4321,0.18732367876622155,4303716,0.7378033308889341,1.0,0.8,0.8
120,121,has_throat_color::blue,blue throat,a photo of a bird with blue throat.,False,cub_train_aligned_source_to_target,5522,182,5340,0.03295907279971025,971880,0.8506297073712804,1.0,0.6,0.6
121,122,has_throat_color::brown,brown throat,a photo of a bird with brown throat.,True,cub_train_aligned_source_to_target,5522,476,5046,0.08620065193770374,2401896,0.5964800307756872,0.0,0.2,0.3
122,123,has_throat_color::iridescent,iridescent throat,a photo of a bird with iridescent throat.,False,cub_train_aligned_source_to_target,5522,88,5434,0.01593625498007968,478192,0.6739824171044266,0.0,0.0,0.1
123,124,has_throat_color::purple,purple throat,a photo of a bird with purple throat.,False,cub_train_aligned_source_to_target,5522,28,5494,0.0050706265845708075,153832,0.7214038691559623,0.0,0.2,0.2
124,125,has_throat_color::rufous,rufous throat,a photo of a bird with rufous throat.,False,cub_train_aligned_source_to_target,5522,74,5448,0.013400941687794278,403152,0.6513870698892725,1.0,0.4,0.3
125,126,has_throat_color::grey,grey throat,a photo of a bird with grey throat.,True,cub_train_aligned_source_to_target,5522,992,4530,0.17964505613908005,4493760,0.6358957754753258,0.0,0.4,0.5
126,127,has_throat_color::yellow,yellow throat,a photo of a bird with yellow throat.,True,cub_train_aligned_source_to_target,5522,653,4869,0.11825425570445491,3179457,0.9037716188644791,1.0,0.8,0.6
127,128,has_throat_color::olive,olive throat,a photo of a bird with olive throat.,False,cub_train_aligned_source_to_target,5522,88,5434,0.01593625498007968,478192,0.6439495014554824,0.0,0.2,0.1
128,129,has_throat_color::green,green throat,a photo of a bird with green throat.,False,cub_train_aligned_source_to_target,5522,60,5462,0.010865628395508874,327720,0.825204442817039,1.0,0.2,0.2
129,130,has_throat_color::pink,pink throat,a photo of a bird with pink throat.,False,cub_train_aligned_source_to_target,5522,26,5496,0.004708438971387179,142896,0.6426771918038293,0.0,0.2,0.2
130,131,has_throat_color::orange,orange throat,a photo of a bird with orange throat.,True,cub_train_aligned_source_to_target,5522,136,5386,0.02462875769648678,732496,0.7441037220681068,0.0,0.0,0.0
131,132,has_throat_color::black,black throat,a photo of a bird with black throat.,True,cub_train_aligned_source_to_target,5522,1259,4263,0.22799710249909452,5367117,0.6017318049895316,1.0,0.8,0.5
132,133,has_throat_color::white,white throat,a photo of a bird with white throat.,True,cub_train_aligned_source_to_target,5522,2016,3506,0.36508511408909816,7068096,0.6140790249594799,1.0,0.6,0.5
133,134,has_throat_color::red,red throat,a photo of a bird with red throat.,True,cub_train_aligned_source_to_target,5522,218,5304,0.039478449837015574,1156272,0.8790518147979022,0.0,0.6,0.3
134,135,has_throat_color::buff,buff throat,a photo of a bird with buff throat.,False,cub_train_aligned_source_to_target,5522,796,4726,0.1441506700470844,3761896,0.5779630803190732,0.0,0.2,0.2
135,136,has_eye_color::blue,blue eye,a photo of a bird with blue eye.,False,cub_train_aligned_source_to_target,5527,56,5471,0.010132078885471322,306376,0.6536412773846515,0.0,0.0,0.0
136,137,has_eye_color::brown,brown eye,a photo of a bird with brown eye.,False,cub_train_aligned_source_to_target,5527,200,5327,0.03618599601954044,1065400,0.5891289656467055,0.0,0.0,0.0
137,138,has_eye_color::purple,purple eye,a photo of a bird with purple eye.,False,cub_train_aligned_source_to_target,5527,10,5517,0.0018092998009770218,55170,0.5900851912271162,0.0,0.0,0.0
138,139,has_eye_color::rufous,rufous eye,a photo of a bird with rufous eye.,False,cub_train_aligned_source_to_target,5527,67,5460,0.012122308666546046,365820,0.4843174238696627,0.0,0.0,0.0
139,140,has_eye_color::grey,grey eye,a photo of a bird with grey eye.,False,cub_train_aligned_source_to_target,5527,101,5426,0.018273927989867923,548026,0.5329582903000952,0.0,0.0,0.0
140,141,has_eye_color::yellow,yellow eye,a photo of a bird with yellow eye.,False,cub_train_aligned_source_to_target,5527,126,5401,0.022797177492310475,680526,0.4740083406071186,0.0,0.0,0.0
141,142,has_eye_color::olive,olive eye,a photo of a bird with olive eye.,False,cub_train_aligned_source_to_target,5527,17,5510,0.003075809661660937,93670,0.5065122237642788,0.0,0.0,0.0
142,143,has_eye_color::green,green eye,a photo of a bird with green eye.,False,cub_train_aligned_source_to_target,5527,3,5524,0.0005427899402931065,16572,0.5249818971759594,0.0,0.0,0.0
143,144,has_eye_color::pink,pink eye,a photo of a bird with pink eye.,False,cub_train_aligned_source_to_target,5527,23,5504,0.0041613895422471505,126592,0.33780175682507585,0.0,0.0,0.0
144,145,has_eye_color::orange,orange eye,a photo of a bird with orange eye.,False,cub_train_aligned_source_to_target,5527,69,5458,0.01248416862674145,376602,0.48558690607059973,0.0,0.0,0.0
145,146,has_eye_color::black,black eye,a photo of a bird with black eye.,False,cub_train_aligned_source_to_target,5527,4877,650,0.8823955129364935,3170050,0.5547661708805854,1.0,1.0,0.8
146,147,has_eye_color::white,white eye,a photo of a bird with white eye.,False,cub_train_aligned_source_to_target,5527,162,5365,0.029310656775827754,869130,0.4600278439358899,0.0,0.0,0.1
147,148,has_eye_color::red,red eye,a photo of a bird with red eye.,False,cub_train_aligned_source_to_target,5527,132,5395,0.02388275737289669,712140,0.3761760328025388,0.0,0.0,0.0
148,149,has_eye_color::buff,buff eye,a photo of a bird with buff eye.,False,cub_train_aligned_source_to_target,5527,89,5438,0.016102768228695497,483982,0.47392051770520394,0.0,0.0,0.0
149,150,has_bill_length::about_the_same_as_head,bill about the same length as head,a photo of a bird with bill about the same length as head.,True,cub_train_aligned_source_to_target,5667,2119,3548,0.37391918122463386,7518212,0.4887612905834526,0.0,0.2,0.3
150,151,has_bill_length::longer_than_head,bill longer than head,a photo of a bird with bill longer than head.,True,cub_train_aligned_source_to_target,5667,348,5319,0.0614081524616199,1851012,0.4750007023185155,0.0,0.2,0.2
151,152,has_bill_length::shorter_than_head,bill shorter than head,a photo of a bird with bill shorter than head.,True,cub_train_aligned_source_to_target,5667,3247,2420,0.5729662961002294,7857740,0.5402779934179548,1.0,0.6,0.7
152,153,has_forehead_color::blue,blue forehead,a photo of a bird with blue forehead.,False,cub_train_aligned_source_to_target,5515,303,5212,0.05494106980961015,1579236,0.8659218761477069,1.0,1.0,0.7
153,154,has_forehead_color::brown,brown forehead,a photo of a bird with brown forehead.,False,cub_train_aligned_source_to_target,5515,998,4517,0.18096101541251133,4507966,0.6712607193576882,0.0,0.4,0.3
154,155,has_forehead_color::iridescent,iridescent forehead,a photo of a bird with iridescent forehead.,False,cub_train_aligned_source_to_target,5515,124,5391,0.022484134179510427,668484,0.6764529891515728,0.0,0.2,0.2
155,156,has_forehead_color::purple,purple forehead,a photo of a bird with purple forehead.,False,cub_train_aligned_source_to_target,5515,32,5483,0.005802357207615594,175456,0.7335913277402881,0.0,0.2,0.1
156,157,has_forehead_color::rufous,rufous forehead,a photo of a bird with rufous forehead.,False,cub_train_aligned_source_to_target,5515,88,5427,0.015956482320942884,477576,0.7120856156925809,0.0,0.0,0.0
157,158,has_forehead_color::grey,grey forehead,a photo of a bird with grey forehead.,False,cub_train_aligned_source_to_target,5515,1181,4334,0.21414324569356302,5118454,0.6508905814138409,0.0,0.8,0.8
158,159,has_forehead_color::yellow,yellow forehead,a photo of a bird with yellow forehead.,False,cub_train_aligned_source_to_target,5515,483,5032,0.08757932910244787,2430456,0.8830857254770298,1.0,0.6,0.7
159,160,has_forehead_color::olive,olive forehead,a photo of a bird with olive forehead.,False,cub_train_aligned_source_to_target,5515,128,5387,0.023209428830462377,689536,0.5868091006125858,0.0,0.2,0.1
160,161,has_forehead_color::green,green forehead,a photo of a bird with green forehead.,False,cub_train_aligned_source_to_target,5515,53,5462,0.009610154125113327,289486,0.7427025831991875,0.0,0.2,0.1
161,162,has_forehead_color::pink,pink forehead,a photo of a bird with pink forehead.,False,cub_train_aligned_source_to_target,5515,24,5491,0.004351767905711695,131784,0.668753414678565,0.0,0.2,0.2
162,163,has_forehead_color::orange,orange forehead,a photo of a bird with orange forehead.,False,cub_train_aligned_source_to_target,5515,159,5356,0.028830462375339982,851604,0.7568282910836492,0.0,0.4,0.4
163,164,has_forehead_color::black,black forehead,a photo of a bird with black forehead.,False,cub_train_aligned_source_to_target,5515,1864,3651,0.3379873073436083,6805464,0.5920695488213589,1.0,0.6,0.7
164,165,has_forehead_color::white,white forehead,a photo of a bird with white forehead.,False,cub_train_aligned_source_to_target,5515,807,4708,0.14632819582955575,3799356,0.6796055699965994,0.0,0.6,0.5
165,166,has_forehead_color::red,red forehead,a photo of a bird with red forehead.,False,cub_train_aligned_source_to_target,5515,254,5261,0.04605621033544877,1336294,0.8821816157222887,0.0,0.2,0.4
166,167,has_forehead_color::buff,buff forehead,a photo of a bird with buff forehead.,False,cub_train_aligned_source_to_target,5515,708,4807,0.12837715321849502,3403356,0.558877913447785,0.0,0.2,0.4
167,168,has_under_tail_color::blue,blue under tail,a photo of a bird with blue under tail.,False,cub_train_aligned_source_to_target,4343,203,4140,0.04674188349067465,840420,0.913215416101473,0.0,0.6,0.5
168,169,has_under_tail_color::brown,brown under tail,a photo of a bird with brown under tail.,False,cub_train_aligned_source_to_target,4343,891,3452,0.20515772507483307,3075732,0.7065322986528085,0.0,0.6,0.5
169,170,has_under_tail_color::iridescent,iridescent under tail,a photo of a bird with iridescent under tail.,False,cub_train_aligned_source_to_target,4343,65,4278,0.014966612940363803,278070,0.666637896932427,0.0,0.0,0.0
170,171,has_under_tail_color::purple,purple under tail,a photo of a bird with purple under tail.,False,cub_train_aligned_source_to_target,4343,18,4325,0.004144600506562284,77850,0.5714964675658317,0.0,0.0,0.0
171,172,has_under_tail_color::rufous,rufous under tail,a photo of a bird with rufous under tail.,False,cub_train_aligned_source_to_target,4343,52,4291,0.011973290352291043,223132,0.645021780829285,0.0,0.0,0.0
172,173,has_under_tail_color::grey,grey under tail,a photo of a bird with grey under tail.,False,cub_train_aligned_source_to_target,4343,1213,3130,0.2793000230255584,3796690,0.6098001153636458,0.0,0.4,0.4
173,174,has_under_tail_color::yellow,yellow under tail,a photo of a bird with yellow under tail.,False,cub_train_aligned_source_to_target,4343,383,3960,0.08818788855629749,1516680,0.8492773689901627,0.0,0.4,0.5
174,175,has_under_tail_color::olive,olive under tail,a photo of a bird with olive under tail.,False,cub_train_aligned_source_to_target,4343,125,4218,0.028781947962238083,527250,0.6767633949739212,1.0,0.4,0.2
175,176,has_under_tail_color::green,green under tail,a photo of a bird with green under tail.,False,cub_train_aligned_source_to_target,4343,56,4287,0.012894312687082661,240072,0.7977877470092306,0.0,0.4,0.2
176,177,has_under_tail_color::pink,pink under tail,a photo of a bird with pink under tail.,False,cub_train_aligned_source_to_target,4343,23,4320,0.0052958784250518075,99360,0.4419585346215781,0.0,0.0,0.0
177,178,has_under_tail_color::orange,orange under tail,a photo of a bird with orange under tail.,False,cub_train_aligned_source_to_target,4343,109,4234,0.02509785862307161,461506,0.7204391708883525,0.0,0.0,0.3
178,179,has_under_tail_color::black,black under tail,a photo of a bird with black under tail.,False,cub_train_aligned_source_to_target,4343,1808,2535,0.41630209532581164,4583280,0.6228995391946379,1.0,0.6,0.7
179,180,has_under_tail_color::white,white under tail,a photo of a bird with white under tail.,False,cub_train_aligned_source_to_target,4343,1034,3309,0.23808427354363343,3421506,0.6168728039641024,1.0,0.6,0.4
180,181,has_under_tail_color::red,red under tail,a photo of a bird with red under tail.,False,cub_train_aligned_source_to_target,4343,83,4260,0.01911121344692609,353580,0.7931811754058488,0.0,0.0,0.0
181,182,has_under_tail_color::buff,buff under tail,a photo of a bird with buff under tail.,False,cub_train_aligned_source_to_target,4343,694,3649,0.15979737508634584,2532406,0.5557730474497375,0.0,0.0,0.1
182,183,has_nape_color::blue,blue nape,a photo of a bird with blue nape.,False,cub_train_aligned_source_to_target,5367,289,5078,0.053847587106390905,1467542,0.8964479381169329,1.0,1.0,0.9
183,184,has_nape_color::brown,brown nape,a photo of a bird with brown nape.,False,cub_train_aligned_source_to_target,5367,1012,4355,0.18855971678777717,4407260,0.7141641291868417,1.0,0.8,0.8
184,185,has_nape_color::iridescent,iridescent nape,a photo of a bird with iridescent nape.,False,cub_train_aligned_source_to_target,5367,119,5248,0.02217253586733743,624512,0.6492877638860423,0.0,0.0,0.3
185,186,has_nape_color::purple,purple nape,a photo of a bird with purple nape.,False,cub_train_aligned_source_to_target,5367,34,5333,0.006335010247810695,181322,0.777467709378895,1.0,0.4,0.4
186,187,has_nape_color::rufous,rufous nape,a photo of a bird with rufous nape.,False,cub_train_aligned_source_to_target,5367,80,5287,0.014905906465436929,422960,0.7355683752600719,1.0,0.4,0.2
187,188,has_nape_color::grey,grey nape,a photo of a bird with grey nape.,False,cub_train_aligned_source_to_target,5367,1427,3940,0.2658841065772312,5622380,0.6630860062820372,1.0,0.8,0.8
188,189,has_nape_color::yellow,yellow nape,a photo of a bird with yellow nape.,False,cub_train_aligned_source_to_target,5367,464,4903,0.08645425749953418,2274992,0.9111636436523732,0.0,0.8,0.7
189,190,has_nape_color::olive,olive nape,a photo of a bird with olive nape.,False,cub_train_aligned_source_to_target,5367,183,5184,0.03409726103968697,948672,0.7315974330432437,1.0,0.2,0.1
190,191,has_nape_color::green,green nape,a photo of a bird with green nape.,False,cub_train_aligned_source_to_target,5367,80,5287,0.014905906465436929,422960,0.8621760923018725,0.0,0.2,0.3
191,192,has_nape_color::pink,pink nape,a photo of a bird with pink nape.,False,cub_train_aligned_source_to_target,5367,33,5334,0.006148686416992733,176022,0.649981252343457,1.0,0.4,0.3
192,193,has_nape_color::orange,orange nape,a photo of a bird with orange nape.,False,cub_train_aligned_source_to_target,5367,126,5241,0.023476802683063163,660366,0.8012223524530336,0.0,0.2,0.2
193,194,has_nape_color::black,black nape,a photo of a bird with black nape.,False,cub_train_aligned_source_to_target,5367,1507,3860,0.28079001304266815,5817020,0.6880980295752808,1.0,1.0,0.7
194,195,has_nape_color::white,white nape,a photo of a bird with white nape.,False,cub_train_aligned_source_to_target,5367,1274,4093,0.2373765604620831,5214482,0.669482510439196,1.0,0.6,0.5
195,196,has_nape_color::red,red nape,a photo of a bird with red nape.,False,cub_train_aligned_source_to_target,5367,199,5168,0.03707844233277436,1028432,0.8869745398820729,1.0,0.6,0.4
196,197,has_nape_color::buff,buff nape,a photo of a bird with buff nape.,False,cub_train_aligned_source_to_target,5367,889,4478,0.1656418855971679,3980942,0.557375992918259,0.0,0.2,0.3
197,198,has_belly_color::blue,blue belly,a photo of a bird with blue belly.,False,cub_train_aligned_source_to_target,5144,144,5000,0.027993779160186624,720000,0.8529097222222223,0.0,0.2,0.2
198,199,has_belly_color::brown,brown belly,a photo of a bird with brown belly.,True,cub_train_aligned_source_to_target,5144,513,4631,0.09972783825816485,2375703,0.6094936951293995,1.0,0.2,0.2
199,200,has_belly_color::iridescent,iridescent belly,a photo of a bird with iridescent belly.,False,cub_train_aligned_source_to_target,5144,81,5063,0.015746500777604977,410103,0.7132037561295577,0.0,0.2,0.1
200,201,has_belly_color::purple,purple belly,a photo of a bird with purple belly.,False,cub_train_aligned_source_to_target,5144,19,5125,0.0036936236391912907,97375,0.6890372272143774,0.0,0.0,0.1
201,202,has_belly_color::rufous,rufous belly,a photo of a bird with rufous belly.,False,cub_train_aligned_source_to_target,5144,79,5065,0.015357698289269051,400135,0.7272795431541854,0.0,0.0,0.1
202,203,has_belly_color::grey,grey belly,a photo of a bird with grey belly.,True,cub_train_aligned_source_to_target,5144,996,4148,0.19362363919129083,4131408,0.6403117290763827,1.0,0.6,0.5
203,204,has_belly_color::yellow,yellow belly,a photo of a bird with yellow belly.,True,cub_train_aligned_source_to_target,5144,844,4300,0.1640746500777605,3629200,0.890180480546677,1.0,0.8,0.7
204,205,has_belly_color::olive,olive belly,a photo of a bird with olive belly.,False,cub_train_aligned_source_to_target,5144,117,5027,0.022744945567651633,588159,0.587145652791167,0.0,0.0,0.0
205,206,has_belly_color::green,green belly,a photo of a bird with green belly.,False,cub_train_aligned_source_to_target,5144,68,5076,0.013219284603421462,345168,0.8451333843229963,0.0,0.2,0.2
206,207,has_belly_color::pink,pink belly,a photo of a bird with pink belly.,False,cub_train_aligned_source_to_target,5144,31,5113,0.0060264385692068425,158503,0.528065714844514,0.0,0.2,0.1
207,208,has_belly_color::orange,orange belly,a photo of a bird with orange belly.,True,cub_train_aligned_source_to_target,5144,165,4979,0.03207620528771384,821535,0.8146871405357045,0.0,0.4,0.2
208,209,has_belly_color::black,black belly,a photo of a bird with black belly.,True,cub_train_aligned_source_to_target,5144,852,4292,0.1656298600311042,3656784,0.6552968400649314,0.0,0.2,0.2
209,210,has_belly_color::white,white belly,a photo of a bird with white belly.,True,cub_train_aligned_source_to_target,5144,2167,2977,0.4212674961119751,6451159,0.688800570564142,1.0,1.0,1.0
210,211,has_belly_color::red,red belly,a photo of a bird with red belly.,True,cub_train_aligned_source_to_target,5144,200,4944,0.038880248833592534,988800,0.8598422330097087,0.0,0.4,0.3
211,212,has_belly_color::buff,buff belly,a photo of a bird with buff belly.,False,cub_train_aligned_source_to_target,5144,948,4196,0.18429237947122862,3977808,0.545687222711604,1.0,0.4,0.3
212,213,has_wing_shape::rounded-wings,rounded wings,a photo of a bird with rounded wings.,True,cub_train_aligned_source_to_target,3830,1653,2177,0.4315926892950392,3598581,0.5383837407022379,1.0,0.4,0.5
213,214,has_wing_shape::pointed-wings,pointed wings,a photo of a bird with pointed wings.,True,cub_train_aligned_source_to_target,3830,1163,2667,0.30365535248041775,3101721,0.4897921186334941,0.0,0.2,0.3
214,215,has_wing_shape::broad-wings,broad wings,a photo of a bird with broad wings.,True,cub_train_aligned_source_to_target,3830,335,3495,0.08746736292428199,1170825,0.47499839856511433,0.0,0.0,0.0
215,216,has_wing_shape::tapered-wings,tapered wings,a photo of a bird with tapered wings.,True,cub_train_aligned_source_to_target,3830,470,3360,0.1227154046997389,1579200,0.49730306484295844,1.0,0.4,0.3
216,217,has_wing_shape::long-wings,long wings,a photo of a bird with long wings.,True,cub_train_aligned_source_to_target,3830,379,3451,0.0989556135770235,1307929,0.5951194598483557,1.0,0.2,0.3
217,218,has_size::large_(16_-_32_in),large bird,a photo of a bird with large bird.,True,cub_train_aligned_source_to_target,5794,208,5586,0.03589920607525026,1161888,0.5312775413809249,0.0,0.2,0.2
218,219,has_size::small_(5_-_9_in),small bird,a photo of a bird with small bird.,True,cub_train_aligned_source_to_target,5794,2958,2836,0.5105281325509148,8388888,0.6108868660542375,1.0,0.8,0.6
219,220,has_size::very_large_(32_-_72_in),very bird,a photo of a bird with very bird.,False,cub_train_aligned_source_to_target,5794,96,5698,0.016568864342423197,547008,0.2859619968994969,0.0,0.0,0.0
220,221,has_size::medium_(9_-_16_in),medium bird,a photo of a bird with medium bird.,True,cub_train_aligned_source_to_target,5794,1148,4646,0.1981360027614774,5333608,0.3763715856133409,0.0,0.2,0.3
221,222,has_size::very_small_(3_-_5_in),very bird,a photo of a bird with very bird.,False,cub_train_aligned_source_to_target,5794,1384,4410,0.2388677942699344,6103440,0.5531435551099052,0.0,0.0,0.2
222,223,has_shape::upright-perching_water-like,upright perching water like body shape,a photo of a bird with upright perching water like body shape.,False,cub_train_aligned_source_to_target,5794,125,5669,0.021574042112530202,708625,0.558154171811607,0.0,0.0,0.0
223,224,has_shape::chicken-like-marsh,chicken like marsh body shape,a photo of a bird with chicken like marsh body shape.,False,cub_train_aligned_source_to_target,5794,95,5699,0.016396272005522954,541405,0.5655618252509674,1.0,0.2,0.1
224,225,has_shape::long-legged-like,long legged like body shape,a photo of a bird with long legged like body shape.,False,cub_train_aligned_source_to_target,5794,64,5730,0.011045909561615464,366720,0.5273069371727749,0.0,0.0,0.0
225,226,has_shape::duck-like,duck like body shape,a photo of a bird with duck like body shape.,False,cub_train_aligned_source_to_target,5794,354,5440,0.06109768726268554,1925760,0.8792944084413427,1.0,1.0,0.7
226,227,has_shape::owl-like,owl like body shape,a photo of a bird with owl like body shape.,False,cub_train_aligned_source_to_target,5794,26,5768,0.0044874007594062825,149968,0.618925370745759,0.0,0.2,0.1
227,228,has_shape::gull-like,gull like body shape,a photo of a bird with gull like body shape.,False,cub_train_aligned_source_to_target,5794,404,5390,0.06972730410769762,2177560,0.8298903359723727,1.0,0.4,0.4
228,229,has_shape::hummingbird-like,hummingbird like body shape,a photo of a bird with hummingbird like body shape.,False,cub_train_aligned_source_to_target,5794,320,5474,0.055229547808077324,1751680,0.7019364267446109,1.0,0.4,0.6
229,230,has_shape::pigeon-like,pigeon like body shape,a photo of a bird with pigeon like body shape.,False,cub_train_aligned_source_to_target,5794,370,5424,0.0638591646530894,2006880,0.6192672207605836,0.0,0.0,0.0
230,231,has_shape::tree-clinging-like,tree clinging like body shape,a photo of a bird with tree clinging like body shape.,False,cub_train_aligned_source_to_target,5794,365,5429,0.0629962029685882,1981585,0.5802779088456967,0.0,0.0,0.0
231,232,has_shape::hawk-like,hawk like body shape,a photo of a bird with hawk like body shape.,False,cub_train_aligned_source_to_target,5794,189,5605,0.03261995167414567,1059345,0.6355096781501777,0.0,0.2,0.1
232,233,has_shape::sandpiper-like,sandpiper like body shape,a photo of a bird with sandpiper like body shape.,False,cub_train_aligned_source_to_target,5794,312,5482,0.05384880911287539,1710384,0.6120809712906575,0.0,0.4,0.2
233,234,has_shape::upland-ground-like,upland ground like body shape,a photo of a bird with upland ground like body shape.,False,cub_train_aligned_source_to_target,5794,132,5662,0.022782188470831896,747384,0.5438161641137621,0.0,0.0,0.0
234,235,has_shape::swallow-like,swallow like body shape,a photo of a bird with swallow like body shape.,False,cub_train_aligned_source_to_target,5794,211,5583,0.03641698308595098,1178013,0.5749028236530497,0.0,0.0,0.0
235,236,has_shape::perching-like,perching like body shape,a photo of a bird with perching like body shape.,False,cub_train_aligned_source_to_target,5794,2827,2967,0.4879185364169831,8387709,0.5962835620549067,1.0,0.8,0.5
236,237,has_back_pattern::solid,solid back,a photo of a bird with solid back.,True,cub_train_aligned_source_to_target,4520,2115,2405,0.46792035398230086,5086575,0.4821579353494247,0.0,0.6,0.7
237,238,has_back_pattern::spotted,spotted back,a photo of a bird with spotted back.,True,cub_train_aligned_source_to_target,4520,356,4164,0.07876106194690266,1482384,0.7451982752107417,1.0,1.0,0.9
238,239,has_back_pattern::striped,striped back,a photo of a bird with striped back.,True,cub_train_aligned_source_to_target,4520,898,3622,0.1986725663716814,3252556,0.6487136578125019,0.0,0.2,0.4
239,240,has_back_pattern::multi-colored,multi colored back,a photo of a bird with multi colored back.,True,cub_train_aligned_source_to_target,4520,1151,3369,0.25464601769911505,3877719,0.5362583003048957,0.0,0.2,0.4
240,241,has_tail_pattern::solid,solid tail,a photo of a bird with solid tail.,True,cub_train_aligned_source_to_target,4405,2077,2328,0.47150964812712826,4835256,0.48464600426533777,1.0,0.8,0.5
241,242,has_tail_pattern::spotted,spotted tail,a photo of a bird with spotted tail.,True,cub_train_aligned_source_to_target,4405,263,4142,0.05970488081725312,1089346,0.6671121939218577,1.0,0.4,0.4
242,243,has_tail_pattern::striped,striped tail,a photo of a bird with striped tail.,True,cub_train_aligned_source_to_target,4405,708,3697,0.16072644721906923,2617476,0.5792656742602416,0.0,0.0,0.2
243,244,has_tail_pattern::multi-colored,multi colored tail,a photo of a bird with multi colored tail.,True,cub_train_aligned_source_to_target,4405,1357,3048,0.3080590238365494,4136136,0.5410403574737388,0.0,0.4,0.5
244,245,has_belly_pattern::solid,solid belly,a photo of a bird with solid belly.,True,cub_train_aligned_source_to_target,5105,3321,1784,0.6505386875612145,5924664,0.4992094910361161,1.0,0.8,0.8
245,246,has_belly_pattern::spotted,spotted belly,a photo of a bird with spotted belly.,True,cub_train_aligned_source_to_target,5105,298,4807,0.0583741429970617,1432486,0.71607680633528,0.0,0.2,0.2
246,247,has_belly_pattern::striped,striped belly,a photo of a bird with striped belly.,True,cub_train_aligned_source_to_target,5105,566,4539,0.110871694417238,2569074,0.596489240870446,1.0,0.6,0.4
247,248,has_belly_pattern::multi-colored,multi colored belly,a photo of a bird with multi colored belly.,True,cub_train_aligned_source_to_target,5105,920,4185,0.1802154750244858,3850200,0.576653550464911,0.0,0.0,0.1
248,249,has_primary_color::blue,blue primary,a photo of a bird with blue primary.,False,cub_train_aligned_source_to_target,5794,367,5427,0.06334138764238868,1991709,0.870839314377753,1.0,1.0,0.9
249,250,has_primary_color::brown,brown primary,a photo of a bird with brown primary.,False,cub_train_aligned_source_to_target,5794,1437,4357,0.2480151881256472,6261009,0.6980303015057158,1.0,0.8,0.7
250,251,has_primary_color::iridescent,iridescent primary,a photo of a bird with iridescent primary.,False,cub_train_aligned_source_to_target,5794,110,5684,0.018985157059026578,625240,0.7029156803787345,0.0,0.0,0.0
251,252,has_primary_color::purple,purple primary,a photo of a bird with purple primary.,False,cub_train_aligned_source_to_target,5794,44,5750,0.0075940628236106315,253000,0.6333043478260869,0.0,0.4,0.2
252,253,has_primary_color::rufous,rufous primary,a photo of a bird with rufous primary.,False,cub_train_aligned_source_to_target,5794,107,5687,0.018467380048325856,608509,0.7300450773940895,0.0,0.0,0.0
253,254,has_primary_color::grey,grey primary,a photo of a bird with grey primary.,False,cub_train_aligned_source_to_target,5794,1728,4066,0.2982395581636175,7026048,0.670680872091964,1.0,0.6,0.7
254,255,has_primary_color::yellow,yellow primary,a photo of a bird with yellow primary.,False,cub_train_aligned_source_to_target,5794,901,4893,0.1555056955471177,4408593,0.9285168760191743,1.0,1.0,0.9
255,256,has_primary_color::olive,olive primary,a photo of a bird with olive primary.,False,cub_train_aligned_source_to_target,5794,248,5546,0.042802899551259925,1375408,0.6225432744320231,0.0,0.2,0.1
256,257,has_primary_color::green,green primary,a photo of a bird with green primary.,False,cub_train_aligned_source_to_target,5794,107,5687,0.018467380048325856,608509,0.7941131519829616,0.0,0.0,0.1
257,258,has_primary_color::pink,pink primary,a photo of a bird with pink primary.,False,cub_train_aligned_source_to_target,5794,45,5749,0.007766655160510874,258705,0.48911308246844865,0.0,0.0,0.2
258,259,has_primary_color::orange,orange primary,a photo of a bird with orange primary.,False,cub_train_aligned_source_to_target,5794,228,5566,0.03935105281325509,1269048,0.7651125095347063,0.0,0.2,0.1
259,260,has_primary_color::black,black primary,a photo of a bird with black primary.,False,cub_train_aligned_source_to_target,5794,2060,3734,0.35554021401449776,7692040,0.6427620631197966,1.0,1.0,0.8
260,261,has_primary_color::white,white primary,a photo of a bird with white primary.,False,cub_train_aligned_source_to_target,5794,1680,4114,0.2899551259924059,6911520,0.6778457560710235,1.0,0.8,0.7
261,262,has_primary_color::red,red primary,a photo of a bird with red primary.,False,cub_train_aligned_source_to_target,5794,232,5562,0.04004142216085606,1290384,0.8797784225470867,1.0,0.6,0.5
262,263,has_primary_color::buff,buff primary,a photo of a bird with buff primary.,False,cub_train_aligned_source_to_target,5794,1109,4685,0.19140490162236798,5195665,0.5347523368038547,1.0,0.6,0.6
263,264,has_leg_color::blue,blue leg,a photo of a bird with blue leg.,False,cub_train_aligned_source_to_target,4785,77,4708,0.016091954022988506,362516,0.6902453960652771,1.0,0.2,0.3
264,265,has_leg_color::brown,brown leg,a photo of a bird with brown leg.,False,cub_train_aligned_source_to_target,4785,446,4339,0.09320794148380356,1935194,0.5704503011067624,0.0,0.2,0.2
265,266,has_leg_color::iridescent,iridescent leg,a photo of a bird with iridescent leg.,False,cub_train_aligned_source_to_target,4785,22,4763,0.004597701149425287,104786,0.600958143263413,1.0,0.2,0.1
266,267,has_leg_color::purple,purple leg,a photo of a bird with purple leg.,False,cub_train_aligned_source_to_target,4785,23,4762,0.004806687565308255,109526,0.4878202435951281,0.0,0.0,0.0
267,268,has_leg_color::rufous,rufous leg,a photo of a bird with rufous leg.,False,cub_train_aligned_source_to_target,4785,66,4719,0.013793103448275862,311454,0.4493247799032923,0.0,0.0,0.0
268,269,has_leg_color::grey,grey leg,a photo of a bird with grey leg.,False,cub_train_aligned_source_to_target,4785,1467,3318,0.3065830721003135,4867506,0.4999069338589413,1.0,0.6,0.7
269,270,has_leg_color::yellow,yellow leg,a photo of a bird with yellow leg.,False,cub_train_aligned_source_to_target,4785,107,4678,0.022361546499477535,500546,0.6443184043025016,0.0,0.0,0.1
270,271,has_leg_color::olive,olive leg,a photo of a bird with olive leg.,False,cub_train_aligned_source_to_target,4785,29,4756,0.006060606060606061,137924,0.452647835039587,0.0,0.0,0.0
271,272,has_leg_color::green,green leg,a photo of a bird with green leg.,False,cub_train_aligned_source_to_target,4785,7,4778,0.0014629049111807733,33446,0.4926448603719428,0.0,0.0,0.0
272,273,has_leg_color::pink,pink leg,a photo of a bird with pink leg.,False,cub_train_aligned_source_to_target,4785,147,4638,0.030721003134796237,681786,0.5916577929144923,0.0,0.0,0.1
273,274,has_leg_color::orange,orange leg,a photo of a bird with orange leg.,False,cub_train_aligned_source_to_target,4785,478,4307,0.09989550679205851,2058746,0.5584414007361763,0.0,0.0,0.1
274,275,has_leg_color::black,black leg,a photo of a bird with black leg.,False,cub_train_aligned_source_to_target,4785,1423,3362,0.2973876698014629,4784126,0.5938632260103517,1.0,0.8,0.7
275,276,has_leg_color::white,white leg,a photo of a bird with white leg.,False,cub_train_aligned_source_to_target,4785,191,4594,0.039916405433646815,877454,0.5863817362505613,0.0,0.4,0.2
276,277,has_leg_color::red,red leg,a photo of a bird with red leg.,False,cub_train_aligned_source_to_target,4785,167,4618,0.03490073145245559,771206,0.6435355793393723,0.0,0.2,0.2
277,278,has_leg_color::buff,buff leg,a photo of a bird with buff leg.,False,cub_train_aligned_source_to_target,4785,957,3828,0.2,3663396,0.5277021648765244,0.0,0.0,0.2
278,279,has_bill_color::blue,blue bill,a photo of a bird with blue bill.,True,cub_train_aligned_source_to_target,5672,151,5521,0.02662200282087447,833671,0.7937711639243779,1.0,0.2,0.4
279,280,has_bill_color::brown,brown bill,a photo of a bird with brown bill.,True,cub_train_aligned_source_to_target,5672,488,5184,0.08603667136812412,2529792,0.6454412062335559,0.0,0.2,0.2
280,281,has_bill_color::iridescent,iridescent bill,a photo of a bird with iridescent bill.,False,cub_train_aligned_source_to_target,5672,53,5619,0.009344146685472496,297807,0.5524719029438528,0.0,0.0,0.0
281,282,has_bill_color::purple,purple bill,a photo of a bird with purple bill.,False,cub_train_aligned_source_to_target,5672,17,5655,0.002997179125528914,96135,0.6241535340926821,0.0,0.0,0.1
282,283,has_bill_color::rufous,rufous bill,a photo of a bird with rufous bill.,False,cub_train_aligned_source_to_target,5672,81,5591,0.014280677009873061,452871,0.4467994197022993,0.0,0.0,0.0
283,284,has_bill_color::grey,grey bill,a photo of a bird with grey bill.,True,cub_train_aligned_source_to_target,5672,1583,4089,0.27909026798307474,6472887,0.522500547282843,0.0,0.6,0.4
284,285,has_bill_color::yellow,yellow bill,a photo of a bird with yellow bill.,True,cub_train_aligned_source_to_target,5672,336,5336,0.05923836389280677,1792896,0.5930221273291926,0.0,0.0,0.0
285,286,has_bill_color::olive,olive bill,a photo of a bird with olive bill.,False,cub_train_aligned_source_to_target,5672,34,5638,0.005994358251057828,191692,0.6441322538238424,0.0,0.0,0.0
286,287,has_bill_color::green,green bill,a photo of a bird with green bill.,False,cub_train_aligned_source_to_target,5672,14,5658,0.002468265162200282,79212,0.6890496389435944,0.0,0.0,0.0
287,288,has_bill_color::pink,pink bill,a photo of a bird with pink bill.,False,cub_train_aligned_source_to_target,5672,53,5619,0.009344146685472496,297807,0.6304217160778625,0.0,0.0,0.2
288,289,has_bill_color::orange,orange bill,a photo of a bird with orange bill.,True,cub_train_aligned_source_to_target,5672,392,5280,0.0691114245416079,2069760,0.6057731331168831,0.0,0.0,0.0
289,290,has_bill_color::black,black bill,a photo of a bird with black bill.,True,cub_train_aligned_source_to_target,5672,2575,3097,0.453984485190409,7974775,0.6063766062365396,1.0,0.8,0.7
290,291,has_bill_color::white,white bill,a photo of a bird with white bill.,True,cub_train_aligned_source_to_target,5672,319,5353,0.05624118476727786,1707607,0.5281338153333875,0.0,0.0,0.0
291,292,has_bill_color::red,red bill,a photo of a bird with red bill.,True,cub_train_aligned_source_to_target,5672,202,5470,0.03561354019746121,1104940,0.6473012109254801,0.0,0.0,0.0
292,293,has_bill_color::buff,buff bill,a photo of a bird with buff bill.,False,cub_train_aligned_source_to_target,5672,823,4849,0.145098730606488,3990727,0.5356309765112973,0.0,0.2,0.1
293,294,has_crown_color::blue,blue crown,a photo of a bird with blue crown.,False,cub_train_aligned_source_to_target,5527,317,5210,0.057354803690971595,1651570,0.8731873308427739,1.0,1.0,1.0
294,295,has_crown_color::brown,brown crown,a photo of a bird with brown crown.,True,cub_train_aligned_source_to_target,5527,1078,4449,0.19504251854532295,4796022,0.7231401357208119,0.0,0.4,0.4
295,296,has_crown_color::iridescent,iridescent crown,a photo of a bird with iridescent crown.,False,cub_train_aligned_source_to_target,5527,129,5398,0.02333996743260358,696342,0.681449632508164,0.0,0.2,0.3
296,297,has_crown_color::purple,purple crown,a photo of a bird with purple crown.,False,cub_train_aligned_source_to_target,5527,36,5491,0.006513479283517279,197676,0.6980007689350249,1.0,0.2,0.1
297,298,has_crown_color::rufous,rufous crown,a photo of a bird with rufous crown.,False,cub_train_aligned_source_to_target,5527,97,5430,0.017550208069477113,526710,0.731104402802301,0.0,0.0,0.0
298,299,has_crown_color::grey,grey crown,a photo of a bird with grey crown.,True,cub_train_aligned_source_to_target,5527,1246,4281,0.22543875520173692,5334126,0.6609901978318472,0.0,0.6,0.5
299,300,has_crown_color::yellow,yellow crown,a photo of a bird with yellow crown.,True,cub_train_aligned_source_to_target,5527,407,5120,0.07363850189976479,2083840,0.8891198460534399,1.0,0.4,0.6
300,301,has_crown_color::olive,olive crown,a photo of a bird with olive crown.,False,cub_train_aligned_source_to_target,5527,142,5385,0.02569205717387371,764670,0.6900126852106138,0.0,0.2,0.1
301,302,has_crown_color::green,green crown,a photo of a bird with green crown.,False,cub_train_aligned_source_to_target,5527,66,5461,0.011941378686448345,360426,0.7706963426611843,1.0,0.2,0.1
302,303,has_crown_color::pink,pink crown,a photo of a bird with pink crown.,False,cub_train_aligned_source_to_target,5527,36,5491,0.006513479283517279,197676,0.640335700843805,0.0,0.0,0.2
303,304,has_crown_color::orange,orange crown,a photo of a bird with orange crown.,False,cub_train_aligned_source_to_target,5527,153,5374,0.027682286954948433,822222,0.747135201928433,1.0,0.4,0.3
304,305,has_crown_color::black,black crown,a photo of a bird with black crown.,True,cub_train_aligned_source_to_target,5527,1855,3672,0.33562511308123755,6811560,0.6024415111956732,0.0,0.6,0.7
305,306,has_crown_color::white,white crown,a photo of a bird with white crown.,True,cub_train_aligned_source_to_target,5527,712,4815,0.12882214582956397,3428280,0.6398698472703513,0.0,0.6,0.4
306,307,has_crown_color::red,red crown,a photo of a bird with red crown.,True,cub_train_aligned_source_to_target,5527,297,5230,0.05373620408901755,1553310,0.874814428542918,1.0,0.6,0.7
307,308,has_crown_color::buff,buff crown,a photo of a bird with buff crown.,False,cub_train_aligned_source_to_target,5527,718,4809,0.12990772571015016,3452862,0.5634579372126659,0.0,0.2,0.1
308,309,has_wing_pattern::solid,solid wing,a photo of a bird with solid wing.,True,cub_train_aligned_source_to_target,5175,1650,3525,0.3188405797101449,5816250,0.5100941328175371,0.0,0.2,0.3
309,310,has_wing_pattern::spotted,spotted wing,a photo of a bird with spotted wing.,True,cub_train_aligned_source_to_target,5175,430,4745,0.08309178743961353,2040350,0.7322532898767369,1.0,0.6,0.6
310,311,has_wing_pattern::striped,striped wing,a photo of a bird with striped wing.,True,cub_train_aligned_source_to_target,5175,1303,3872,0.25178743961352656,5045216,0.6278520087147904,0.0,0.2,0.4
311,312,has_wing_pattern::multi-colored,multi colored wing,a photo of a bird with multi colored wing.,True,cub_train_aligned_source_to_target,5175,1792,3383,0.346280193236715,6062336,0.5534512603722394,0.0,0.2,0.3
